{"input parameters": ["0", "0", "700", "X", "700_700", "Lagrangian"], "instance": {"facilities": 700, "customers": 700}, "times": {"total_time in s": 3620.37, "initialisation_time in s": 3435.99, "node_selection_time in s": 0.02, "implied_demands_time in s": 32.63, "bounds_time in s": 80.75, "variable_selection in s": 41.86, "greedy_heuristics_time in s": 25.1, "other_time in s": 4.02}, "nodes": {"total": 5, "pruned": 0, "infeasible": 0, "finished": 0}, "solution": {"LB": 34389.3311, "UB": 64021.6113, "gap in %": 46.28, "incumbent": [5, 10, 12, 18, 21, 28, 29, 31, 36, 50, 52, 59, 67, 69, 70, 74, 76, 79, 82, 89, 98, 100, 102, 104, 109, 137, 152, 158, 161, 164, 172, 186, 192, 198, 201, 202, 207, 231, 233, 245, 253, 255, 257, 261, 265, 271, 280, 281, 298, 299, 305, 306, 307, 310, 315, 321, 323, 326, 329, 336, 337, 342, 345, 346, 352, 359, 360, 361, 373, 374, 393, 399, 404, 412, 417, 423, 435, 436, 457, 458, 471, 476, 477, 479, 480, 486, 494, 515, 516, 525, 527, 532, 533, 534, 536, 538, 546, 552, 582, 584, 589, 596, 599, 600, 603, 605, 610, 612, 614, 615, 618, 621, 624, 625, 626, 629, 638, 641, 644, 645, 646, 662, 668, 672, 674, 682, 685, 687, 697], "memory in MB": 427.74}, "bounds": {"lower_bounds": [[32950.344, 3435.99], [33362.89236923581, 3509.15, "combined_combinatorial"], [33463.78763031071, 3556.71, "combined_combinatorial"], [34389.331118339964, 3578.79, "combined_combinatorial"]], "upper_bounds": [[64021.61125194538, 3435.99]]}}