{"input parameters": ["0", "0", "500", "X", "500_500", "no_Lagrangian"], "instance": {"facilities": 500, "customers": 500}, "times": {"total_time in s": 3603.71, "initialisation_time in s": 465.08, "node_selection_time in s": 0.34, "implied_demands_time in s": 1331.3, "bounds_time in s": 227.46, "variable_selection in s": 1233.56, "greedy_heuristics_time in s": 245.62, "other_time in s": 100.35}, "nodes": {"total": 256, "pruned": 0, "infeasible": 0, "finished": 0}, "solution": {"LB": 27968.1965, "UB": 46325.6878, "gap in %": 39.63, "incumbent": [8, 19, 20, 21, 26, 28, 30, 37, 38, 41, 42, 43, 47, 49, 54, 55, 58, 59, 61, 64, 67, 70, 75, 79, 82, 83, 96, 109, 116, 118, 119, 132, 138, 142, 148, 151, 155, 172, 176, 182, 190, 193, 195, 206, 225, 228, 229, 231, 257, 259, 264, 268, 270, 292, 294, 295, 314, 317, 318, 320, 323, 327, 337, 339, 348, 349, 360, 365, 373, 380, 383, 390, 396, 399, 406, 412, 413, 419, 420, 425, 426, 427, 428, 429, 435, 436, 437, 438, 441, 461, 463, 466, 473, 487, 488, 489, 496], "memory in MB": 6017.84}, "bounds": {"lower_bounds": [[24872.082, 465.08], [25483.065803419202, 472.67, "combined_combinatorial"], [25866.302665522027, 483.36, "combined_combinatorial"], [25919.091665522028, 487.06, "combined_combinatorial"], [26002.866693365395, 490.85, "combined_combinatorial"], [26201.535142576835, 494.71, "combined_combinatorial"], [26282.7054711929, 505.08, "combined_combinatorial"], [26288.279471192902, 515.29, "combined_combinatorial"], [26296.397886555293, 525.56, "combined_combinatorial"], [26296.39853182962, 535.8, "combined_combinatorial"], [26320.954531829622, 545.98, "combined_combinatorial"], [26423.111546578406, 556.24, "combined_combinatorial"], [26423.218471848075, 566.55, "combined_combinatorial"], [26476.17820456561, 576.79, "combined_combinatorial"], [26481.37392040434, 587.67, "combined_combinatorial"], [26582.07820456561, 597.81, "combined_combinatorial"], [26583.404348526252, 608.07, "combined_combinatorial"], [26603.82292040434, 611.84, "combined_combinatorial"], [26699.001453983878, 622.4, "combined_combinatorial"], [26723.557453983878, 632.82, "combined_combinatorial"], [26733.616294954005, 643.32, "combined_combinatorial"], [26741.73471031639, 653.79, "combined_combinatorial"], [26755.22394824771, 664.45, "combined_combinatorial"], [26755.245948247706, 685.51, "combined_combinatorial"], [26763.364363610093, 696.07, "combined_combinatorial"], [26763.365008884422, 706.58, "combined_combinatorial"], [26787.921008884423, 716.96, "combined_combinatorial"], [26825.71446873266, 727.64, "combined_combinatorial"], [26825.821394002334, 738.4, "combined_combinatorial"], [26870.600695078923, 749.12, "combined_combinatorial"], [26878.781126719867, 759.91, "combined_combinatorial"], [26890.078023633207, 770.55, "combined_combinatorial"], [26890.184948902875, 781.26, "combined_combinatorial"], [26903.333956078503, 791.86, "combined_combinatorial"], [26921.29276275808, 802.76, "combined_combinatorial"], [26943.213681620415, 813.34, "combined_combinatorial"], [26951.98935229351, 824.29, "combined_combinatorial"], [26965.445331799183, 835.31, "combined_combinatorial"], [26965.48177812065, 846.2, "combined_combinatorial"], [26965.482423394984, 857.24, "combined_combinatorial"], [26984.681126719865, 867.97, "combined_combinatorial"], [26986.007270680508, 878.93, "combined_combinatorial"], [26990.03842339498, 889.97, "combined_combinatorial"], [27004.96455829787, 900.87, "combined_combinatorial"], [27004.965203572203, 911.75, "combined_combinatorial"], [27027.19276275808, 922.89, "combined_combinatorial"], [27028.518906718724, 933.88, "combined_combinatorial"], [27048.779709827708, 945.05, "combined_combinatorial"], [27048.886635097377, 956.13, "combined_combinatorial"], [27049.113681620416, 966.94, "combined_combinatorial"], [27050.439825581056, 977.83, "combined_combinatorial"], [27092.19543814376, 989.14, "combined_combinatorial"], [27101.846367814913, 1000.35, "combined_combinatorial"], [27154.560586748095, 1011.55, "combined_combinatorial"], [27162.679002110483, 1022.87, "combined_combinatorial"], [27162.679647384815, 1034.1, "combined_combinatorial"], [27165.96793103868, 1045.33, "combined_combinatorial"], [27187.235647384816, 1056.65, "combined_combinatorial"], [27190.52393103868, 1067.91, "combined_combinatorial"], [27206.541772008804, 1079.42, "combined_combinatorial"], [27207.746367814914, 1090.82, "combined_combinatorial"], [27209.072511775554, 1102.31, "combined_combinatorial"], [27248.390370048386, 1106.09, "combined_combinatorial"], [27272.583772008806, 1117.42, "combined_combinatorial"], [27273.20361723318, 1129.05, "combined_combinatorial"], [27275.97368802775, 1140.75, "combined_combinatorial"], [27280.702187371193, 1152.2, "combined_combinatorial"], [27280.702832645526, 1163.33, "combined_combinatorial"], [27289.392662133596, 1175.02, "combined_combinatorial"], [27289.499587403265, 1186.55, "combined_combinatorial"], [27292.680945787462, 1197.88, "combined_combinatorial"], [27292.787871057135, 1209.44, "combined_combinatorial"], [27305.258832645522, 1220.71, "combined_combinatorial"], [27305.93687823276, 1232.4, "combined_combinatorial"], [27323.895684912335, 1243.99, "combined_combinatorial"], [27337.567172133728, 1255.76, "combined_combinatorial"], [27342.5283201208, 1267.36, "combined_combinatorial"], [27345.81660377467, 1278.84, "combined_combinatorial"], [27348.44851427097, 1290.59, "combined_combinatorial"], [27354.592274447765, 1302.3, "combined_combinatorial"], [27368.08534554924, 1314.06, "combined_combinatorial"], [27370.369433133306, 1325.79, "combined_combinatorial"], [27383.19983198839, 1337.6, "combined_combinatorial"], [27388.259239812884, 1349.27, "combined_combinatorial"], [27392.641345549237, 1360.99, "combined_combinatorial"], [27397.103910485974, 1372.96, "combined_combinatorial"], [27397.436926700815, 1384.68, "combined_combinatorial"], [27407.415847394306, 1396.33, "combined_combinatorial"], [27407.52277266398, 1408.1, "combined_combinatorial"], [27407.56812572646, 1419.92, "combined_combinatorial"], [27419.02482934831, 1431.61, "combined_combinatorial"], [27429.795684912337, 1443.24, "combined_combinatorial"], [27431.12182887298, 1455.3, "combined_combinatorial"], [27432.480808853987, 1467.44, "combined_combinatorial"], [27432.51725517545, 1479.49, "combined_combinatorial"], [27432.517900449784, 1491.29, "combined_combinatorial"], [27433.55368802775, 1503.49, "combined_combinatorial"], [27448.4283201208, 1515.46, "combined_combinatorial"], [27449.754464081445, 1527.22, "combined_combinatorial"], [27451.382631981964, 1539.51, "combined_combinatorial"], [27451.489557251633, 1551.55, "combined_combinatorial"], [27451.716603774672, 1563.47, "combined_combinatorial"], [27453.04274773531, 1575.27, "combined_combinatorial"], [27457.073900449785, 1587.4, "combined_combinatorial"], [27461.075505381512, 1599.13, "combined_combinatorial"], [27482.090155560283, 1611.49, "combined_combinatorial"], [27482.12660188175, 1623.52, "combined_combinatorial"], [27482.12724715608, 1635.43, "combined_combinatorial"], [27493.45420718003, 1639.53, "combined_combinatorial"], [27494.15923981288, 1651.36, "combined_combinatorial"], [27494.798360298017, 1663.5, "combined_combinatorial"], [27495.485383773528, 1675.4, "combined_combinatorial"], [27498.766363413433, 1687.47, "combined_combinatorial"], [27504.44928996917, 1699.65, "combined_combinatorial"], [27506.68324715608, 1711.71, "combined_combinatorial"], [27515.74618688251, 1723.81, "combined_combinatorial"], [27515.85311215218, 1735.86, "combined_combinatorial"], [27528.9941193278, 1748.11, "combined_combinatorial"], [27529.6299525605, 1760.22, "combined_combinatorial"], [27529.65206205909, 1772.2, "combined_combinatorial"], [27539.432499043494, 1784.53, "combined_combinatorial"], [27539.473545243934, 1796.83, "combined_combinatorial"], [27539.580470513603, 1808.74, "combined_combinatorial"], [27539.68458664428, 1821.09, "combined_combinatorial"], [27546.960926007385, 