{"input parameters": ["0", "0", "500", "X", "500_500", "Lagrangian"], "instance": {"facilities": 500, "customers": 500}, "times": {"total_time in s": 3617.77, "initialisation_time in s": 565.59, "node_selection_time in s": 0.32, "implied_demands_time in s": 772.81, "bounds_time in s": 1361.75, "variable_selection in s": 725.74, "greedy_heuristics_time in s": 133.32, "other_time in s": 58.24}, "nodes": {"total": 139, "pruned": 0, "infeasible": 0, "finished": 0}, "solution": {"LB": 27613.9968, "UB": 46325.6878, "gap in %": 40.39, "incumbent": [8, 19, 20, 21, 26, 28, 30, 37, 38, 41, 42, 43, 47, 49, 54, 55, 58, 59, 61, 64, 67, 70, 75, 79, 82, 83, 96, 109, 116, 118, 119, 132, 138, 142, 148, 151, 155, 172, 176, 182, 190, 193, 195, 206, 225, 228, 229, 231, 257, 259, 264, 268, 270, 292, 294, 295, 314, 317, 318, 320, 323, 327, 337, 339, 348, 349, 360, 365, 373, 380, 383, 390, 396, 399, 406, 412, 413, 419, 420, 425, 426, 427, 428, 429, 435, 436, 437, 438, 441, 461, 463, 466, 473, 487, 488, 489, 496], "memory in MB": 3353.86}, "bounds": {"lower_bounds": [[24872.082, 565.59], [25483.065803419202, 582.54, "combined_combinatorial"], [25866.302665522027, 602.67, "combined_combinatorial"], [25919.091665522028, 611.19, "combined_combinatorial"], [26002.866693365395, 619.72, "combined_combinatorial"], [26201.535142576835, 628.46, "combined_combinatorial"], [26282.7054711929, 648.21, "combined_combinatorial"], [26288.279471192902, 667.93, "combined_combinatorial"], [26296.397886555293, 687.75, "combined_combinatorial"], [26296.39853182962, 707.36, "combined_combinatorial"], [26320.954531829622, 727.1, "combined_combinatorial"], [26423.111546578406, 746.96, "combined_combinatorial"], [26423.218471848075, 767.01, "combined_combinatorial"], [26476.17820456561, 787.03, "combined_combinatorial"], [26481.37392040434, 807.8, "combined_combinatorial"], [26582.07820456561, 827.5, "combined_combinatorial"], [26583.404348526252, 847.49, "combined_combinatorial"], [26603.82292040434, 856.19, "combined_combinatorial"], [26699.001453983878, 876.54, "combined_combinatorial"], [26723.557453983878, 896.66, "combined_combinatorial"], [26733.616294954005, 916.98, "combined_combinatorial"], [26741.73471031639, 937.47, "combined_combinatorial"], [26755.22394824771, 958.0, "combined_combinatorial"], [26755.245948247706, 998.84, "combined_combinatorial"], [26763.364363610093, 1019.4, "combined_combinatorial"], [26763.365008884422, 1039.88, "combined_combinatorial"], [26787.921008884423, 1060.25, "combined_combinatorial"], [26825.71446873266, 1081.25, "combined_combinatorial"], [26825.821394002334, 1102.18, "combined_combinatorial"], [26870.600695078923, 1122.85, "combined_combinatorial"], [26878.781126719867, 1143.83, "combined_combinatorial"], [26890.078023633207, 1164.34, "combined_combinatorial"], [26890.184948902875, 1184.78, "combined_combinatorial"], [26903.333956078503, 1205.2, "combined_combinatorial"], [26921.29276275808, 1226.0, "combined_combinatorial"], [26943.213681620415, 1246.7, "combined_combinatorial"], [26951.98935229351, 1267.65, "combined_combinatorial"], [26965.445331799183, 1288.92, "combined_combinatorial"], [26965.48177812065, 1310.12, "combined_combinatorial"], [26965.482423394984, 1331.37, "combined_combinatorial"], [26984.681126719865, 1352.69, "combined_combinatorial"], [26986.007270680508, 1373.97, "combined_combinatorial"], [26990.03842339498, 1395.28, "combined_combinatorial"], [27004.96455829787, 1416.58, "combined_combinatorial"], [27004.965203572203, 1437.53, "combined_combinatorial"], [27027.19276275808, 1458.88, "combined_combinatorial"], [27028.518906718724, 1480.65, "combined_combinatorial"], [27048.779709827708, 1502.59, "combined_combinatorial"], [27048.886635097377, 1524.22, "combined_combinatorial"], [27049.113681620416, 1544.67, "combined_combinatorial"], [27050.439825581056, 1565.6, "combined_combinatorial"], [27092.19543814376, 1586.67, "combined_combinatorial"], [27101.846367814913, 1608.4, "combined_combinatorial"], [27154.560586748095, 1630.29, "combined_combinatorial"], [27162.679002110483, 1652.11, "combined_combinatorial"], [27162.679647384815, 1673.61, "combined_combinatorial"], [27165.96793103868, 1695.18, "combined_combinatorial"], [27187.235647384816, 1717.28, "combined_combinatorial"], [27190.52393103868, 1738.88, "combined_combinatorial"], [27206.541772008804, 1760.78, "combined_combinatorial"], [27207.746367814914, 1782.5, "combined_combinatorial"], [27209.072511775554, 1804.22, "combined_combinatorial"], [27248.390370048386, 1813.07, "combined_combinatorial"], [27272.583772008806, 1834.54, "combined_combinatorial"], [27273.20361723318, 1856.87, "combined_combinatorial"], [27275.97368802775, 1878.84, "combined_combinatorial"], [27280.702187371193, 1900.51, "combined_combinatorial"], [27280.702832645526, 1922.39, "combined_combinatorial"], [27289.392662133596, 1944.46, "combined_combinatorial"], [27289.499587403265, 1966.67, "combined_combinatorial"], [27292.680945787462, 1988.83, "combined_combinatorial"], [27292.787871057135, 2011.09, "combined_combinatorial"], [27305.258832645522, 2032.78, "combined_combinatorial"], [27305.93687823276, 2055.06, "combined_combinatorial"], [27323.895684912335, 2077.73, "combined_combinatorial"], [27337.567172133728, 2100.03, "combined_combinatorial"], [27342.5283201208, 2122.16, "combined_combinatorial"], [27345.81660377467, 2144.56, "combined_combinatorial"], [27348.44851427097, 2166.54, "combined_combinatorial"], [27354.592274447765, 2189.04, "combined_combinatorial"], [27368.08534554924, 2211.08, "combined_combinatorial"], [27370.369433133306, 2232.78, "combined_combinatorial"], [27383.19983198839, 2255.67, "combined_combinatorial"], [27388.259239812884, 2277.7, "combined_combinatorial"], [27392.641345549237, 2300.57, "combined_combinatorial"], [27397.103910485974, 2323.3, "combined_combinatorial"], [27397.436926700815, 2345.97, "combined_combinatorial"], [27407.415847394306, 2368.16, "combined_combinatorial"], [27407.52277266398, 2390.93, "combined_combinatorial"], [27407.56812572646, 2413.46, "combined_combinatorial"], [27419.02482934831, 2435.94, "combined_combinatorial"], [27429.795684912337, 2458.69, "combined_combinatorial"], [27431.12182887298, 2481.17, "combined_combinatorial"], [27432.480808853987, 2503.6, "combined_combinatorial"], [27432.51725517545, 2525.9, "combined_combinatorial"], [27432.517900449784, 2548.08, "combined_combinatorial"], [27433.55368802775, 2570.77, "combined_combinatorial"], [27448.4283201208, 2593.48, "combined_combinatorial"], [27449.754464081445, 2616.24, "combined_combinatorial"], [27451.382631981964, 2639.88, "combined_combinatorial"], [27451.489557251633, 2663.31, "combined_combinatorial"], [27451.716603774672, 2686.25, "combined_combinatorial"], [27453.04274773531, 2709.47, "combined_combinatorial"], [27457.073900449785, 2731.77, "combined_combinatorial"], [27461.075505381512, 2754.8, "combined_combinatorial"], [27482.090155560283, 2778.0, "combined_combinatorial"], [27482.12660188175, 2801.16, "combined_combinatorial"], [27482.12724715608, 2823.61, "combined_combinatorial"], [27493.45420718003, 2833.06, "combined_combinatorial"], [27494.15923981288, 2855.26, "combined_combinatorial"], [27494.798360298017, 2878.21, "combined_combinatorial"], [27495.485383773528, 2901.53, "combined_combinatorial"], [27498.766363413433, 2924.44, "combined_combinatorial"], [27504.44928996917, 2948.11, "combined_combinatorial"], [27506.68324715608, 2971.13, "combined_combinatorial"], [27515.74618688251, 2994.01, "combined_combinatorial"], [27515.85311215218, 3017.53, "combined_combinatorial"], [27528.9941193278, 3040.48, "combined_combinatorial"], [27529.6299525605, 3063.41, "combined_combinatorial"], [27529.65206205909, 3086.85, "combined_combinatorial"], [27539.432499043494, 3109.88, "combined_combinatorial"], [27539.473545243934, 3132.82, "combined_combinatorial"], [27539.580470513603, 3155.69, "combined_combinatorial"], [27539.68458664428, 3178.76, "combined_combinatorial"],