{
    "input parameters": [
        "0",
        "0",
        "300",
        "X",
        "300_300",
        "no_preprocessing"
    ],
    "instance": {
        "facilities": 300,
        "customers": 300
    },
    "times": {
        "total_time in s": 3600.13,
        "model_building_time in s": 18.21,
        "model_solving_time in s": 3581.92
    },
    "nodes": {
        "total": 217.0
    },
    "solution": {
        "LB": 15256.82,
        "UB": 22539.7646,
        "gap in %": 0.32,
        "incumbent": [
            0,
            5,
            6,
            7,
            10,
            14,
            16,
            22,
            24,
            31,
            32,
            35,
            46,
            61,
            63,
            83,
            84,
            88,
            95,
            96,
            98,
            104,
            117,
            121,
            128,
            129,
            144,
            149,
            150,
            156,
            158,
            167,
            171,
            172,
            173,
            186,
            187,
            194,
            209,
            211,
            212,
            222,
            235,
            258,
            266,
            274,
            278,
            281,
            287,
            297
        ],
        "memory in MB": 3601.52
    },
    "bounds": {
        "lower_bounds": [
            [
                0.0,
                123.67965984344482
            ],
            [
                14710.680632985912,
                489.3799698352814
            ],
            [
                14729.486322179595,
                1114.6829118728638
            ],
            [
                14904.746713668153,
                1152.7570650577545
            ],
            [
                14904.817873398159,
                1153.3498358726501
            ],
            [
                14905.346229118531,
                1154.9408569335938
            ],
            [
                14937.495336467635,
                1176.5807569026947
            ],
            [
                14937.636227655677,
                1177.1605558395386
            ],
            [
                14946.164198281473,
                1183.2325298786163
            ],
            [
                14946.472900473076,
                1184.0122590065002
            ],
            [
                14946.674974644078,
                1184.6159648895264
            ],
            [
                14973.691334176336,
                1208.709048986435
            ],
            [
                14974.268896360692,
                1209.3084659576416
            ],
            [
                14975.997994354271,
                1211.7565059661865
            ],
            [
                14976.008038527101,
                1212.0989980697632
            ],
            [
                14992.564968719349,
                1227.9630658626556
            ],
            [
                14992.593855140343,
                1228.539090871811
            ],
            [
                14992.949541045147,
                1229.9844648838043
            ],
            [
                14994.993596791479,
                1239.0705108642578
            ],
            [
                14995.167231787242,
                1239.592304944992
            ],
            [
                14995.240610955587,
                1240.3118188381195
            ],
            [
                14997.272273238927,
                1246.5347669124603
            ],
            [
                14997.312832978341,
                1247.0868740081787
            ],
            [
                14997.319477909961,
                1247.6404058933258
            ],
            [
                14998.585884121887,
                1256.4398970603943
            ],
            [
                14998.943111901774,
                1261.3340780735016
            ],
            [
                14999.456213728316,
                1263.5935220718384
            ],
            [
                14999.663942472214,
                1264.050411939621
            ],
            [
                15001.790693964436,
                1277.987401008606
            ],
            [
                15002.039076879093,
                1278.5157148838043
            ],
            [
                15002.944706222836,
                1283.9791870117188
            ],
            [
                15003.164195088884,
                1289.8579449653625
            ],
            [
                15004.884322808233,
                1293.5736129283905
            ],
            [
                15004.924457810761,
                1294.093279838562
            ],
            [
                15005.73791256365,
                1300.7603809833527
            ],
            [
                15005.81166955732,
                1301.2655999660492
            ],
            [
                15006.227169183761,
                1305.4104869365692
            ],
            [
                15006.34301178223,
                1305.9318079948425
            ],
            [
                15006.367036218588,
                1320.2295460700989
            ],
            [
                15006.407895477474,
                1362.6897149085999
            ],
            [
                15013.076693315928,
                1418.8849039077759
            ],
            [
                15013.115679082837,
                1424.364096879959
            ],
            [
                15019.3077061431,
                1456.9579980373383
            ],
            [
                15019.427175564964,
                1470.2067420482635
            ],
            [
                15084.54676286571,
                1481.2037720680237
            ],
            [
                15124.005306094758,
                1536.0421278476715
            ],
            [
                15167.527682822614,
                1556.2574388980865
            ],
            [
                15187.220449593933,
                1597.8038198947906
            ],
            [
                15187.333710293895,
                1669.6016829013824
            ],
            [
                15210.284926638768,
                1678.0126659870148
            ],
            [
                15256.820033041586,
                3433.771936893463
            ]
        ],
        "upper_bounds": [
            [
                52115.83287799959,
                127.21279096603394
            ],
            [
                28700.292559331916,
                489.62385392189026
            ],
            [
                27916.242756715703,
                491.9954149723053
            ],
            [
                26524.79356913189,
                1535.9732949733734
            ],
            [
                26193.80363056352,
                1914.770171880722
            ],
            [
                25443.04296046648,
                1923.487632036209
            ],
            [
                23902.494150579303,
                3117.094892978668
            ],
            [
                23684.669605885996,
                3304.5803048610687
            ],
            [
                22615.74811097562,
                3364.7529809474945
            ],
            [
                22539.764551998953,
                3506.672040939331
            ]
        ]
    }
}