{"input parameters": ["0", "0", "1000", "X", "1000_1000", "no_Lagrangian"], "instance": {"facilities": 1000, "customers": 1000}, "times": {"total_time in s": 21755.7, "initialisation_time in s": 6675.0, "node_selection_time in s": 1.04, "implied_demands_time in s": 5659.79, "bounds_time in s": 530.67, "variable_selection in s": 6162.28, "greedy_heuristics_time in s": 2412.53, "other_time in s": 314.39}, "nodes": {"total": 153, "pruned": 0, "infeasible": 0, "finished": 0}, "solution": {"LB": 47626.1742, "UB": 90786.5649, "gap in %": 47.54, "incumbent": [7, 21, 37, 39, 41, 44, 45, 54, 57, 59, 68, 80, 82, 89, 90, 92, 97, 101, 102, 105, 107, 108, 111, 114, 116, 126, 130, 132, 133, 135, 136, 138, 139, 144, 145, 155, 169, 172, 173, 176, 189, 197, 198, 203, 214, 215, 216, 219, 220, 222, 224, 232, 241, 253, 255, 257, 267, 271, 276, 277, 281, 284, 285, 288, 294, 304, 305, 309, 315, 318, 319, 322, 324, 327, 328, 329, 330, 331, 332, 335, 353, 356, 360, 376, 381, 388, 390, 391, 396, 398, 406, 414, 420, 422, 426, 439, 450, 452, 454, 457, 465, 467, 469, 474, 476, 480, 481, 484, 491, 500, 501, 511, 522, 527, 528, 529, 537, 541, 559, 570, 575, 579, 582, 583, 589, 591, 599, 600, 612, 615, 625, 628, 638, 643, 652, 655, 656, 659, 664, 665, 668, 673, 678, 689, 694, 695, 696, 700, 701, 705, 708, 710, 712, 719, 723, 736, 737, 740, 757, 765, 766, 769, 771, 772, 783, 788, 792, 797, 798, 799, 800, 802, 803, 808, 812, 814, 820, 841, 845, 847, 863, 868, 870, 890, 896, 903, 905, 915, 916, 931, 932, 945, 952, 957, 965, 968, 972, 985, 986], "memory in MB": 10022.13}, "bounds": {"lower_bounds": [[43629.801, 6675.0], [43800.1592558269, 6726.33, "combined_combinatorial"], [44645.21080544633, 6751.5, "combined_combinatorial"], [44716.06486734512, 6842.88, "combined_combinatorial"], [45209.28584733896, 6870.23, "combined_combinatorial"], [45451.37359943453, 6934.57, "combined_combinatorial"], [45734.91738197, 7000.04, "combined_combinatorial"], [45746.978976623155, 7066.03, "combined_combinatorial"], [45797.10445486281, 7132.52, "combined_combinatorial"], [46021.52655122028, 7199.31, "combined_combinatorial"], [46143.38189254733, 7266.42, "combined_combinatorial"], [46193.50737078698, 7333.62, "combined_combinatorial"], [46229.41745892931, 7359.24, "combined_combinatorial"], [46237.87121714056, 7427.25, "combined_combinatorial"], [46279.54293716896, 7453.16, "combined_combinatorial"], [46287.99669538021, 7521.37, "combined_combinatorial"], [46417.92946714446, 7590.01, "combined_combinatorial"], [46426.48864504177, 7616.35, "combined_combinatorial"], [46476.614123281426, 7642.5, "combined_combinatorial"], [46509.60703352644, 7669.15, "combined_combinatorial"], [46512.418791737684, 7696.12, "combined_combinatorial"], [46702.14143205778, 7764.4, "combined_combinatorial"], [46702.172049334906, 7832.21, "combined_combinatorial"], [46752.26691029743, 7901.24, "combined_combinatorial"], [46758.51411399951, 8067.76, "combined_combinatorial"], [46782.91175706657, 8095.01, "combined_combinatorial"], [46808.63959223916, 8121.97, "combined_combinatorial"], [46831.7875787537, 8193.06, "combined_combinatorial"], [46837.46019603082, 8264.58, "combined_combinatorial"], [46837.46783129135, 8336.66, "combined_combinatorial"], [46861.13312234467, 8364.32, "combined_combinatorial"], [46864.52583129135, 8392.18, "combined_combinatorial"], [46887.747242323305, 8463.82, "combined_combinatorial"], [46937.87272056296, 8534.85, "combined_combinatorial"], [46973.514916197906, 8565.27, "combined_combinatorial"], [46976.92367618151, 8725.73, "combined_combinatorial"], [47007.91167618151, 8845.04, "combined_combinatorial"], [47018.283990422686, 8876.26, "combined_combinatorial"], [47030.94499042268, 8948.69, "combined_combinatorial"], [47032.64867022452, 9021.2, "combined_combinatorial"], [47077.88290101552, 9094.68, "combined_combinatorial"], [47077.913518292655, 9168.53, "combined_combinatorial"], [47082.774148464174, 9242.23, "combined_combinatorial"], [47113.76214846417, 9270.28, "combined_combinatorial"], [47128.008379255174, 9344.8, "combined_combinatorial"], [47128.038996532305, 9421.26, "combined_combinatorial"], [47155.09699653231, 9449.46, "combined_combinatorial"], [47167.936816920424, 9525.34, "combined_combinatorial"], [47167.94445218096, 9601.05, "combined_combinatorial"], [47185.92542649581, 9676.4, "combined_combinatorial"], [47195.00245218096, 9705.39, "combined_combinatorial"], [47198.51483531284, 9735.5, "combined_combinatorial"], [47209.0914030385, 9887.66, "combined_combinatorial"], [47232.50912234467, 9917.36, "combined_combinatorial"], [47238.05022708395, 9994.09, "combined_combinatorial"], [47239.45475961489, 10022.81, "combined_combinatorial"], [47251.88682435844, 10100.92, "combined_combinatorial"], [47251.890847807066, 10177.15, "combined_combinatorial"], [47254.45450072059, 10567.97, "combined_combinatorial"], [47272.26764840389, 10647.86, "combined_combinatorial"], [47277.41273500843, 10677.11, "combined_combinatorial"], [47287.27334223771, 10787.37, "combined_combinatorial"], [47290.28554074625, 10816.95, "combined_combinatorial"], [47304.21130130873, 10897.88, "combined_combinatorial"], [47304.3653075955, 10927.93, "combined_combinatorial"], [47307.77406757911, 11091.59, "combined_combinatorial"], [47308.85515566364, 11121.39, "combined_combinatorial"], [47309.913833839666, 11151.68, "combined_combinatorial"], [47321.516155663645, 11234.71, "combined_combinatorial"], [47323.78553080074, 11265.62, "combined_combinatorial"], [47334.84280923322, 11295.96, "combined_combinatorial"], [47337.39882047736, 11410.65, "combined_combinatorial"], [47338.762067579104, 11443.07, "combined_combinatorial"], [47346.03548780448, 11525.17, "combined_combinatorial"], [47348.76061131229, 11555.42, "combined_combinatorial"], [47353.03891564724, 11638.59, "combined_combinatorial"], [47361.4216113123, 11723.45, "combined_combinatorial"], [47361.92910467804, 11809.45, "combined_combinatorial"], [47368.38682047737, 11926.99, "combined_combinatorial"], [47368.44895014945, 11958.08, "combined_combinatorial"], [47375.23997047813, 12129.12, "combined_combinatorial"], [47376.01490912442, 12215.22, "combined_combinatorial"], [47380.09691564724, 12246.73, "combined_combinatorial"], [47380.59447726328, 12332.88, "combined_combinatorial"], [47392.91710467805, 12364.06, "combined_combinatorial"], [47399.43695014945, 12395.95, "combined_combinatorial"], [47401.08126893584, 12482.09, "combined_combinatorial"], [47401.08957555181, 12568.8, "combined_combinatorial"], [47401.174258143015, 12656.12, "combined_combinatorial"], [47408.39013918226, 13006.69, "combined_combinatorial"], [47410.92534561074, 13095.17, "combined_combinatorial"], [47416.49456202926, 13184.28, "combined_combinatorial"], [47416.91948893362, 13274.82, "combined_combinatorial"], [47423.38989858322, 13363.65, "combined_combinatorial"], [47423.39392203184, 13452.76, "combined_combinatorial"], [47430.14346319803, 13632.64, "combined_combinatorial"], [47434.091322153436, 13720.72, "combined_combinatorial"], [47434.58125899033, 13833.94, "combined_combinatorial"], [47434.65494158154, 13925.46, "combined_combinatorial"], [47449.61948893362, 13966.93, "combined_combinatorial"], [47454.05494158153, 14073.68, "combined_combinatorial"], [47458.515617421916, 14164.03, "combined_combinatorial"], [47463.05014619889, 14254.6, "combined_combinatorial"], [47464.454678729824, 14286.57, "combined_combinatorial"], [47472.938884517964, 14375.05, "combined_combinatorial"], [47472.9429079666, 14463.31, "combined_combinatorial"], [47476.88674347337, 14817.32, "combined_combinatorial"], [47476.890766922006, 14905.72, "combined_combinatorial"], [47478.52822708395, 15295.39, "combined_combinatorial"], [47485.57361742191, 15327.78, "combined_combinatorial"], [47487.19976691482, 15419.94, "combined_combinatorial"], [47488.3395618598, 15695.34, "combined_combinatorial"], [47491.79245651641, 15786.05, "combined_combinatorial"], [47494.7029803196, 15876.09, 