{"input parameters": ["0", "0", "1000", "X", "1000_1000", "Lagrangian"], "instance": {"facilities": 1000, "customers": 1000}, "times": {"total_time in s": 28314.66, "initialisation_time in s": 6662.67, "node_selection_time in s": 1.03, "implied_demands_time in s": 5498.43, "bounds_time in s": 7472.24, "variable_selection in s": 5989.04, "greedy_heuristics_time in s": 2384.81, "other_time in s": 306.44}, "nodes": {"total": 151, "pruned": 0, "infeasible": 0, "finished": 0}, "solution": {"LB": 47626.0895, "UB": 90786.5649, "gap in %": 47.54, "incumbent": [7, 21, 37, 39, 41, 44, 45, 54, 57, 59, 68, 80, 82, 89, 90, 92, 97, 101, 102, 105, 107, 108, 111, 114, 116, 126, 130, 132, 133, 135, 136, 138, 139, 144, 145, 155, 169, 172, 173, 176, 189, 197, 198, 203, 214, 215, 216, 219, 220, 222, 224, 232, 241, 253, 255, 257, 267, 271, 276, 277, 281, 284, 285, 288, 294, 304, 305, 309, 315, 318, 319, 322, 324, 327, 328, 329, 330, 331, 332, 335, 353, 356, 360, 376, 381, 388, 390, 391, 396, 398, 406, 414, 420, 422, 426, 439, 450, 452, 454, 457, 465, 467, 469, 474, 476, 480, 481, 484, 491, 500, 501, 511, 522, 527, 528, 529, 537, 541, 559, 570, 575, 579, 582, 583, 589, 591, 599, 600, 612, 615, 625, 628, 638, 643, 652, 655, 656, 659, 664, 665, 668, 673, 678, 689, 694, 695, 696, 700, 701, 705, 708, 710, 712, 719, 723, 736, 737, 740, 757, 765, 766, 769, 771, 772, 783, 788, 792, 797, 798, 799, 800, 802, 803, 808, 812, 814, 820, 841, 845, 847, 863, 868, 870, 890, 896, 903, 905, 915, 916, 931, 932, 945, 952, 957, 965, 968, 972, 985, 986], "memory in MB": 10014.44}, "bounds": {"lower_bounds": [[43629.801, 6662.67], [43800.1592558269, 6752.45, "combined_combinatorial"], [44645.21080544633, 6796.78, "combined_combinatorial"], [44716.06486734512, 6947.11, "combined_combinatorial"], [45209.28584733896, 6991.82, "combined_combinatorial"], [45451.37359943453, 7095.46, "combined_combinatorial"], [45734.91738197, 7198.46, "combined_combinatorial"], [45746.978976623155, 7302.22, "combined_combinatorial"], [45797.10445486281, 7406.25, "combined_combinatorial"], [46021.52655122028, 7510.85, "combined_combinatorial"], [46143.38189254733, 7614.78, "combined_combinatorial"], [46193.50737078698, 7719.55, "combined_combinatorial"], [46229.41745892931, 7764.33, "combined_combinatorial"], [46237.87121714056, 7868.91, "combined_combinatorial"], [46279.54293716896, 7913.75, "combined_combinatorial"], [46287.99669538021, 8019.27, "combined_combinatorial"], [46417.92946714446, 8126.31, "combined_combinatorial"], [46426.48864504177, 8171.59, "combined_combinatorial"], [46476.614123281426, 8216.57, "combined_combinatorial"], [46509.60703352644, 8262.03, "combined_combinatorial"], [46512.418791737684, 8307.97, "combined_combinatorial"], [46702.14143205778, 8413.5, "combined_combinatorial"], [46702.172049334906, 8518.06, "combined_combinatorial"], [46752.26691029743, 8636.74, "combined_combinatorial"], [46758.51411399951, 8918.18, "combined_combinatorial"], [46782.91175706657, 8962.84, "combined_combinatorial"], [46808.63959223916, 9008.16, "combined_combinatorial"], [46831.7875787537, 9115.04, "combined_combinatorial"], [46837.46019603082, 9221.93, "combined_combinatorial"], [46837.46783129135, 9330.11, "combined_combinatorial"], [46861.13312234467, 9376.72, "combined_combinatorial"], [46864.52583129135, 9424.26, "combined_combinatorial"], [46887.747242323305, 9532.7, "combined_combinatorial"], [46937.87272056296, 9641.11, "combined_combinatorial"], [46973.514916197906, 9686.98, "combined_combinatorial"], [46976.92367618151, 9904.81, "combined_combinatorial"], [47007.91167618151, 10060.42, "combined_combinatorial"], [47018.283990422686, 10106.8, "combined_combinatorial"], [47030.94499042268, 10216.82, "combined_combinatorial"], [47032.64867022452, 10326.88, "combined_combinatorial"], [47077.88290101552, 10441.04, "combined_combinatorial"], [47077.913518292655, 10553.11, "combined_combinatorial"], [47082.774148464174, 10664.75, "combined_combinatorial"], [47113.76214846417, 10713.3, "combined_combinatorial"], [47128.008379255174, 10826.0, "combined_combinatorial"], [47128.038996532305, 10939.7, "combined_combinatorial"], [47155.09699653231, 10987.38, "combined_combinatorial"], [47167.936816920424, 11102.16, "combined_combinatorial"], [47167.94445218096, 11218.93, "combined_combinatorial"], [47185.92542649581, 11333.42, "combined_combinatorial"], [47195.00245218096, 11381.74, "combined_combinatorial"], [47198.51483531284, 11430.85, "combined_combinatorial"], [47209.0914030385, 11656.87, "combined_combinatorial"], [47232.50912234467, 11707.05, "combined_combinatorial"], [47238.05022708395, 11824.98, "combined_combinatorial"], [47239.45475961489, 11873.13, "combined_combinatorial"], [47251.88682435844, 11989.33, "combined_combinatorial"], [47251.890847807066, 12105.47, "combined_combinatorial"], [47254.45450072059, 12695.22, "combined_combinatorial"], [47272.26764840389, 12814.99, "combined_combinatorial"], [47277.41273500843, 12864.52, "combined_combinatorial"], [47287.27334223771, 13033.3, "combined_combinatorial"], [47290.28554074625, 13082.48, "combined_combinatorial"], [47304.21130130873, 13203.85, "combined_combinatorial"], [47304.3653075955, 13252.85, "combined_combinatorial"], [47307.77406757911, 13493.75, "combined_combinatorial"], [47308.85515566364, 13543.23, "combined_combinatorial"], [47309.913833839666, 13593.27, "combined_combinatorial"], [47321.516155663645, 13713.3, "combined_combinatorial"], [47323.78553080074, 13770.07, "combined_combinatorial"], [47334.84280923322, 13827.88, "combined_combinatorial"], [47337.39882047736, 14016.29, "combined_combinatorial"], [47338.762067579104, 14071.06, "combined_combinatorial"], [47346.03548780448, 14190.32, "combined_combinatorial"], [47348.76061131229, 14239.72, "combined_combinatorial"], [47353.03891564724, 14360.53, "combined_combinatorial"], [47361.4216113123, 14479.69, "combined_combinatorial"], [47361.92910467804, 14598.42, "combined_combinatorial"], [47368.38682047737, 14766.56, "combined_combinatorial"], [47368.44895014945, 14815.28, "combined_combinatorial"], [47375.23997047813, 15053.04, "combined_combinatorial"], [47376.01490912442, 15172.42, "combined_combinatorial"], [47380.09691564724, 15222.02, "combined_combinatorial"], [47380.59447726328, 15341.48, "combined_combinatorial"], [47392.91710467805, 15390.4, "combined_combinatorial"], [47399.43695014945, 15439.94, "combined_combinatorial"], [47401.08126893584, 15560.11, "combined_combinatorial"], [47401.08957555181, 15680.25, "combined_combinatorial"], [47401.174258143015, 15801.52, "combined_combinatorial"], [47408.39013918226, 16286.5, "combined_combinatorial"], [47410.92534561074, 16409.25, "combined_combinatorial"], [47416.49456202926, 16532.81, "combined_combinatorial"], [47416.91948893362, 16657.51, "combined_combinatorial"], [47423.38989858322, 16779.98, "combined_combinatorial"], [47423.39392203184, 16903.33, "combined_combinatorial"], [47430.14346319803, 17149.85, "combined_combinatorial"], [47434.091322153436, 17273.18, "combined_combinatorial"], [47434.58125899033, 17398.42, "combined_combinatorial"], [47434.65494158154, 17523.56, "combined_combinatorial"], [47449.61948893362, 17574.56, "combined_combinatorial"], [47454.05494158153, 17699.88, "combined_combinatorial"], [47458.515617421916, 17826.35, "combined_combinatorial"], [47463.05014619889, 17952.81, "combined_combinatorial"], [47464.454678729824, 18002.54, "combined_combinatorial"], [47472.938884517964, 18127.77, "combined_combinatorial"], [47472.9429079666, 18252.53, "combined_combinatorial"], [47476.88674347337, 18752.6, "combined_combinatorial"], [47476.890766922006, 18878.19, "combined_combinatorial"], [47478.52822708395, 19431.85, "combined_combinatorial"], [47485.57361742191, 19483.21, "combined_combinatorial"], [47487.19976691482, 19612.18, "combined_combinatorial"], [47488.3395618598, 19998.39, "combined_combinatorial"], [47491.79245651641, 20125.37, "combined_combinatorial"], [47494.7029803196, 20252.06, 