{"input parameters": ["0", "0", "700", "X", "700_700", "no_Lagrangian"], "instance": {"facilities": 700, "customers": 700}, "times": {"total_time in s": 3602.42, "initialisation_time in s": 1326.79, "node_selection_time in s": 0.2, "implied_demands_time in s": 796.48, "bounds_time in s": 109.59, "variable_selection in s": 873.32, "greedy_heuristics_time in s": 431.58, "other_time in s": 64.45}, "nodes": {"total": 95, "pruned": 0, "infeasible": 0, "finished": 0}, "solution": {"LB": 35410.9449, "UB": 63775.4538, "gap in %": 44.48, "incumbent": [5, 10, 12, 18, 20, 21, 28, 29, 31, 36, 50, 52, 59, 67, 69, 70, 74, 76, 82, 89, 92, 98, 100, 102, 104, 109, 137, 152, 158, 161, 164, 172, 186, 192, 198, 201, 202, 207, 233, 245, 255, 257, 261, 265, 271, 280, 281, 283, 298, 299, 305, 306, 307, 310, 315, 321, 323, 326, 329, 334, 336, 337, 342, 345, 346, 352, 359, 360, 361, 373, 374, 393, 399, 404, 412, 417, 423, 435, 436, 450, 457, 458, 471, 476, 477, 479, 486, 494, 515, 516, 525, 527, 532, 533, 534, 536, 538, 546, 552, 584, 589, 596, 598, 599, 600, 603, 605, 610, 614, 615, 618, 621, 624, 625, 626, 629, 635, 638, 641, 644, 645, 646, 662, 668, 672, 674, 682, 687, 697], "memory in MB": 4391.66}, "bounds": {"lower_bounds": [[32950.344, 1326.79], [33362.89236923581, 1359.23, "combined_combinatorial"], [33463.78763031071, 1380.4, "combined_combinatorial"], [34389.331118339964, 1389.52, "combined_combinatorial"], [34404.85711833996, 1410.74, "combined_combinatorial"], [34417.40028712212, 1420.21, "combined_combinatorial"], [34475.75852604768, 1451.02, "combined_combinatorial"], [34484.03752604768, 1473.81, "combined_combinatorial"], [34496.580694829834, 1483.69, "combined_combinatorial"], [34545.90447977472, 1528.07, "combined_combinatorial"], [34625.17688748244, 1572.68, "combined_combinatorial"], [34625.682479774725, 1594.37, "combined_combinatorial"], [34646.44647977472, 1615.74, "combined_combinatorial"], [34680.25135080607, 1625.12, "combined_combinatorial"], [34748.664632860804, 1646.13, "combined_combinatorial"], [34778.062993856845, 1688.13, "combined_combinatorial"], [34778.12299385684, 1731.78, "combined_combinatorial"], [34798.886993856846, 1753.49, "combined_combinatorial"], [34808.24517395914, 1775.6, "combined_combinatorial"], [34808.320931314986, 1797.76, "combined_combinatorial"], [34868.553931314986, 1838.6, "combined_combinatorial"], [34901.61788748245, 1862.56, "combined_combinatorial"], [34923.08093131498, 1880.98, "combined_combinatorial"], [34951.108598953404, 1903.86, "combined_combinatorial"], [34952.66493131498, 1922.02, "combined_combinatorial"], [34960.68568804126, 1944.41, "combined_combinatorial"], [34971.87259895341, 1989.84, "combined_combinatorial"], [35008.465907843565, 2012.9, "combined_combinatorial"], [35016.65864641935, 2035.42, "combined_combinatorial"], [35020.91868804126, 2054.67, "combined_combinatorial"], [35023.393040568524, 2078.85, "combined_combinatorial"], [35030.381006661126, 2103.78, "combined_combinatorial"], [35062.088907843565, 2126.78, "combined_combinatorial"], [35068.901589445835, 2137.3, "combined_combinatorial"], [35068.94358944584, 2162.17, "combined_combinatorial"], [35075.44568804126, 2181.22, "combined_combinatorial"], [35100.242589445836, 2206.0, "combined_combinatorial"], [35105.029688041264, 2224.78, "combined_combinatorial"], [35118.973646419356, 2247.35, "combined_combinatorial"], [35133.67129313783, 2271.14, "combined_combinatorial"], [35148.55764641935, 2340.77, "combined_combinatorial"], [35169.02340314563, 2364.62, "combined_combinatorial"], [35193.61974253192, 2374.78, "combined_combinatorial"], [35193.66174253191, 2399.56, "combined_combinatorial"], [35193.90429313783, 2420.03, "combined_combinatorial"], [35213.19106092965, 2443.56, "combined_combinatorial"], [35216.742396236674, 2468.74, "combined_combinatorial"], [35223.136103527955, 2493.93, "combined_combinatorial"], [35228.374532946815, 2503.8, "combined_combinatorial"], [35228.38218410422, 2551.03, "combined_combinatorial"], [35231.498103527956, 2576.84, "combined_combinatorial"], [35231.558103527954, 2602.77, "combined_combinatorial"], [35237.506396236684, 2628.0, "combined_combinatorial"], [35248.43129313782, 2648.69, "combined_combinatorial"], [35249.146184104226, 2672.53, "combined_combinatorial"], [35249.407006661124, 2698.85, "combined_combinatorial"], [35253.155103527955, 2724.5, "combined_combinatorial"], [35262.04128363026, 2750.82, "combined_combinatorial"], [35262.11704098609, 2776.92, "combined_combinatorial"], [35266.814060929646, 2826.65, "combined_combinatorial"], [35271.33840314563, 2850.33, "combined_combinatorial"], [35278.015293137825, 2870.72, "combined_combinatorial"], [35278.8322723357, 2895.94, "combined_combinatorial"], [35299.46723264933, 2920.62, "combined_combinatorial"], [35299.52723264933, 2970.54, "combined_combinatorial"], [35299.5962723357, 2995.44, "combined_combinatorial"], [35300.92240314563, 3018.52, "combined_combinatorial"], [35304.094452438, 3043.9, "combined_combinatorial"], [35316.74490784357, 3093.82, "combined_combinatorial"], [35320.29123264933, 3119.04, "combined_combinatorial"], [35320.458208941294, 3143.63, "combined_combinatorial"], [35323.1180409861, 3167.07, "combined_combinatorial"], [35333.00137772345, 3177.73, "combined_combinatorial"], [35341.12454932276, 3227.88, "combined_combinatorial"], [35342.009008242196, 3253.06, "combined_combinatorial"], [35355.43304098609, 3276.71, "combined_combinatorial"], [35364.327452437996, 3299.01, "combined_combinatorial"], [35367.171823424986, 3320.84, "combined_combinatorial"], [35370.5229103188, 3369.28, "combined_combinatorial"], [35370.5829103188, 3423.3, "combined_combinatorial"], [35391.346910318796, 3450.14, "combined_combinatorial"], [35399.3050904211, 3476.95, "combined_combinatorial"], [35399.38084777694, 3503.88, "combined_combinatorial"], [35406.926377723445, 3555.65, "combined_combinatorial"], [35410.94487828865, 3581.11, "combined_combinatorial"]], "upper_bounds": [[64021.61125194538, 1326.79]]}}