{"input parameters": ["0", "1", "500", "X", "500_500", "no_Lagrangian"], "instance": {"facilities": 500, "customers": 500}, "times": {"total_time in s": 3622.75, "initialisation_time in s": 517.98, "node_selection_time in s": 0.02, "implied_demands_time in s": 2579.8, "bounds_time in s": 74.69, "variable_selection in s": 346.65, "greedy_heuristics_time in s": 98.66, "other_time in s": 4.94}, "nodes": {"total": 16, "pruned": 0, "infeasible": 0, "finished": 0}, "solution": {"LB": 19639.2834, "UB": 41929.5594, "gap in %": 53.16, "incumbent": [0, 2, 9, 21, 22, 23, 26, 28, 37, 38, 46, 55, 56, 59, 65, 67, 68, 72, 75, 76, 79, 86, 101, 109, 116, 131, 138, 142, 145, 161, 168, 169, 170, 182, 188, 190, 204, 205, 206, 211, 227, 231, 244, 270, 274, 279, 281, 293, 294, 300, 317, 318, 320, 323, 326, 327, 337, 348, 349, 357, 365, 371, 383, 390, 394, 396, 398, 399, 400, 401, 406, 412, 414, 417, 420, 425, 427, 428, 429, 433, 435, 436, 437, 438, 441, 442, 449, 463, 466, 478, 490, 491, 496], "memory in MB": 425.9}, "bounds": {"lower_bounds": [[19567.257, 517.98], [19567.365, 1306.58, "combined_combinatorial"], [19567.9, 1564.91, "combined_combinatorial"], [19584.545, 1822.23, "combined_combinatorial"], [19585.955, 2083.0, "combined_combinatorial"], [19588.672, 2334.11, "combined_combinatorial"], [19639.045379, 2999.63, "combined_combinatorial"], [19639.207379, 3156.32, "combined_combinatorial"], [19639.245379, 3313.66, "combined_combinatorial"], [19639.283379, 3468.58, "combined_combinatorial"]], "upper_bounds": [[45238.129890000004, 517.98]]}}