{"input parameters": ["0", "1", "300", "X", "300_300", "Lagrangian"], "instance": {"facilities": 300, "customers": 300}, "times": {"total_time in s": 3606.68, "initialisation_time in s": 60.15, "node_selection_time in s": 0.16, "implied_demands_time in s": 1345.51, "bounds_time in s": 1628.83, "variable_selection in s": 405.86, "greedy_heuristics_time in s": 149.53, "other_time in s": 16.63}, "nodes": {"total": 158, "pruned": 0, "infeasible": 0, "finished": 0}, "solution": {"LB": 12317.5525, "UB": 21261.0273, "gap in %": 42.07, "incumbent": [4, 5, 6, 7, 9, 10, 11, 15, 16, 31, 35, 46, 61, 70, 84, 95, 96, 99, 104, 108, 109, 111, 129, 131, 150, 152, 153, 161, 165, 171, 172, 186, 187, 194, 199, 207, 209, 211, 217, 232, 236, 245, 254, 256, 257, 266, 274, 281, 283, 287, 288, 297], "memory in MB": 913.27}, "bounds": {"lower_bounds": [[12049.668, 60.15], [12076.694405, 143.51, "combined_combinatorial"], [12076.766405, 280.96, "combined_combinatorial"], [12077.528405000001, 352.24, "combined_combinatorial"], [12107.520645999999, 380.33, "combined_combinatorial"], [12170.410742, 401.57, "combined_combinatorial"], [12172.351742, 422.7, "combined_combinatorial"], [12185.983, 469.93, "combined_combinatorial"], [12186.584845000001, 533.81, "combined_combinatorial"], [12186.947, 630.12, "combined_combinatorial"], [12187.347, 674.09, "combined_combinatorial"], [12187.679, 719.18, "combined_combinatorial"], [12187.935, 847.81, "combined_combinatorial"], [12190.239845, 905.68, "combined_combinatorial"], [12190.581, 945.01, "combined_combinatorial"], [12192.115, 984.06, "combined_combinatorial"], [12193.54, 1021.63, "combined_combinatorial"], [12193.856, 1058.66, "combined_combinatorial"], [12200.457, 1131.17, "combined_combinatorial"], [12200.601, 1167.59, "combined_combinatorial"], [12202.305, 1203.45, "combined_combinatorial"], [12203.313, 1272.62, "combined_combinatorial"], [12203.502, 1306.39, "combined_combinatorial"], [12206.264, 1437.65, "combined_combinatorial"], [12206.788845000001, 1454.25, "combined_combinatorial"], [12207.316845000001, 1486.07, "combined_combinatorial"], [12213.147, 1518.41, "combined_combinatorial"], [12214.897, 1550.45, "combined_combinatorial"], [12220.591845, 1654.95, "combined_combinatorial"], [12225.406845000001, 1699.24, "combined_combinatorial"], [12227.675845, 1713.84, "combined_combinatorial"], [12227.879845000001, 1756.43, "combined_combinatorial"], [12228.041845, 1810.72, "combined_combinatorial"], [12229.191, 1852.93, "combined_combinatorial"], [12231.473, 1881.33, "combined_combinatorial"], [12231.763, 1936.7, "combined_combinatorial"], [12231.774, 2016.78, "combined_combinatorial"], [12235.210165999999, 2045.38, "combined_combinatorial"], [12242.478742, 2094.81, "combined_combinatorial"], [12245.848742, 2115.71, "combined_combinatorial"], [12246.554658, 2140.93, "combined_combinatorial"], [12255.134383, 2152.56, "combined_combinatorial"], [12255.602383, 2174.66, "combined_combinatorial"], [12264.366742, 2193.79, "combined_combinatorial"], [12264.726742, 2212.57, "combined_combinatorial"], [12264.822742, 2230.79, "combined_combinatorial"], [12264.878742, 2267.73, "combined_combinatorial"], [12265.094742, 2284.78, "combined_combinatorial"], [12267.609976000002, 2305.19, "combined_combinatorial"], [12271.005407, 2328.15, "combined_combinatorial"], [12271.966407, 2350.47, "combined_combinatorial"], [12274.696742, 2367.65, "combined_combinatorial"], [12274.801742, 2434.7, "combined_combinatorial"], [12277.756742, 2450.13, "combined_combinatorial"], [12278.859742, 2464.69, "combined_combinatorial"], [12280.198513000001, 2518.97, "combined_combinatorial"], [12281.012899, 2549.12, "combined_combinatorial"], [12281.603742, 2603.53, "combined_combinatorial"], [12282.804899, 2622.84, "combined_combinatorial"], [12284.670345999999, 2669.84, "combined_combinatorial"], [12284.728513, 2733.44, "combined_combinatorial"], [12285.115513, 2752.69, "combined_combinatorial"], [12285.182346, 2778.77, "combined_combinatorial"], [12286.067573, 2872.78, "combined_combinatorial"], [12287.054345999999, 2896.88, "combined_combinatorial"], [12287.491513, 2906.18, "combined_combinatorial"], [12288.101346, 2939.46, "combined_combinatorial"], [12288.79447, 2978.34, "combined_combinatorial"], [12289.06947, 3006.23, "combined_combinatorial"], [12289.33947, 3020.05, "combined_combinatorial"], [12289.833346, 3084.01, "combined_combinatorial"], [12290.34647, 3097.04, "combined_combinatorial"], [12294.254513, 3118.58, "combined_combinatorial"], [12300.006124, 3141.89, "combined_combinatorial"], [12304.977907999999, 3154.56, "combined_combinatorial"], [12308.865345999999, 3178.29, "combined_combinatorial"], [12310.646405000001, 3211.23, "combined_combinatorial"], [12311.014405, 3341.22, "combined_combinatorial"], [12311.534216, 3384.39, "combined_combinatorial"], [12312.598269999999, 3396.66, "combined_combinatorial"], [12312.72227, 3408.68, "combined_combinatorial"], [12314.149383, 3451.71, "combined_combinatorial"], [12314.295269999999, 3485.35, "combined_combinatorial"], [12314.42427, 3497.4, "combined_combinatorial"], [12314.93753, 3515.32, "combined_combinatorial"], [12316.124216, 3527.36, "combined_combinatorial"], [12316.425008, 3538.07, "combined_combinatorial"], [12317.497405, 3569.45, "combined_combinatorial"], [12317.552512, 3589.2, "combined_combinatorial"]], "upper_bounds": [[22456.448886000002, 60.15]]}}