{
    "input parameters": [
        "0",
        "1",
        "300",
        "X",
        "300_300",
        "no_preprocessing"
    ],
    "instance": {
        "facilities": 300,
        "customers": 300
    },
    "times": {
        "total_time in s": 3600.14,
        "model_building_time in s": 18.27,
        "model_solving_time in s": 3581.86
    },
    "nodes": {
        "total": 540.0
    },
    "solution": {
        "LB": 15325.9188,
        "UB": 19725.6779,
        "gap in %": 0.22,
        "incumbent": [
            4,
            5,
            6,
            7,
            9,
            10,
            11,
            13,
            15,
            16,
            24,
            35,
            46,
            53,
            61,
            83,
            85,
            96,
            99,
            108,
            111,
            117,
            129,
            131,
            144,
            161,
            165,
            171,
            172,
            186,
            187,
            194,
            199,
            209,
            211,
            222,
            227,
            232,
            235,
            236,
            245,
            247,
            254,
            256,
            259,
            269,
            281,
            283,
            287,
            288,
            297
        ],
        "memory in MB": 3356.46
    },
    "bounds": {
        "lower_bounds": [
            [
                0.0,
                129.1121850013733
            ],
            [
                14664.96800836372,
                408.98608112335205
            ],
            [
                14832.029260274356,
                494.56448101997375
            ],
            [
                14832.039255016998,
                495.76382398605347
            ],
            [
                14838.349351659732,
                503.57950806617737
            ],
            [
                14838.393502888504,
                504.43526911735535
            ],
            [
                14877.137973713328,
                541.2780210971832
            ],
            [
                14877.149879156366,
                542.0865840911865
            ],
            [
                14886.968693336219,
                548.6089260578156
            ],
            [
                14904.415624735186,
                573.7538220882416
            ],
            [
                14904.4608664232,
                574.6092760562897
            ],
            [
                14906.80314172461,
                578.0650601387024
            ],
            [
                14933.848597299364,
                600.616898059845
            ],
            [
                14933.941826312166,
                601.5095930099487
            ],
            [
                14937.43915838888,
                604.72838306427
            ],
            [
                14938.222438494673,
                606.30490899086
            ],
            [
                14942.125936655048,
                612.8113272190094
            ],
            [
                14942.189660854601,
                613.6402962207794
            ],
            [
                14943.026409448416,
                615.2242660522461
            ],
            [
                14943.027554651146,
                615.4629762172699
            ],
            [
                14946.919343892952,
                621.3864572048187
            ],
            [
                14946.926960526436,
                622.2567210197449
            ],
            [
                14947.008681237023,
                622.8786580562592
            ],
            [
                14947.018593419365,
                623.2713100910187
            ],
            [
                14947.69367164291,
                628.3421301841736
            ],
            [
                14947.71894256832,
                629.2046391963959
            ],
            [
                14947.94987692171,
                630.4155600070953
            ],
            [
                14947.950632401058,
                630.6664781570435
            ],
            [
                14952.39552248923,
                637.0428020954132
            ],
            [
                14952.412679716512,
                637.9566600322723
            ],
            [
                14953.127360492088,
                640.4839642047882
            ],
            [
                14953.270754008146,
                641.5181090831757
            ],
            [
                14956.328519950755,
                647.771950006485
            ],
            [
                14956.393231337242,
                648.6962020397186
            ],
            [
                14956.540902303075,
                649.052787065506
            ],
            [
                14956.552913723297,
                649.519837141037
            ],
            [
                14957.850172405728,
                654.6444330215454
            ],
            [
                14957.872849930787,
                655.5555820465088
            ],
            [
                14958.168645133346,
                657.0134780406952
            ],
            [
                14959.049822865096,
                662.3961341381073
            ],
            [
                14959.08540087282,
                663.375244140625
            ],
            [
                14959.290333300854,
                664.5029780864716
            ],
            [
                14959.409548530299,
                665.5831391811371
            ],
            [
                14959.88059140832,
                670.014454126358
            ],
            [
                14959.886806832359,
                670.865602016449
            ],
            [
                14960.050180336995,
                671.8698999881744
            ],
            [
                14960.109955880485,
                672.8735330104828
            ],
            [
                14960.325562033147,
                677.4845139980316
            ],
            [
                14960.329701991914,
                678.4317061901093
            ],
            [
                14961.717704639756,
                684.2920010089874
            ],
            [
                14961.726870415476,
                685.217353105545
            ],
            [
                14962.01973888773,
                686.74103307724
            ],
            [
                14963.363067903572,
                691.6008050441742
            ],
            [
                14963.384939641117,
                692.4416990280151
            ],
            [
                14963.548944922271,
                693.6659631729126
            ],
            [
                14964.802382415794,
                699.4715240001678
            ],
            [
                14964.813173790271,
                700.4940981864929
            ],
            [
                14965.184353574568,
                704.3854520320892
            ],
            [
                14965.18607068216,
                705.3625571727753
            ],
            [
                14965.836704083726,
                708.1523079872131
            ],
            [
                14965.90508317141,
                711.4429302215576
            ],
            [
                14965.914828895042,
                749.7489061355591
            ],
            [
                14965.948731616318,
                773.7543911933899
            ],
            [
                14965.95213919499,
                775.1715550422668
            ],
            [
                14966.037900997284,
                825.5720059871674
            ],
            [
                15028.081545770186,
                839.5064611434937
            ],
            [
                15112.979027477815,
