{"input parameters": ["0", "1", "300", "X", "300_300", "no_Lagrangian"], "instance": {"facilities": 300, "customers": 300}, "times": {"total_time in s": 3600.75, "initialisation_time in s": 46.46, "node_selection_time in s": 0.22, "implied_demands_time in s": 2203.13, "bounds_time in s": 294.33, "variable_selection in s": 724.7, "greedy_heuristics_time in s": 297.14, "other_time in s": 34.76}, "nodes": {"total": 334, "pruned": 0, "infeasible": 0, "finished": 0}, "solution": {"LB": 12372.0002, "UB": 21261.0273, "gap in %": 41.81, "incumbent": [4, 5, 6, 7, 9, 10, 11, 15, 16, 31, 35, 46, 61, 70, 84, 95, 96, 99, 104, 108, 109, 111, 129, 131, 150, 152, 153, 161, 165, 171, 172, 186, 187, 194, 199, 207, 209, 211, 217, 232, 236, 245, 254, 256, 257, 266, 274, 281, 283, 287, 288, 297], "memory in MB": 1817.83}, "bounds": {"lower_bounds": [[12049.668, 46.46], [12076.694405, 93.97, "combined_combinatorial"], [12076.766405, 173.7, "combined_combinatorial"], [12077.528405000001, 212.71, "combined_combinatorial"], [12107.520645999999, 228.06, "combined_combinatorial"], [12170.410742, 239.5, "combined_combinatorial"], [12172.351742, 250.81, "combined_combinatorial"], [12185.983, 277.24, "combined_combinatorial"], [12186.584845000001, 312.8, "combined_combinatorial"], [12186.947, 366.73, "combined_combinatorial"], [12187.347, 391.91, "combined_combinatorial"], [12187.679, 416.86, "combined_combinatorial"], [12187.935, 490.43, "combined_combinatorial"], [12190.239845, 523.83, "combined_combinatorial"], [12190.581, 547.02, "combined_combinatorial"], [12192.115, 569.99, "combined_combinatorial"], [12193.54, 591.84, "combined_combinatorial"], [12193.856, 613.48, "combined_combinatorial"], [12200.457, 656.33, "combined_combinatorial"], [12200.601, 677.55, "combined_combinatorial"], [12202.305, 698.65, "combined_combinatorial"], [12203.313, 740.31, "combined_combinatorial"], [12203.502, 759.67, "combined_combinatorial"], [12206.264, 838.43, "combined_combinatorial"], [12206.788845000001, 848.6, "combined_combinatorial"], [12207.316845000001, 866.96, "combined_combinatorial"], [12213.147, 886.66, "combined_combinatorial"], [12214.897, 905.14, "combined_combinatorial"], [12220.591845, 968.85, "combined_combinatorial"], [12225.406845000001, 994.95, "combined_combinatorial"], [12227.675845, 1003.28, "combined_combinatorial"], [12227.879845000001, 1028.06, "combined_combinatorial"], [12228.041845, 1060.02, "combined_combinatorial"], [12229.191, 1085.77, "combined_combinatorial"], [12231.473, 1103.41, "combined_combinatorial"], [12231.763, 1137.65, "combined_combinatorial"], [12231.774, 1187.26, "combined_combinatorial"], [12235.210165999999, 1204.04, "combined_combinatorial"], [12242.478742, 1232.1, "combined_combinatorial"], [12245.848742, 1243.28, "combined_combinatorial"], [12246.554658, 1257.96, "combined_combinatorial"], [12255.134383, 1264.9, "combined_combinatorial"], [12255.602383, 1278.25, "combined_combinatorial"], [12264.366742, 1289.33, "combined_combinatorial"], [12264.726742, 1300.19, "combined_combinatorial"], [12264.822742, 1310.62, "combined_combinatorial"], [12264.878742, 1332.05, "combined_combinatorial"], [12265.094742, 1342.32, "combined_combinatorial"], [12267.609976000002, 1354.97, "combined_combinatorial"], [12271.005407, 1368.36, "combined_combinatorial"], [12271.966407, 1381.56, "combined_combinatorial"], [12274.696742, 1391.48, "combined_combinatorial"], [12274.801742, 1430.91, "combined_combinatorial"], [12277.756742, 1440.31, "combined_combinatorial"], [12278.859742, 1449.25, "combined_combinatorial"], [12280.198513000001, 1481.97, "combined_combinatorial"], [12281.012899, 1499.76, "combined_combinatorial"], [12281.603742, 1532.24, "combined_combinatorial"], [12282.804899, 1544.5, "combined_combinatorial"], [12284.670345999999, 1572.16, "combined_combinatorial"], [12284.728513, 1608.39, "combined_combinatorial"], [12285.115513, 1620.02, "combined_combinatorial"], [12285.182346, 1634.79, "combined_combinatorial"], [12286.067573, 1688.74, "combined_combinatorial"], [12287.054345999999, 1702.82, "combined_combinatorial"], [12287.491513, 1708.53, "combined_combinatorial"], [12288.101346, 1727.94, "combined_combinatorial"], [12288.79447, 1750.68, "combined_combinatorial"], [12289.06947, 1767.22, "combined_combinatorial"], [12289.33947, 1775.48, "combined_combinatorial"], [12289.833346, 1813.88, "combined_combinatorial"], [12290.34647, 1821.81, "combined_combinatorial"], [12294.254513, 1835.2, "combined_combinatorial"], [12300.006124, 1849.72, "combined_combinatorial"], [12304.977907999999, 1857.52, "combined_combinatorial"], [12308.865345999999, 1871.54, "combined_combinatorial"], [12310.646405000001, 1890.58, "combined_combinatorial"], [12311.014405, 1966.18, "combined_combinatorial"], [12311.534216, 1991.75, "combined_combinatorial"], [12312.598269999999, 1999.41, "combined_combinatorial"], [12312.72227, 2007.23, "combined_combinatorial"], [12314.149383, 2033.8, "combined_combinatorial"], [12314.295269999999, 2054.87, "combined_combinatorial"], [12314.42427, 2062.56, "combined_combinatorial"], [12314.93753, 2073.04, "combined_combinatorial"], [12316.124216, 2080.65, "combined_combinatorial"], [12316.425008, 2087.14, "combined_combinatorial"], [12317.497405, 2105.33, "combined_combinatorial"], [12317.552512, 2117.2, "combined_combinatorial"], [12317.609405000001, 2146.27, "combined_combinatorial"], [12317.881405, 2163.75, "combined_combinatorial"], [12318.785573, 2173.77, "combined_combinatorial"], [12319.909405, 2191.26, "combined_combinatorial"], [12320.54727, 2198.93, "combined_combinatorial"], [12323.303405, 2216.35, "combined_combinatorial"], [12324.141865, 2223.8, "combined_combinatorial"], [12324.633, 2255.17, "combined_combinatorial"], [12325.439529, 2260.94, "combined_combinatorial"], [12325.970573, 2276.62, "combined_combinatorial"], [12326.032286000001, 2291.13, "combined_combinatorial"], [12326.942286000001, 2305.2, "combined_combinatorial"], [12327.400022, 2314.47, "combined_combinatorial"], [12327.427449, 2325.43, "combined_combinatorial"], [12327.465449, 2336.61, "combined_combinatorial"], [12327.644128, 2386.59, "combined_combinatorial"], [12327.810449, 2411.07, "combined_combinatorial"], [12327.873512, 2422.59, "combined_combinatorial"], [12328.160128, 2429.27, "combined_combinatorial"], [12328.323449, 2439.61, "combined_combinatorial"], [12329.582008, 2446.3, "combined_combinatorial"], [12332.312127000001, 2455.06, "combined_combinatorial"], [12332.819127, 2499.03, "combined_combinatorial"], [12332.942127, 2516.02, "combined_combinatorial"], [12333.690253, 2523.24, "combined_combinatorial"], [12334.580008, 2563.96, "combined_combinatorial"], [12337.081008000001, 2570.07, "combined_combinatorial"], [12337.672127, 2578.74, "combined_combinatorial"], [12337.86308, 2592.41, "combined_combinatorial"], [12339.105127, 2600.59, "combined_combinatorial"], [12339.480286, 2614.23, "combined_combinatorial"], [12339.75408, 2619.76, "combined_combinatorial"], [12340.793008, 2641.52, "combined_combinatorial"], [12340.836440000001, 2673.69, "combined_combinatorial"], [12342.990614999999, 2683.02, "combined_combinatorial"], [12343.491614999999, 2692.6, "combined_combinatorial"], [12343.693615, 2738.48, "combined_combinatorial"], [12344.278367, 2748.14, "combined_combinatorial"], [12344.365507999999, 2761.53, "combined_combinatorial"], [12344.492367, 2771.08, "combined_combinatorial"], [12344.494713, 2780.88, "combined_combinatorial"], [12344.791836999999, 2801.55, "combined_combinatorial"], [12346.067508, 2814.49, "combined_combinatorial"], [12346.110488000002, 2822.38, "combined_combinatorial"], [12346.267978, 2828.81, "combined_combinatorial"], [12346.382507999999, 2854.63, "combined_combinatorial"], [12346.657127, 2862.78, "combined_combinatorial"], [12347.102127, 2870.98, "combined_combinatorial"], [12347.745008, 2893.02, "combined_combinatorial"], [12347.747354, 2915.71, "combined_combinatorial"], [12348.218354, 2921.1, 