{"input parameters": ["0", "1", "700", "X", "700_700", "no_Lagrangian"], "instance": {"facilities": 700, "customers": 700}, "times": {"total_time in s": 4009.24, "initialisation_time in s": 1534.11, "node_selection_time in s": 0.01, "implied_demands_time in s": 2153.67, "bounds_time in s": 39.51, "variable_selection in s": 234.0, "greedy_heuristics_time in s": 45.7, "other_time in s": 2.25}, "nodes": {"total": 6, "pruned": 0, "infeasible": 0, "finished": 0}, "solution": {"LB": 29707.0847, "UB": 62476.7009, "gap in %": 52.45, "incumbent": [5, 10, 12, 23, 26, 31, 32, 33, 34, 36, 40, 52, 61, 67, 68, 69, 70, 76, 81, 98, 100, 101, 102, 104, 110, 111, 120, 121, 124, 137, 147, 156, 158, 161, 169, 176, 192, 193, 196, 198, 201, 202, 204, 213, 238, 243, 245, 253, 255, 265, 271, 280, 281, 282, 298, 299, 301, 306, 315, 319, 321, 326, 329, 334, 336, 342, 345, 360, 361, 362, 370, 375, 376, 393, 399, 400, 404, 408, 412, 422, 434, 435, 450, 457, 458, 463, 469, 471, 478, 480, 484, 490, 502, 506, 515, 517, 525, 526, 527, 537, 546, 549, 552, 560, 567, 568, 578, 582, 583, 584, 585, 589, 599, 600, 603, 610, 612, 614, 618, 624, 645, 646, 648, 653, 663, 685, 691], "memory in MB": 566.72}, "bounds": {"lower_bounds": [[29647.055, 1534.11], [29707.084699, 3510.83, "combined_combinatorial"]], "upper_bounds": [[63957.36233499998, 1534.11]]}}