{
    "input parameters": [
        "0",
        "1",
        "500",
        "X",
        "500_500",
        "preprocessing"
    ],
    "instance": {
        "facilities": 500,
        "customers": 500
    },
    "times": {
        "total_time in s": 3600.25,
        "model_building_time in s": 430.54,
        "model_solving_time in s": 3169.71
    },
    "nodes": {
        "total": 7.0
    },
    "solution": {
        "LB": 24761.4029,
        "UB": 35931.9703,
        "gap in %": 0.31,
        "incumbent": [
            23,
            26,
            28,
            37,
            38,
            46,
            56,
            59,
            65,
            69,
            79,
            109,
            116,
            131,
            134,
            149,
            151,
            155,
            161,
            166,
            168,
            169,
            170,
            174,
            176,
            179,
            182,
            190,
            195,
            205,
            210,
            211,
            213,
            228,
            231,
            232,
            238,
            243,
            244,
            249,
            253,
            268,
            270,
            271,
            285,
            287,
            314,
            315,
            320,
            327,
            337,
            348,
            349,
            357,
            358,
            363,
            365,
            373,
            377,
            383,
            386,
            390,
            392,
            396,
            400,
            401,
            411,
            412,
            413,
            414,
            419,
            420,
            422,
            429,
            433,
            437,
            438,
            441,
            463,
            466,
            470,
            472,
            473,
            480,
            487,
            491
        ],
        "memory in MB": 6674.15
    },
    "bounds": {
        "lower_bounds": [
            [
                0.0,
                99.68808197975159
            ],
            [
                24181.2914288563,
                309.8374409675598
            ],
            [
                24478.527840666346,
                614.2026147842407
            ],
            [
                24480.366253456017,
                720.545087814331
            ],
            [
                24496.873771120925,
                1631.514247894287
            ],
            [
                24499.277419660826,
                1797.8151450157166
            ],
            [
                24546.62139447183,
                1880.4348998069763
            ],
            [
                24546.62360819495,
                1884.2123489379883
            ],
            [
                24580.623148352144,
                1979.5576767921448
            ],
            [
                24580.680888613166,
                1985.611654996872
            ],
            [
                24590.85179416744,
                2034.3376049995422
            ],
            [
                24591.741851012357,
                2047.8992528915405
            ],
            [
                24591.78616283149,
                2050.010668992996
            ],
            [
                24595.597882728747,
                2082.5779349803925
            ],
            [
                24595.615841884497,
                2088.486564874649
            ],
            [
                24597.706892639697,
                2113.216456890106
            ],
            [
                24598.355520654623,
                2121.1225550174713
            ],
            [
                24598.356252126814,
                2122.2007129192352
            ],
            [
                24601.150202940687,
                2146.04155087471
            ],
            [
                24601.150335894734,
                2150.13764500618
            ],
            [
                24602.086616066576,
                2170.3961679935455
            ],
            [
                24603.631181677076,
                2190.5333569049835
            ],
            [
                24603.643913818116,
                2193.4681220054626
            ],
            [
                24607.277193724753,
                2214.9735028743744
            ],
            [
                24607.345948923088,
                2223.023377895355
            ],
            [
                24607.348078934083,
                2224.219608783722
            ],
            [
                24609.16043650208,
                2236.9395859241486
            ],
            [
                24609.33216094551,
                2241.494884967804
            ],
            [
                24609.335488562825,
                2242.8161540031433
            ],
            [
                24609.563917706135,
                2251.6145927906036
            ],
            [
                24610.02187359052,
                2263.9665908813477
            ],
            [
                24610.026309502577,
                2265.055598974228
            ],
            [
                24610.965083035,
                2279.5464379787445
            ],
            [
                24610.981286996834,
                2284.1085019111633
            ],
            [
                24611.386699849678,
                2293.271432876587
            ],
            [
                24611.389514978717,
                2305.0235679149628
            ],
            [
                24611.835769456608,
                2314.0454499721527
            ],
            [
                24611.855174554858,
                2316.9955739974976
            ],
            [
                24613.605235297935,
                2333.568778991699
            ],
            [
                24618.42465984258,
                2379.3553619384766
            ],
            [
                24618.478864646793,
                2383.27073097229
            ],
            [
                24618.696485609384,
                2393.4719738960266
            ],
            [
                24619.800644702405,
                2402.612378835678
            ],
            [
                24619.808269466866,
                2405.7453060150146
            ],
            [
                24621.797627131313,
                2419.703984975815
            ],
            [
                24621.8079717475,
                2422.8839478492737
            ],
            [
                24621.814119410592,
                2430.0685338974
            ],
            [
                24622.09007554001,
                2435.166685819626
            ],
            [
                24623.07031328933,
                2442.9920179843903
            ],
            [
                24623.158714960875,
                2451.6354579925537
            ],
            [
                24623.509491442703,
                2460.797833919525
            ],
            [
                24623.56148442848,
                2461.1328020095825
            ],
            [
                24623.592306790502,
                2617.2307918071747
            ],
            [
                24744.345833825635,
                2862.1936028003693
            ],
            [
                24744.612298808785,
                3016.2696039676666
            ],
            [
                24761.402857051726,
                3104.7949318885803
            ]
        ],