{
    "input parameters": [
        "0",
        "1",
        "300",
        "X",
        "300_300",
        "preprocessing"
    ],
    "instance": {
        "facilities": 300,
        "customers": 300
    },
    "times": {
        "total_time in s": 3600.02,
        "model_building_time in s": 44.71,
        "model_solving_time in s": 3555.3
    },
    "nodes": {
        "total": 552.0
    },
    "solution": {
        "LB": 15283.3162,
        "UB": 19419.359,
        "gap in %": 0.21,
        "incumbent": [
            4,
            5,
            6,
            7,
            9,
            11,
            13,
            15,
            16,
            32,
            46,
            83,
            84,
            85,
            96,
            99,
            108,
            111,
            129,
            131,
            144,
            161,
            165,
            171,
            172,
            186,
            187,
            194,
            199,
            206,
            209,
            211,
            212,
            217,
            222,
            232,
            235,
            247,
            254,
            256,
            259,
            266,
            269,
            276,
            281,
            287,
            288,
            297
        ],
        "memory in MB": 2127.5
    },
    "bounds": {
        "lower_bounds": [
            [
                0.0,
                20.335160970687866
            ],
            [
                14667.972341785755,
                33.06253004074097
            ],
            [
                14844.088701187195,
                119.93133997917175
            ],
            [
                14846.490254967382,
                131.4660038948059
            ],
            [
                14846.92165244535,
                135.62716102600098
            ],
            [
                14907.533333186268,
                204.02282786369324
            ],
            [
                14910.373029421913,
                210.07687187194824
            ],
            [
                14910.410211010862,
                210.6690640449524
            ],
            [
                14943.575617564813,
                248.28349590301514
            ],
            [
                14944.406784553776,
                280.29910683631897
            ],
            [
                14944.450120242545,
                281.0794188976288
            ],
            [
                14944.45016098322,
                281.3426339626312
            ],
            [
                14959.60467683935,
                309.000599861145
            ],
            [
                14960.505494715435,
                311.4777319431305
            ],
            [
                14960.873041360546,
                312.5219888687134
            ],
            [
                14960.882944868896,
                313.06671690940857
            ],
            [
                14968.146216961934,
                340.7071900367737
            ],
            [
                14968.542692830906,
                347.41108894348145
            ],
            [
                14968.550732515063,
                348.0786979198456
            ],
            [
                14971.26627653583,
                361.46722292900085
            ],
            [
                14972.199006501007,
                363.1551809310913
            ],
            [
                14972.244185613634,
                363.62875986099243
            ],
            [
                14972.679747032793,
                371.91142296791077
            ],
            [
                14972.694727146218,
                378.95420384407043
            ],
            [
                14973.145228081617,
                384.82598781585693
            ],
            [
                14973.241009731391,
                386.16752791404724
            ],
            [
                14973.244158647507,
                386.5921640396118
            ],
            [
                14973.505301436619,
                393.45385694503784
            ],
            [
                14973.539384357186,
                400.16046690940857
            ],
            [
                14974.670027131802,
                405.33493089675903
            ],
            [
                14974.70377142719,
                406.1704750061035
            ],
            [
                14974.742419083015,
                411.50710892677307
            ],
            [
                14974.74852011565,
                418.8630259037018
            ],
            [
                14974.752911362142,
                422.16665983200073
            ],
            [
                14974.752989064964,
                427.6094169616699
            ],
            [
                14974.772395684093,
                427.79518485069275
            ],
            [
                15061.038525626456,
                518.5725638866425
            ],
            [
                15061.202019015547,
                535.1045038700104
            ],
            [
                15061.866907148431,
                535.8770399093628
            ],
            [
                15250.60120822617,
                1471.744700908661
            ],
            [
                15250.674286205465,
                1670.0580530166626
            ],
            [
                15283.316213759957,
                1756.0784358978271
            ]
        ],
        "upper_bounds": [
            [
                54953.770631,
                20.396756887435913
            ],
            [
                22403.808051999997,
                33.18546795845032
            ],
            [
                21154.989331,
                83.76789689064026
            ],
            [
                20807.191496999996,
                124.91859889030457
            ],
            [
                20174.592591999997,
                127.24114203453064
            ],
            [
                20065.175083,
                1055.130578994751
            ],
            [
                19729.460478999998,
                1105.9505639076233
            ],
            [
                19419.35902,
                1442.7205979824066
            ]
        ]
    }
}