{"input parameters": ["10", "0", "300", "X", "300_300", "no_Lagrangian"], "instance": {"facilities": 300, "customers": 300}, "times": {"total_time in s": 3601.48, "initialisation_time in s": 53.34, "node_selection_time in s": 0.15, "implied_demands_time in s": 2240.0, "bounds_time in s": 133.09, "variable_selection in s": 885.76, "greedy_heuristics_time in s": 261.26, "other_time in s": 27.88}, "nodes": {"total": 245, "pruned": 9, "infeasible": 0, "finished": 0}, "solution": {"LB": 3375.1202, "UB": 4664.8538, "gap in %": 27.65, "incumbent": [15, 85, 96, 117, 118, 125, 134, 143, 151, 159, 165, 174, 182, 193, 241, 273, 282], "memory in MB": 1343.23}, "bounds": {"lower_bounds": [[3176.609, 53.34], [3177.707, 167.17, "combined_combinatorial"], [3178.656, 232.84, "combined_combinatorial"], [3183.441, 254.49, "combined_combinatorial"], [3183.488, 297.18, "combined_combinatorial"], [3189.073, 318.03, "combined_combinatorial"], [3189.462, 480.13, "combined_combinatorial"], [3190.224, 499.92, "combined_combinatorial"], [3220.5971258777936, 689.68, "combined_combinatorial"], [3220.611059575897, 719.57, "combined_combinatorial"], [3220.619673859124, 748.06, "combined_combinatorial"], [3224.847652529707, 846.83, "combined_combinatorial"], [3225.215, 864.81, "combined_combinatorial"], [3228.9316525297068, 877.53, "combined_combinatorial"], [3233.506518853333, 902.58, "combined_combinatorial"], [3233.5370797441137, 914.74, "combined_combinatorial"], [3241.8000797441136, 926.92, "combined_combinatorial"], [3241.898062325584, 938.81, "combined_combinatorial"], [3242.572062325584, 950.35, "combined_combinatorial"], [3252.184263580765, 992.69, "combined_combinatorial"], [3261.530263580765, 1012.16, "combined_combinatorial"], [3262.570263580765, 1088.74, "combined_combinatorial"], [3264.0223566748964, 1126.4, "combined_combinatorial"], [3267.172356674896, 1181.45, "combined_combinatorial"], [3268.9613566748967, 1199.23, "combined_combinatorial"], [3269.077896509481, 1210.14, "combined_combinatorial"], [3269.1558965094814, 1220.84, "combined_combinatorial"], [3269.1883566748966, 1238.7, "combined_combinatorial"], [3276.2643566748966, 1291.28, "combined_combinatorial"], [3276.5223566748964, 1342.27, "combined_combinatorial"], [3276.5505192545684, 1374.41, "combined_combinatorial"], [3281.1268965094814, 1384.61, "combined_combinatorial"], [3287.136175319126, 1402.43, "combined_combinatorial"], [3287.1400775771313, 1420.3, "combined_combinatorial"], [3288.0699046360332, 1464.77, "combined_combinatorial"], [3291.001, 1482.21, "combined_combinatorial"], [3291.23032507675, 1491.31, "combined_combinatorial"], [3291.5577070723175, 1500.76, "combined_combinatorial"], [3293.8307070723176, 1590.15, "combined_combinatorial"], [3293.8716242910627, 1598.79, "combined_combinatorial"], [3294.8392705725205, 1616.59, "combined_combinatorial"], [3294.847385514603, 1634.17, "combined_combinatorial"], [3301.270416250793, 1682.5, "combined_combinatorial"], [3301.343416250793, 1708.41, "combined_combinatorial"], [3302.242624291063, 1717.04, "combined_combinatorial"], [3302.794624291063, 1725.45, "combined_combinatorial"], [3303.3274504160336, 1737.29, "combined_combinatorial"], [3303.798295069554, 1749.11, "combined_combinatorial"], [3303.824277651025, 1760.77, "combined_combinatorial"], [3303.8499631713285, 1772.38, "combined_combinatorial"], [3303.995416250793, 1785.2, "combined_combinatorial"], [3309.1140697595315, 1826.34, "combined_combinatorial"], [3309.507416250793, 1838.97, "combined_combinatorial"], [3309.854051470477, 1847.37, "combined_combinatorial"], [3314.4274162507927, 1859.69, "combined_combinatorial"], [3314.651416250793, 1883.7, "combined_combinatorial"], [3315.723051470477, 1915.56, "combined_combinatorial"], [3321.121416250793, 1927.12, "combined_combinatorial"], [3321.13003053402, 1938.63, "combined_combinatorial"], [3321.1742034549243, 1964.55, "combined_combinatorial"], [3321.182817738152, 2036.83, "combined_combinatorial"], [3321.358782162536, 2119.6, "combined_combinatorial"], [3322.6200775771313, 2136.54, "combined_combinatorial"], [3323.902263112417, 2147.62, "combined_combinatorial"], [3324.188263112417, 2158.63, "combined_combinatorial"], [3325.205782162536, 2172.06, "combined_combinatorial"], [3325.257161173615, 2211.4, "combined_combinatorial"], [3326.954077577131, 2227.94, "combined_combinatorial"], [3329.399125675624, 2242.87, "combined_combinatorial"], [3329.6419919992504, 2344.46, "combined_combinatorial"], [3330.1342366986673, 2352.75, "combined_combinatorial"], [3330.150743100977, 2368.18, "combined_combinatorial"], [3330.1559519168773, 2376.41, "combined_combinatorial"], [3330.2971280123606, 2397.43, "combined_combinatorial"], [3330.311061710464, 2409.8, "combined_combinatorial"], [3330.4840092046034, 2420.91, "combined_combinatorial"], [3330.6462631124173, 2431.65, "combined_combinatorial"], [3331.156743100977, 2457.2, "combined_combinatorial"], [3331.829, 2474.32, "combined_combinatorial"], [3333.4120617104636, 2486.57, "combined_combinatorial"], [3333.41699199925, 2500.66, "combined_combinatorial"], [3333.4683710103286, 2528.27, "combined_combinatorial"], [3333.9381052917834, 2556.54, "combined_combinatorial"], [3334.228920831663, 2576.74, "combined_combinatorial"], [3334.661385514603, 2593.6, "combined_combinatorial"], [3335.429389914291, 2601.99, "combined_combinatorial"], [3335.4511051325017, 2610.09, "combined_combinatorial"], [3337.0183496809113, 2631.77, "combined_combinatorial"], [3337.032283379014, 2644.88, "combined_combinatorial"], [3338.4460403810467, 2656.67, "combined_combinatorial"], [3339.098920831663, 2676.91, "combined_combinatorial"], [3340.1389208316627, 2755.42, "combined_combinatorial"], [3340.1462064808616, 2794.03, "combined_combinatorial"], [3341.0811052917834, 2807.97, "combined_combinatorial"], [3341.8790102531625, 2818.47, "combined_combinatorial"], [3342.9370102531625, 2828.81, "combined_combinatorial"], [3342.9764053278404, 2838.93, "combined_combinatorial"], [3343.2962064808617, 2868.05, "combined_combinatorial"], [3344.519437129393, 2905.16, "combined_combinatorial"], [3345.0110403810463, 2916.48, "combined_combinatorial"], [3345.041601271827, 2938.43, "combined_combinatorial"], [3345.085206480862, 2957.35, "combined_combinatorial"], [3345.3122064808617, 2976.3, "combined_combinatorial"], [3345.4087885598797, 3023.31, "combined_combinatorial"], [3345.5797885598795, 3042.62, "combined_combinatorial"], [3346.8482833790144, 3055.24, "combined_combinatorial"], [3346.9827885598797, 3064.5, "combined_combinatorial"], [3347.2576012718273, 3075.11, "combined_combinatorial"], [3351.6616012718273, 3095.74, "combined_combinatorial"], [3352.3502064808617, 3113.76, "combined_combinatorial"], [3352.5702064808615, 3166.72, "combined_combinatorial"], [3353.334601271827, 3193.53, "combined_combinatorial"], [3353.4812833790143, 3205.58, "combined_combinatorial"], [3353.511844269795, 3229.35, "combined_combinatorial"], [3353.5188111085413, 3251.86, "combined_combinatorial"], [3353.755098377178, 3265.2, "combined_combinatorial"], [3354.337724562257, 3272.84, "combined_combinatorial"], [3355.2281052917833, 3285.89, "combined_combinatorial"], [3355.734811108541, 3296.75, "combined_combinatorial"], [3356.7626004606, 3317.44, "combined_combinatorial"], [3360.138811108541, 3356.83, "combined_combinatorial"], [3361.256432115956, 3364.09, "combined_combinatorial"], [3361.8118111085414, 3374.01, "combined_combinatorial"], [3364.4166004606, 3383.06, "combined_combinatorial"], [3366.388996890208, 3391.3, "combined_combinatorial"], [3367.703206480862, 3408.42, "combined_combinatorial"], [3368.456206480862, 3506.84, "combined_combinatorial"], [3370.194, 3550.21, "combined_combinatorial"], [3370.5792064808616, 3563.84, "combined_combinatorial"], [3375.1202064808617, 3576.95, "combined_combinatorial"]], "upper_bounds": [[5330.857772503253, 53.34]]}}