{"input parameters": ["10", "0", "700", "X", "700_700", "no_Lagrangian"], "instance": {"facilities": 700, "customers": 700}, "times": {"total_time in s": 3634.6, "initialisation_time in s": 1708.41, "node_selection_time in s": 0.01, "implied_demands_time in s": 1487.88, "bounds_time in s": 19.11, "variable_selection in s": 316.37, "greedy_heuristics_time in s": 98.81, "other_time in s": 4.01}, "nodes": {"total": 9, "pruned": 0, "infeasible": 0, "finished": 0}, "solution": {"LB": 7046.7034, "UB": 10329.8088, "gap in %": 31.78, "incumbent": [4, 33, 41, 50, 53, 88, 98, 106, 107, 126, 129, 130, 132, 143, 158, 174, 189, 233, 268, 270, 292, 296, 350, 353, 356, 360, 384, 427, 486, 538, 576, 595, 620, 660, 695], "memory in MB": 668.23}, "bounds": {"lower_bounds": [[7038.935, 1708.41], [7039.311, 2552.43, "combined_combinatorial"], [7046.7034193762875, 3378.1, "combined_combinatorial"]], "upper_bounds": [[10329.808805789688, 1708.41]]}}