{
    "input parameters": [
        "10",
        "0",
        "300",
        "X",
        "300_300",
        "preprocessing"
    ],
    "instance": {
        "facilities": 300,
        "customers": 300
    },
    "times": {
        "total_time in s": 3600.02,
        "model_building_time in s": 50.16,
        "model_solving_time in s": 3549.86
    },
    "nodes": {
        "total": 1487.0
    },
    "solution": {
        "LB": 3816.6271,
        "UB": 4573.3613,
        "gap in %": 0.17,
        "incumbent": [
            18,
            33,
            68,
            77,
            85,
            125,
            142,
            151,
            174,
            182,
            212,
            241,
            264,
            268,
            269,
            282,
            297
        ],
        "memory in MB": 1874.99
    },
    "bounds": {
        "lower_bounds": [
            [
                0.0,
                15.548973083496094
            ],
            [
                3523.943221729052,
                71.88688588142395
            ],
            [
                3535.947025127743,
                163.1789300441742
            ],
            [
                3536.15599320708,
                165.63271403312683
            ],
            [
                3536.218243871006,
                165.92571091651917
            ],
            [
                3536.314054641167,
                166.16620898246765
            ],
            [
                3541.094620093615,
                195.20946288108826
            ],
            [
                3541.2178616820893,
                201.99723386764526
            ],
            [
                3541.4647435848456,
                202.9037230014801
            ],
            [
                3541.489204050036,
                203.62626695632935
            ],
            [
                3541.5474562255213,
                203.97825288772583
            ],
            [
                3541.550607471671,
                204.25043106079102
            ],
            [
                3541.5508319789697,
                204.5205500125885
            ],
            [
                3545.2408765812897,
                225.84326887130737
            ],
            [
                3545.9171070458856,
                228.0407509803772
            ],
            [
                3546.120980397263,
                228.74770998954773
            ],
            [
                3546.2781457344213,
                229.08003997802734
            ],
            [
                3546.5254785113775,
                229.6912169456482
            ],
            [
                3546.584559834663,
                229.98627185821533
            ],
            [
                3546.585915041849,
                230.26248598098755
            ],
            [
                3550.644759291333,
                249.08930587768555
            ],
            [
                3551.27635721089,
                253.60816407203674
            ],
            [
                3551.4560665925783,
                254.00432705879211
            ],
            [
                3551.4666018629155,
                254.2806680202484
            ],
            [
                3551.469301769821,
                254.48410606384277
            ],
            [
                3552.703340446936,
                268.44027185440063
            ],
            [
                3552.7832388338607,
                269.8067970275879
            ],
            [
                3552.796943606901,
                270.1015830039978
            ],
            [
                3552.803212781074,
                270.30897402763367
            ],
            [
                3552.8069930007273,
                270.51096200942993
            ],
            [
                3552.808047503254,
                270.69178891181946
            ],
            [
                3553.9188888393346,
                279.7832520008087
            ],
            [
                3554.1356918766214,
                281.4691278934479
            ],
            [
                3554.1455336030726,
                281.6805109977722
            ],
            [
                3555.458864077956,
                286.7861440181732
            ],
            [
                3555.889758187395,
                288.13331294059753
            ],
            [
                3555.902821876684,
                288.3584749698639
            ],
            [
                3555.9029746218685,
                288.54921102523804
            ],
            [
                3556.41830394443,
                292.0616750717163
            ],
            [
                3556.4668205387443,
                296.73561096191406
            ],
            [
                3556.4718928443763,
                296.9438819885254
            ],
            [
                3556.4811784151184,
                297.1918559074402
            ],
            [
                3556.485436501511,
                297.3851749897003
            ],
            [
                3556.4862411651447,
                297.5642149448395
            ],
            [
                3556.5773845817,
                300.6924738883972
            ],
            [
                3556.582014388705,
                301.9445400238037
            ],
            [
                3556.618523616644,
                306.1833128929138
            ],
            [
                3556.7190659888456,
                307.40592098236084
            ],
            [
                3556.733865289046,
                307.7276780605316
            ],
            [
                3556.744110445437,
                307.9580309391022
            ],
            [
                3556.745515575017,
                308.16089701652527
            ],
            [
                3556.858107399333,
                310.76869893074036
            ],
            [
                3556.8832032550845,
                312.0471498966217
            ],
            [
                3556.9295981200926,
                314.4927909374237
            ],
            [
                3556.9433116706305,
                341.0485990047455
            ],
            [
                3585.5529398684484,
                350.0656418800354
            ],
            [
                3585.5657817863976,
                353.07040095329285
            ],
            [
                3597.531289674934,
                356.40741991996765
            ],
            [
                3597.8221868667965,
                360.77817606925964
            ],
            [
                3610.084154299695,
                361.7691068649292
            ],
            [
                3610.707575819852,
                364.6101369857788
            ],
            [
                3610.780345071403,
                367.446387052536
            ],
            [
                3614.6924976808164,
                372.932452917099
            ],
            [
                3615.517459476214,
                470.26906394958496
            ],
            [
                3646.8354872935333,
                556.260468006134
            ],
            [
                3669.187869744117,
                599.7872099876404
            ],
            [
                3669.6055518621383,
                644.876256942749
            ],
            [
                3673.6264424959363,
                765.4229018688202
            ],
            [
                3680.6781810665857,
                831.603483915329
            ],
            [
                3688.5308671730672,
                844.7376959323883
            ],
            [
                3691.5567592337943,
                902.765457868576
            ],
            [
                3694.4373312868447,
                922.4458549022675
            ],
