{
    "input parameters": [
        "10",
        "0",
        "500",
        "X",
        "500_500",
        "preprocessing"
    ],
    "instance": {
        "facilities": 500,
        "customers": 500
    },
    "times": {
        "total_time in s": 3600.06,
        "model_building_time in s": 580.33,
        "model_solving_time in s": 3019.73
    },
    "nodes": {
        "total": 446.0
    },
    "solution": {
        "LB": 5483.9117,
        "UB": 7521.3411,
        "gap in %": 0.27,
        "incumbent": [
            19,
            26,
            38,
            46,
            75,
            86,
            109,
            116,
            118,
            142,
            170,
            174,
            182,
            190,
            195,
            244,
            268,
            294,
            327,
            348,
            349,
            377,
            396,
            420,
            422,
            429,
            437,
            441,
            466
        ],
        "memory in MB": 2391.55
    },
    "bounds": {
        "lower_bounds": [
            [
                0.0,
                73.15195417404175
            ],
            [
                5393.824701416482,
                578.6579899787903
            ],
            [
                5399.53503987381,
                634.3721971511841
            ],
            [
                5399.545988391823,
                647.7667331695557
            ],
            [
                5403.068629975918,
                662.6105279922485
            ],
            [
                5403.088355176658,
                663.7171001434326
            ],
            [
                5403.1221876765785,
                664.1247811317444
            ],
            [
                5412.397604603424,
                693.4212172031403
            ],
            [
                5412.438127163362,
                694.4051141738892
            ],
            [
                5412.530622552501,
                696.7207021713257
            ],
            [
                5414.234977953737,
                709.9650270938873
            ],
            [
                5414.248768366546,
                711.079665184021
            ],
            [
                5414.545951602338,
                713.3947780132294
            ],
            [
                5414.57905027132,
                714.9948740005493
            ],
            [
                5417.144798507687,
                723.2587051391602
            ],
            [
                5417.1704003489485,
                725.5685040950775
            ],
            [
                5418.1337513298995,
                730.7968120574951
            ],
            [
                5418.150590305475,
                731.9719760417938
            ],
            [
                5418.529598228624,
                735.7794981002808
            ],
            [
                5418.545662186284,
                737.0307030677795
            ],
            [
                5419.469028595958,
                742.8923020362854
            ],
            [
                5419.484453115195,
                743.9514842033386
            ],
            [
                5420.397702716269,
                748.6303300857544
            ],
            [
                5420.398340416538,
                749.7259621620178
            ],
            [
                5420.429958873333,
                750.691507101059
            ],
            [
                5420.437103873001,
                751.1632180213928
            ],
            [
                5421.027727979794,
                757.1570730209351
            ],
            [
                5421.028059257718,
                758.2377381324768
            ],
            [
                5421.154727902664,
                761.2028341293335
            ],
            [
                5422.907271662144,
                768.3682641983032
            ],
            [
                5422.908754690274,
                769.547856092453
            ],
            [
                5423.003171713889,
                771.4506711959839
            ],
            [
                5423.003406644692,
                771.7408320903778
            ],
            [
                5423.3786919286,
                775.6745781898499
            ],
            [
                5423.387827845084,
                776.6673400402069
            ],
            [
                5423.427265795288,
                779.6525101661682
            ],
            [
                5423.4305154980575,
                780.8610770702362
            ],
            [
                5423.466591789122,
                783.3389830589294
            ],
            [
                5423.471892960863,
                784.3991990089417
            ],
            [
                5423.516779219852,
                785.2109911441803
            ],
            [
                5423.516794134758,
                786.4437880516052
            ],
            [
                5423.526107203703,
                788.6057322025299
            ],
            [
                5423.5315306643715,
                789.2339379787445
            ],
            [
                5423.535315875784,
                791.3741681575775
            ],
            [
                5423.665877594249,
                792.6471359729767
            ],
            [
                5423.672669475109,
                793.9084620475769
            ],
            [
                5423.802874687638,
                797.095388174057
            ],
            [
                5423.803750124524,
                801.4665961265564
            ],
            [
                5423.804368060767,
                802.3227491378784
            ],
            [
                5423.816588900721,
                924.4766130447388
            ],
            [
                5430.410581583727,
                1002.9546880722046
            ],
            [
                5430.416548480077,
                1010.3626010417938
            ],
            [
                5439.523737456308,
                1046.1862239837646
            ],
            [
                5439.524977158059,
                1056.4089291095734
            ],
            [
                5445.517932227142,
                1090.6303870677948
            ],
            [
                5445.5304662865565,
                1797.3640451431274
            ],
            [
                5459.948886971265,
                2438.1049160957336
            ],
            [
                5482.349124377427,
                2700.5560460090637
            ],
            [
                5483.911730866417,
                3001.28440618515
            ]
        ],