{
    "input parameters": [
        "10",
        "0",
        "700",
        "X",
        "700_700",
        "preprocessing"
    ],
    "instance": {
        "facilities": 700,
        "customers": 700
    },
    "times": {
        "total_time in s": 3600.47,
        "model_building_time in s": 1612.98,
        "model_solving_time in s": 1987.49
    },
    "nodes": {
        "total": 1.0
    },
    "solution": {
        "LB": 7541.0715,
        "UB": 11255.2572,
        "gap in %": 0.33,
        "incumbent": [
            4,
            10,
            15,
            17,
            33,
            43,
            50,
            53,
            87,
            88,
            98,
            107,
            126,
            129,
            130,
            132,
            143,
            174,
            179,
            189,
            193,
            196,
            233,
            248,
            265,
            267,
            268,
            270,
            292,
            296,
            311,
            350,
            353,
            356,
            384,
            482,
            517,
            582,
            606,
            620,
            647,
            688,
            695,
            698
        ],
        "memory in MB": 3948.86
    },
    "bounds": {
        "lower_bounds": [
            [
                0.0,
                82.82962393760681
            ],
            [
                7510.187925865639,
                854.4953238964081
            ],
            [
                7540.666278111282,
                1761.5248119831085
            ],
            [
                7540.958996312424,
                1793.9756739139557
            ],
            [
                7541.070951591771,
                1796.3281497955322
            ],
            [
                7541.071513705188,
                1800.0829429626465
            ]
        ],
        "upper_bounds": [
            [
                113597.28098150864,
                90.16085290908813
            ],
            [
                13927.052625807193,
                854.8240559101105
            ],
            [
                12691.104575185913,
                865.1563718318939
            ],
            [
                11255.257177870562,
                1790.4154269695282
            ]
        ]
    }
}