{"input parameters": ["10", "0", "1000", "X", "1000_1000", "no_Lagrangian"], "instance": {"facilities": 1000, "customers": 1000}, "times": {"total_time in s": 86968.7, "initialisation_time in s": 7467.87, "node_selection_time in s": 0.52, "implied_demands_time in s": 60909.32, "bounds_time in s": 593.72, "variable_selection in s": 13778.04, "greedy_heuristics_time in s": 4095.74, "other_time in s": 123.49}, "nodes": {"total": 104, "pruned": 0, "infeasible": 0, "finished": 0}, "solution": {"LB": 9975.3042, "UB": 16028.9004, "gap in %": 37.77, "incumbent": [30, 54, 82, 92, 93, 134, 151, 153, 174, 175, 228, 236, 248, 291, 295, 315, 341, 362, 405, 410, 429, 430, 432, 447, 448, 469, 472, 491, 496, 510, 513, 532, 558, 561, 566, 586, 589, 594, 599, 604, 659, 662, 693, 696, 700, 723, 730, 755, 758, 759, 774, 806, 856, 886, 920, 924, 973, 993, 998], "memory in MB": 7335.31}, "bounds": {"lower_bounds": [[9867.181, 7467.87], [9867.256, 9102.69, "combined_combinatorial"], [9867.460969909835, 9958.73, "combined_combinatorial"], [9867.477858170076, 13257.03, "combined_combinatorial"], [9867.486367901793, 16479.71, "combined_combinatorial"], [9867.495069415781, 17295.92, "combined_combinatorial"], [9867.499388045608, 18118.12, "combined_combinatorial"], [9867.828950397381, 22072.97, "combined_combinatorial"], [9867.847177964793, 22874.64, "combined_combinatorial"], [9867.858712565076, 25929.19, "combined_combinatorial"], [9868.332794596343, 28180.83, "combined_combinatorial"], [9869.047794596343, 31841.15, "combined_combinatorial"], [9869.063818078204, 35494.09, "combined_combinatorial"], [9869.511818078205, 36165.99, "combined_combinatorial"], [9884.667818078204, 36851.84, "combined_combinatorial"], [9884.815818078205, 37556.91, "combined_combinatorial"], [9892.806756273654, 38248.55, "combined_combinatorial"], [9892.83890009954, 38930.76, "combined_combinatorial"], [9897.79790009954, 39610.47, "combined_combinatorial"], [9900.93990009954, 40309.92, "combined_combinatorial"], [9910.165712565075, 41077.71, "combined_combinatorial"], [9910.239806473728, 47250.47, "combined_combinatorial"], [9911.590905634059, 48017.38, "combined_combinatorial"], [9911.652905634059, 48733.56, "combined_combinatorial"], [9911.671017741432, 51668.11, "combined_combinatorial"], [9911.695017741433, 54602.08, "combined_combinatorial"], [9924.455786940722, 58928.63, "combined_combinatorial"], [9924.87990009954, 59640.29, "combined_combinatorial"], [9925.54895604202, 60288.9, "combined_combinatorial"], [9942.831756378791, 61032.79, "combined_combinatorial"], [9942.928063629292, 62437.5, "combined_combinatorial"], [9965.012, 63396.52, "combined_combinatorial"], [9965.46, 72469.36, "combined_combinatorial"], [9965.746, 75090.79, "combined_combinatorial"], [9965.811, 76785.73, "combined_combinatorial"], [9966.642, 79329.82, "combined_combinatorial"], [9969.394265502597, 81773.22, "combined_combinatorial"], [9972.923265502597, 82543.37, "combined_combinatorial"], [9973.401265502596, 83333.9, "combined_combinatorial"], [9974.025017741433, 84014.29, "combined_combinatorial"], [9975.296191338952, 84750.47, "combined_combinatorial"], [9975.304191338952, 85527.2, "combined_combinatorial"]], "upper_bounds": [[16499.160519916044, 7467.87]]}}