{"input parameters": ["10", "0", "500", "X", "500_500", "no_Lagrangian"], "instance": {"facilities": 500, "customers": 500}, "times": {"total_time in s": 3635.45, "initialisation_time in s": 457.01, "node_selection_time in s": 0.04, "implied_demands_time in s": 2408.58, "bounds_time in s": 51.97, "variable_selection in s": 539.32, "greedy_heuristics_time in s": 168.56, "other_time in s": 9.98}, "nodes": {"total": 33, "pruned": 0, "infeasible": 0, "finished": 0}, "solution": {"LB": 4975.3765, "UB": 8061.6025, "gap in %": 38.28, "incumbent": [26, 38, 75, 109, 116, 118, 142, 143, 168, 170, 190, 195, 244, 268, 270, 294, 321, 348, 349, 377, 396, 412, 420, 422, 429, 437, 466], "memory in MB": 953.48}, "bounds": {"lower_bounds": [[4947.748, 457.01], [4947.96, 1768.96, "combined_combinatorial"], [4951.732, 2384.18, "combined_combinatorial"], [4951.86, 2479.5, "combined_combinatorial"], [4954.404, 2573.46, "combined_combinatorial"], [4963.301, 2665.87, "combined_combinatorial"], [4963.791, 2757.31, "combined_combinatorial"], [4969.268, 2936.89, "combined_combinatorial"], [4975.276537824421, 3027.84, "combined_combinatorial"], [4975.376537824422, 3294.45, "combined_combinatorial"]], "upper_bounds": [[8200.991845812665, 457.01]]}}