{
    "input parameters": [
        "10",
        "0",
        "300",
        "X",
        "300_300",
        "no_preprocessing"
    ],
    "instance": {
        "facilities": 300,
        "customers": 300
    },
    "times": {
        "total_time in s": 3600.08,
        "model_building_time in s": 18.02,
        "model_solving_time in s": 3582.06
    },
    "nodes": {
        "total": 142.0
    },
    "solution": {
        "LB": 3590.2425,
        "UB": 5399.4217,
        "gap in %": 0.34,
        "incumbent": [
            7,
            15,
            18,
            61,
            68,
            75,
            84,
            96,
            117,
            134,
            159,
            174,
            193,
            212,
            215,
            241,
            242,
            297
        ],
        "memory in MB": 3775.16
    },
    "bounds": {
        "lower_bounds": [
            [
                0.0,
                95.1999101638794
            ],
            [
                3517.2218424331613,
                450.6804530620575
            ],
            [
                3518.3593698459295,
                1027.719712972641
            ],
            [
                3519.1552761089692,
                1045.176684141159
            ],
            [
                3519.155473094162,
                1059.4258770942688
            ],
            [
                3519.436806675698,
                1061.1595571041107
            ],
            [
                3519.4443784434425,
                1069.0374221801758
            ],
            [
                3520.6737341528537,
                1073.0156881809235
            ],
            [
                3520.703667650383,
                1084.6224431991577
            ],
            [
                3521.4802502093316,
                1088.168869972229
            ],
            [
                3521.492761160068,
                1098.0661079883575
            ],
            [
                3521.72525876526,
                1100.5085971355438
            ],
            [
                3521.756204913738,
                1108.1946489810944
            ],
            [
                3521.912336808245,
                1110.4345831871033
            ],
            [
                3521.9288775712935,
                1116.4553411006927
            ],
            [
                3522.490625287504,
                1119.2211329936981
            ],
            [
                3522.493848847435,
                1120.328087091446
            ],
            [
                3522.5380526039535,
                1120.864690065384
            ],
            [
                3523.1245152270744,
                1128.7895271778107
            ],
            [
                3523.1390514872787,
                1139.1963481903076
            ],
            [
                3523.293382148089,
                1140.1613640785217
            ],
            [
                3523.2983823397426,
                1144.0273990631104
            ],
            [
                3524.475194832078,
                1146.2642221450806
            ],
            [
                3524.5098788866167,
                1150.0464642047882
            ],
            [
                3524.9831485704453,
                1152.957771062851
            ],
            [
                3524.990382712226,
                1153.9738631248474
            ],
            [
                3524.99244066524,
                1154.3346071243286
            ],
            [
                3525.1410340694815,
                1161.0195760726929
            ],
            [
                3525.186889713626,
                1165.8366661071777
            ],
            [
                3525.350755206835,
                1167.3939881324768
            ],
            [
                3525.388284996494,
                1173.3904139995575
            ],
            [
                3525.614611920598,
                1175.999890089035
            ],
            [
                3525.6175881982813,
                1181.810399055481
            ],
            [
                3525.670122188414,
                1182.4082729816437
            ],
            [
                3525.6810711073567,
                1183.5069890022278
            ],
            [
                3525.681653611522,
                1183.975110054016
            ],
            [
                3525.794616150484,
                1188.3985931873322
            ],
            [
                3525.8148010990994,
                1192.8912069797516
            ],
            [
                3525.8870882590013,
                1193.7019929885864
            ],
            [
                3525.940641738129,
                1197.1382930278778
            ],
            [
                3525.9503682463433,
                1198.1217160224915
            ],
            [
                3525.950540870547,
                1203.8902900218964
            ],
            [
                3526.0509199300195,
                1205.0213961601257
            ],
            [
                3526.0547766231693,
                1206.0965280532837
            ],
            [
                3526.096802730725,
                1209.0407819747925
            ],
            [
                3526.15577399764,
                1211.70334815979
            ],
            [
                3526.1982898888728,
                1218.6988441944122
            ],
            [
                3526.242224370793,
                1286.0416061878204
            ],
            [
                3526.250177123384,
                1341.8697700500488
            ],
            [
                3526.2504592326854,
                1392.7432940006256
            ],
            [
                3526.3944223353606,
                1409.813194990158
            ],
            [
                3526.436871400614,
                1440.185417175293
            ],
            [
                3535.600819890139,
                1446.7175741195679
            ],
            [
                3535.709283921373,
                1485.4058601856232
            ],
            [
                3541.4982986485684,
                1499.6392440795898
            ],
            [
                3541.643720789088,
                1519.8206810951233
            ],
            [
                3562.669824059135,
                1572.651242017746
            ],
            [
                3562.7483761906165,
                1580.0320880413055
            ],
            [
                3590.1990175703477,
                1582.232087135315
            ],
            [
                3590.242549322566,
                1989.5844130516052
            ]
        ],
        "upper_bounds": [
            [
                45323.71542767013,
                99.37383508682251
            ],
            [
                5712.291103078746,
                450.9683539867401
            ],
            [
                5534.796135004009,
                458.8040421009064
            ],
            [
                5399.421694404304,
                460.2933740615845
            ]
        ]
    }
}