{"input parameters": ["10", "0", "300", "X", "300_300", "Lagrangian"], "instance": {"facilities": 300, "customers": 300}, "times": {"total_time in s": 3608.15, "initialisation_time in s": 65.39, "node_selection_time in s": 0.08, "implied_demands_time in s": 1233.92, "bounds_time in s": 1710.39, "variable_selection in s": 451.57, "greedy_heuristics_time in s": 133.68, "other_time in s": 13.12}, "nodes": {"total": 116, "pruned": 1, "infeasible": 0, "finished": 0}, "solution": {"LB": 3314.6514, "UB": 4986.6942, "gap in %": 33.53, "incumbent": [15, 84, 85, 96, 125, 134, 151, 152, 174, 175, 192, 193, 212, 241, 264, 273, 282], "memory in MB": 732.92}, "bounds": {"lower_bounds": [[3176.609, 65.39], [3177.707, 281.62, "combined_combinatorial"], [3178.656, 406.92, "combined_combinatorial"], [3183.441, 448.0, "combined_combinatorial"], [3183.488, 528.55, "combined_combinatorial"], [3189.073, 568.06, "combined_combinatorial"], [3189.462, 873.49, "combined_combinatorial"], [3190.224, 910.72, "combined_combinatorial"], [3220.5971258777936, 1266.82, "combined_combinatorial"], [3220.611059575897, 1325.96, "combined_combinatorial"], [3220.619673859124, 1383.08, "combined_combinatorial"], [3224.847652529707, 1569.11, "combined_combinatorial"], [3225.215, 1602.41, "combined_combinatorial"], [3228.9316525297068, 1627.6, "combined_combinatorial"], [3233.506518853333, 1676.62, "combined_combinatorial"], [3233.5370797441137, 1700.36, "combined_combinatorial"], [3241.8000797441136, 1723.7, "combined_combinatorial"], [3241.898062325584, 1746.71, "combined_combinatorial"], [3242.572062325584, 1769.36, "combined_combinatorial"], [3252.184263580765, 1852.85, "combined_combinatorial"], [3261.530263580765, 1891.29, "combined_combinatorial"], [3262.570263580765, 2039.74, "combined_combinatorial"], [3264.0223566748964, 2113.69, "combined_combinatorial"], [3267.172356674896, 2220.61, "combined_combinatorial"], [3268.9613566748967, 2255.36, "combined_combinatorial"], [3269.077896509481, 2277.03, "combined_combinatorial"], [3269.1558965094814, 2298.11, "combined_combinatorial"], [3269.1883566748966, 2332.75, "combined_combinatorial"], [3276.2643566748966, 2434.12, "combined_combinatorial"], [3276.5223566748964, 2532.0, "combined_combinatorial"], [3276.5505192545684, 2594.67, "combined_combinatorial"], [3281.1268965094814, 2614.66, "combined_combinatorial"], [3287.136175319126, 2649.35, "combined_combinatorial"], [3287.1400775771313, 2683.54, "combined_combinatorial"], [3288.0699046360332, 2769.33, "combined_combinatorial"], [3291.001, 2801.87, "combined_combinatorial"], [3291.23032507675, 2821.14, "combined_combinatorial"], [3291.5577070723175, 2839.95, "combined_combinatorial"], [3293.8307070723176, 3010.57, "combined_combinatorial"], [3293.8716242910627, 3028.08, "combined_combinatorial"], [3294.8392705725205, 3062.99, "combined_combinatorial"], [3294.847385514603, 3096.66, "combined_combinatorial"], [3301.270416250793, 3189.37, "combined_combinatorial"], [3301.343416250793, 3241.09, "combined_combinatorial"], [3302.242624291063, 3258.34, "combined_combinatorial"], [3302.794624291063, 3275.03, "combined_combinatorial"], [3303.3274504160336, 3298.28, "combined_combinatorial"], [3303.798295069554, 3321.22, "combined_combinatorial"], [3303.824277651025, 3344.03, "combined_combinatorial"], [3303.8499631713285, 3366.55, "combined_combinatorial"], [3303.995416250793, 3392.05, "combined_combinatorial"], [3309.1140697595315, 3473.46, "combined_combinatorial"], [3309.507416250793, 3498.05, "combined_combinatorial"], [3309.854051470477, 3515.03, "combined_combinatorial"], [3314.4274162507927, 3539.39, "combined_combinatorial"], [3314.651416250793, 3586.54, "combined_combinatorial"]], "upper_bounds": [[5098.403470963586, 65.39]]}}