{"input parameters": ["10", "0", "1000", "X", "1000_1000", "Lagrangian"], "instance": {"facilities": 1000, "customers": 1000}, "times": {"total_time in s": 88064.63, "initialisation_time in s": 7245.23, "node_selection_time in s": 0.51, "implied_demands_time in s": 42771.57, "bounds_time in s": 26225.09, "variable_selection in s": 8832.53, "greedy_heuristics_time in s": 2889.5, "other_time in s": 100.2}, "nodes": {"total": 72, "pruned": 0, "infeasible": 0, "finished": 0}, "solution": {"LB": 9924.8799, "UB": 15254.3661, "gap in %": 34.94, "incumbent": [26, 33, 45, 48, 68, 82, 92, 93, 99, 134, 151, 175, 187, 228, 236, 248, 325, 341, 363, 384, 429, 430, 432, 448, 469, 472, 491, 511, 513, 558, 561, 566, 586, 589, 599, 638, 639, 659, 662, 676, 693, 730, 734, 755, 758, 759, 774, 779, 806, 820, 856, 875, 920, 924, 928, 973, 993, 998], "memory in MB": 5374.25}, "bounds": {"lower_bounds": [[9867.181, 7245.23], [9867.256, 9622.44, "combined_combinatorial"], [9867.460969909835, 10780.62, "combined_combinatorial"], [9867.477858170076, 15350.54, "combined_combinatorial"], [9867.486367901793, 19946.42, "combined_combinatorial"], [9867.495069415781, 21104.39, "combined_combinatorial"], [9867.499388045608, 22264.8, "combined_combinatorial"], [9867.828950397381, 28039.83, "combined_combinatorial"], [9867.847177964793, 29181.72, "combined_combinatorial"], [9867.858712565076, 33706.41, "combined_combinatorial"], [9868.332794596343, 37059.47, "combined_combinatorial"], [9869.047794596343, 42547.77, "combined_combinatorial"], [9869.063818078204, 47968.17, "combined_combinatorial"], [9869.511818078205, 49011.09, "combined_combinatorial"], [9884.667818078204, 50056.82, "combined_combinatorial"], [9884.815818078205, 51090.25, "combined_combinatorial"], [9892.806756273654, 52123.08, "combined_combinatorial"], [9892.83890009954, 53157.11, "combined_combinatorial"], [9897.79790009954, 54181.61, "combined_combinatorial"], [9900.93990009954, 55206.59, "combined_combinatorial"], [9910.165712565075, 56338.6, "combined_combinatorial"], [9910.239806473728, 65272.88, "combined_combinatorial"], [9911.590905634059, 66372.25, "combined_combinatorial"], [9911.652905634059, 67460.11, "combined_combinatorial"], [9911.671017741432, 71778.61, "combined_combinatorial"], [9911.695017741433, 76063.13, "combined_combinatorial"], [9924.455786940722, 84419.4, "combined_combinatorial"], [9924.87990009954, 86280.68, "combined_combinatorial"]], "upper_bounds": [[15254.366053079963, 7245.23]]}}