{
    "input parameters": [
        "10",
        "1",
        "500",
        "X",
        "500_500",
        "preprocessing"
    ],
    "instance": {
        "facilities": 500,
        "customers": 500
    },
    "times": {
        "total_time in s": 3600.33,
        "model_building_time in s": 682.83,
        "model_solving_time in s": 2917.5
    },
    "nodes": {
        "total": 1.0
    },
    "solution": {
        "LB": 6323.1418,
        "UB": 11288.8471,
        "gap in %": 0.44,
        "incumbent": [
            38,
            65,
            67,
            72,
            74,
            76,
            79,
            116,
            118,
            134,
            144,
            151,
            168,
            170,
            195,
            221,
            244,
            268,
            270,
            293,
            294,
            329,
            348,
            354,
            377,
            387,
            396,
            401,
            422,
            437,
            454,
            466,
            496
        ],
        "memory in MB": 7466.91
    },
    "bounds": {
        "lower_bounds": [
            [
                0.0,
                333.66838812828064
            ],
            [
                6323.141833403895,
                1557.3726451396942
            ]
        ],
        "upper_bounds": [
            [
                43412.02061400001,
                334.23069500923157
            ],
            [
                11676.034555,
                1558.5292451381683
            ],
            [
                11477.810723,
                1679.4466152191162
            ],
            [
                11288.847079,
                1714.6799612045288
            ]
        ]
    }
}