{
    "input parameters": [
        "10",
        "1",
        "300",
        "X",
        "300_300",
        "preprocessing"
    ],
    "instance": {
        "facilities": 300,
        "customers": 300
    },
    "times": {
        "total_time in s": 3600.06,
        "model_building_time in s": 58.99,
        "model_solving_time in s": 3541.07
    },
    "nodes": {
        "total": 542.0
    },
    "solution": {
        "LB": 4026.5326,
        "UB": 4878.33,
        "gap in %": 0.17,
        "incumbent": [
            15,
            18,
            75,
            85,
            96,
            117,
            125,
            134,
            152,
            159,
            160,
            182,
            212,
            269,
            282,
            297
        ],
        "memory in MB": 3178.49
    },
    "bounds": {
        "lower_bounds": [
            [
                0.0,
                61.33702301979065
            ],
            [
                3918.788718372595,
                167.07188296318054
            ],
            [
                3919.8297274579254,
                178.9957139492035
            ],
            [
                3919.8337476138813,
                180.31152200698853
            ],
            [
                3919.995735516551,
                180.90063309669495
            ],
            [
                3920.1824775178516,
                181.9092960357666
            ],
            [
                3920.267158550408,
                182.76591515541077
            ],
            [
                3921.063634673638,
                197.62649416923523
            ],
            [
                3921.0770208670974,
                207.25065112113953
            ],
            [
                3923.2073036525835,
                210.9065079689026
            ],
            [
                3923.2632251098253,
                211.78854608535767
            ],
            [
                3923.5840077137973,
                212.7502520084381
            ],
            [
                3924.8093906602103,
                228.12032508850098
            ],
            [
                3924.816926311363,
                229.17195796966553
            ],
            [
                3924.84454023722,
                229.567538022995
            ],
            [
                3924.898200836663,
                230.18081617355347
            ],
            [
                3924.898967363949,
                230.38268899917603
            ],
            [
                3925.4253752604814,
                233.0302541255951
            ],
            [
                3925.434076732595,
                233.856693983078
            ],
            [
                3925.614097827898,
                234.65575909614563
            ],
            [
                3925.640537640963,
                235.22580194473267
            ],
            [
                3925.6416140643014,
                235.4117500782013
            ],
            [
                3925.947627016849,
                241.33524298667908
            ],
            [
                3925.959202013178,
                242.28021216392517
            ],
            [
                3925.970024462733,
                242.68545007705688
            ],
            [
                3925.972060463998,
                242.9535050392151
            ],
            [
                3926.2558784932676,
                252.44058108329773
            ],
            [
                3926.2593046220227,
                253.21611213684082
            ],
            [
                3926.2659725474055,
                253.44124507904053
            ],
            [
                3926.7684881941004,
                257.0318260192871
            ],
            [
                3926.783069286552,
                257.9690330028534
            ],
            [
                3926.8029578894557,
                258.3578231334686
            ],
            [
                3926.806295912109,
                258.5638601779938
            ],
            [
                3927.4811651407217,
                262.6359601020813
            ],
            [
                3927.5009626365745,
                263.4777669906616
            ],
            [
                3927.5460731188787,
                263.8987910747528
            ],
            [
                3927.546212545457,
                264.09627199172974
            ],
            [
                3928.229664880155,
                266.7283160686493
            ],
            [
                3928.312162791385,
                267.5806541442871
            ],
            [
                3928.584907390719,
                268.3290719985962
            ],
            [
                3928.6662623373404,
                268.70535612106323
            ],
            [
                3928.666466508734,
                268.8310720920563
            ],
            [
                3928.886368093889,
                270.60929703712463
            ],
            [
                3928.9050384004936,
                271.35258412361145
            ],
            [
                3929.3122002652963,
                273.62388610839844
            ],
            [
                3929.372158107096,
                274.5165569782257
            ],
            [
                3929.6261446843873,
                276.7097909450531
            ],
            [
                3929.642494523243,
                277.5178689956665
            ],
            [
                3930.4991565367013,
                281.2513711452484
            ],
            [
                3930.500188875505,
                282.1472821235657
            ],
            [
                3930.5197640313636,
                282.5455951690674
            ],
            [
                3930.519776684096,
                282.72134709358215
            ],
            [
                3931.0724756586155,
                284.5844421386719
            ],
            [
                3931.1184079842337,
                285.37371301651
            ],
            [
                3931.129060047534,
                285.80189514160156
            ],
            [
                3931.1293401373823,
                285.9807150363922
            ],
            [
                3931.5488291910788,
                288.15477108955383
            ],
            [
                3931.574685409855,
                289.02494406700134
            ],
            [
                3931.723631810614,
                291.4873490333557
            ],
            [
                3931.7238899924496,
                292.3270220756531
            ],
            [
                3931.7510356386465,
                292.7254581451416
            ],
            [
                3931.7513162988844,
                292.91926312446594
            ],
            [
                3931.9345301774333,
                294.8821520805359
            ],
            [
                3931.9402109084467,
                295.8575031757355
            ],
            [
                3932.0484327541503,
                296.6692759990692
            ],
            [
                3932.055331158507,
                297.01106095314026
            ],
            [
                3932.40091966966,
                299.56271505355835
            ],
            [
                3932.401375959398,
                300.4257481098175
            ],
            [
                3932.435005019103,
                300.87147307395935
            ],
            [
                3932.4356818790106,
                301.1222171783447
            ],
            [
                3932.777515764807,
                303.33725214004517
            ],
            [
                3932.785341851945,
                304.3044111728668
            ],
            [
