{
    "input parameters": [
        "10",
        "1",
        "300",
        "X",
        "300_300",
        "no_preprocessing"
    ],
    "instance": {
        "facilities": 300,
        "customers": 300
    },
    "times": {
        "total_time in s": 3600.14,
        "model_building_time in s": 18.25,
        "model_solving_time in s": 3581.89
    },
    "nodes": {
        "total": 62.0
    },
    "solution": {
        "LB": 4027.101,
        "UB": 4928.6514,
        "gap in %": 0.18,
        "incumbent": [
            15,
            18,
            61,
            84,
            85,
            96,
            117,
            125,
            152,
            160,
            212,
            269,
            282,
            288,
            297
        ],
        "memory in MB": 3912.21
    },
    "bounds": {
        "lower_bounds": [
            [
                0.0,
                72.66769194602966
            ],
            [
                3915.2910206139954,
                443.4745309352875
            ],
            [
                3921.9409326958275,
                833.7812759876251
            ],
            [
                3922.008372586317,
                847.0716450214386
            ],
            [
                3924.747534355897,
                981.1096169948578
            ],
            [
                3924.7619951883576,
                987.6438930034637
            ],
            [
                3926.856211558738,
                1079.36865401268
            ],
            [
                3926.889174559925,
                1087.8925490379333
            ],
            [
                3926.893040807633,
                1089.117847919464
            ],
            [
                3928.9213059003637,
                1152.5311019420624
            ],
            [
                3930.0904413233447,
                1167.1526758670807
            ],
            [
                3930.3236584112856,
                1172.032860994339
            ],
            [
                3930.3864707432963,
                1174.8034150600433
            ],
            [
                3930.450814552044,
                1178.0581748485565
            ],
            [
                3930.4902536642753,
                1180.3287348747253
            ],
            [
                3930.5490329744007,
                1182.4309480190277
            ],
            [
                3931.904746650099,
                1231.9574160575867
            ],
            [
                3931.985657630154,
                1240.964704990387
            ],
            [
                3932.0076218444374,
                1243.5032019615173
            ],
            [
                3932.0384973047203,
                1245.981752872467
            ],
            [
                3932.0385693282974,
                1247.0744540691376
            ],
            [
                3933.3603428440483,
                1305.6435978412628
            ],
            [
                3933.626681339285,
                1313.3845660686493
            ],
            [
                3933.6556154343316,
                1315.2587358951569
            ],
            [
                3933.655928020422,
                1316.970389842987
            ],
            [
                3934.4748519505233,
                1356.0877258777618
            ],
            [
                3934.569323459583,
                1362.7201528549194
            ],
            [
                3934.5821999625955,
                1365.2569398880005
            ],
            [
                3935.992911847158,
                1397.5870640277863
            ],
            [
                3936.400266503492,
                1411.0593569278717
            ],
            [
                3936.4928246616337,
                1415.54829287529
            ],
            [
                3936.511679662404,
                1416.8296749591827
            ],
            [
                3936.5176668451318,
                1418.6133379936218
            ],
            [
                3936.5180622974663,
                1419.4940419197083
            ],
            [
                3937.898648402823,
                1451.0989010334015
            ],
            [
                3938.08349619523,
                1498.2309198379517
            ],
            [
                3938.2474277563156,
                1503.4061179161072
            ],
            [
                3938.3418789237685,
                1505.641399860382
            ],
            [
                3938.356387067323,
                1506.8769979476929
            ],
            [
                3938.3602825384596,
                1508.0211870670319
            ],
            [
                3938.361860197492,
                1509.1798708438873
            ],
            [
                3939.4049309917455,
                1544.4519200325012
            ],
            [
                3939.4261421923225,
                1552.3375270366669
            ],
            [
                3939.4307945963615,
                1554.0614578723907
            ],
            [
                3939.431091487869,
                1555.1241040229797
            ],
            [
                3939.5974931285346,
                1609.9254548549652
            ],
            [
                3939.5986890986733,
                1647.0135798454285
            ],
            [
                3939.9547022591746,
                1674.2267589569092
            ],
            [
                3939.979143606534,
                1679.0980529785156
            ],
            [
                3939.9800116516158,
                1680.8002829551697
            ],
            [
                3940.7130742877,
                1716.820557832718
            ],
            [
                3940.851828505249,
                1735.9577898979187
            ],
            [
                3940.854200351774,
                1737.1576309204102
            ],
            [
                3941.680302063037,
                1766.9791269302368
            ],
            [
                3941.861567115913,
                1785.0978138446808
            ],
            [
                3941.896510602371,
                1787.5837180614471
            ],
            [
                3941.902336003788,
                1788.7381629943848
            ],
            [
                3941.9027946763135,
                1789.8187289237976
            ],
            [
                3941.9592959415113,
                1822.2306518554688
            ],
            [
                3941.959357036047,
                1865.6726658344269
            ],
            [
                3941.9624662136926,
                1892.7349710464478
            ],
            [
                3941.969737292325,
                1904.5805959701538
            ],
            [
                3941.969867370361,
                1905.6754350662231
            ],
            [
                3942.011504409321,
                1943.285943031311
            ],
            [
                3942.0182854065115,
                1983.2442848682404
            ],
            [
                3942.26446763452,
                2006.9981968402863
            ],
            [
                3942.2669769136855,
                2012.2500388622284
            ],
            [
                3942.5178052444826,
                2048.564050912857
            ],
            [
                3942.5220192901083,
                2051.7210178375244
            ],
            [
                3942.5226503452454,
                2052.854528903961
            ],
            [
                3942.586973479637,
                2071.5153279304504
            ],
            [
                3942.589731883876,
                2079.440486907959
            ],
            [
