{"input parameters": ["11", "0", "300", "X", "300_300", "Lagrangian"], "instance": {"facilities": 300, "customers": 300}, "times": {"total_time in s": 3636.82, "initialisation_time in s": 76.28, "node_selection_time in s": 0.09, "implied_demands_time in s": 1151.9, "bounds_time in s": 1794.82, "variable_selection in s": 472.4, "greedy_heuristics_time in s": 126.31, "other_time in s": 15.02}, "nodes": {"total": 111, "pruned": 1, "infeasible": 0, "finished": 0}, "solution": {"LB": 2991.373, "UB": 4425.3018, "gap in %": 32.4, "incumbent": [4, 16, 45, 58, 75, 85, 90, 115, 135, 144, 166, 178, 217, 222, 234, 257, 286, 287], "memory in MB": 701.96}, "bounds": {"lower_bounds": [[2858.899, 76.28], [2859.059, 532.54, "combined_combinatorial"], [2859.099, 620.92, "combined_combinatorial"], [2859.134, 748.05, "combined_combinatorial"], [2859.304, 786.17, "combined_combinatorial"], [2859.643, 1177.97, "combined_combinatorial"], [2859.673, 1241.98, "combined_combinatorial"], [2860.602, 1272.4, "combined_combinatorial"], [2866.517464696595, 1299.77, "combined_combinatorial"], [2868.5544464532836, 1325.5, "combined_combinatorial"], [2904.21076236058, 1350.59, "combined_combinatorial"], [2909.4210937260086, 1374.72, "combined_combinatorial"], [2927.956401577566, 1400.34, "combined_combinatorial"], [2928.361401577566, 1450.88, "combined_combinatorial"], [2928.696401577566, 1475.98, "combined_combinatorial"], [2931.7629101449647, 1524.4, "combined_combinatorial"], [2931.891524338177, 1570.92, "combined_combinatorial"], [2931.9395243381778, 1616.66, "combined_combinatorial"], [2932.972939205193, 1663.25, "combined_combinatorial"], [2938.00129000413, 1686.37, "combined_combinatorial"], [2938.42829000413, 1731.98, "combined_combinatorial"], [2938.85429000413, 1871.53, "combined_combinatorial"], [2944.416798571529, 1895.84, "combined_combinatorial"], [2944.4687985715286, 1945.81, "combined_combinatorial"], [2950.0264470838442, 2045.58, "combined_combinatorial"], [2953.4919301115888, 2094.54, "combined_combinatorial"], [2953.4969313700553, 2118.95, "combined_combinatorial"], [2961.021874793303, 2145.64, "combined_combinatorial"], [2962.1091556592555, 2198.86, "combined_combinatorial"], [2962.2841899783584, 2224.9, "combined_combinatorial"], [2964.6216730061033, 2250.68, "combined_combinatorial"], [2964.62667426457, 2276.28, "combined_combinatorial"], [2973.523, 2308.61, "combined_combinatorial"], [2975.889, 2340.05, "combined_combinatorial"], [2976.004, 2370.84, "combined_combinatorial"], [2976.9385756081856, 2426.36, "combined_combinatorial"], [2978.6292283534476, 2450.08, "combined_combinatorial"], [2980.589, 2500.22, "combined_combinatorial"], [2981.081, 2552.23, "combined_combinatorial"], [2981.874193384891, 2592.04, "combined_combinatorial"], [2981.8904730381723, 2820.94, "combined_combinatorial"], [2981.9464730381724, 2857.46, "combined_combinatorial"], [2982.0217750623733, 2892.21, "combined_combinatorial"], [2985.2292626725502, 2913.49, "combined_combinatorial"], [2985.70269420016, 2946.98, "combined_combinatorial"], [2986.2048895212747, 2971.61, "combined_combinatorial"], [2988.908745700295, 2992.85, "combined_combinatorial"], [2991.152763, 3077.95, "combined_combinatorial"], [2991.173040955794, 3271.13, "combined_combinatorial"], [2991.3330409557943, 3518.68, "combined_combinatorial"], [2991.3730409557943, 3559.28, "combined_combinatorial"]], "upper_bounds": [[4537.390395496531, 76.28]]}}