{"input parameters": ["11", "0", "300", "X", "300_300", "no_Lagrangian"], "instance": {"facilities": 300, "customers": 300}, "times": {"total_time in s": 3601.93, "initialisation_time in s": 54.57, "node_selection_time in s": 0.16, "implied_demands_time in s": 2180.65, "bounds_time in s": 146.98, "variable_selection in s": 936.58, "greedy_heuristics_time in s": 252.55, "other_time in s": 30.44}, "nodes": {"total": 267, "pruned": 2, "infeasible": 0, "finished": 0}, "solution": {"LB": 3060.5829, "UB": 4425.3018, "gap in %": 30.84, "incumbent": [4, 16, 45, 58, 75, 85, 90, 115, 135, 144, 166, 178, 217, 222, 234, 257, 286, 287], "memory in MB": 1499.41}, "bounds": {"lower_bounds": [[2858.899, 54.57], [2859.059, 260.57, "combined_combinatorial"], [2859.099, 300.12, "combined_combinatorial"], [2859.134, 356.75, "combined_combinatorial"], [2859.304, 374.16, "combined_combinatorial"], [2859.643, 556.96, "combined_combinatorial"], [2859.673, 587.27, "combined_combinatorial"], [2860.602, 601.61, "combined_combinatorial"], [2866.517464696595, 614.12, "combined_combinatorial"], [2868.5544464532836, 625.87, "combined_combinatorial"], [2904.21076236058, 637.39, "combined_combinatorial"], [2909.4210937260086, 648.53, "combined_combinatorial"], [2927.956401577566, 660.32, "combined_combinatorial"], [2928.361401577566, 683.52, "combined_combinatorial"], [2928.696401577566, 695.46, "combined_combinatorial"], [2931.7629101449647, 717.26, "combined_combinatorial"], [2931.891524338177, 737.58, "combined_combinatorial"], [2931.9395243381778, 757.8, "combined_combinatorial"], [2932.972939205193, 778.54, "combined_combinatorial"], [2938.00129000413, 789.2, "combined_combinatorial"], [2938.42829000413, 809.97, "combined_combinatorial"], [2938.85429000413, 871.33, "combined_combinatorial"], [2944.416798571529, 880.7, "combined_combinatorial"], [2944.4687985715286, 899.26, "combined_combinatorial"], [2950.0264470838442, 936.23, "combined_combinatorial"], [2953.4919301115888, 954.2, "combined_combinatorial"], [2953.4969313700553, 963.18, "combined_combinatorial"], [2961.021874793303, 973.16, "combined_combinatorial"], [2962.1091556592555, 992.64, "combined_combinatorial"], [2962.2841899783584, 1002.17, "combined_combinatorial"], [2964.6216730061033, 1011.51, "combined_combinatorial"], [2964.62667426457, 1020.82, "combined_combinatorial"], [2973.523, 1033.77, "combined_combinatorial"], [2975.889, 1046.39, "combined_combinatorial"], [2976.004, 1059.08, "combined_combinatorial"], [2976.9385756081856, 1083.15, "combined_combinatorial"], [2978.6292283534476, 1092.57, "combined_combinatorial"], [2980.589, 1114.22, "combined_combinatorial"], [2981.081, 1138.06, "combined_combinatorial"], [2981.874193384891, 1155.8, "combined_combinatorial"], [2981.8904730381723, 1257.38, "combined_combinatorial"], [2981.9464730381724, 1273.51, "combined_combinatorial"], [2982.0217750623733, 1288.92, "combined_combinatorial"], [2985.2292626725502, 1298.13, "combined_combinatorial"], [2985.70269420016, 1313.14, "combined_combinatorial"], [2986.2048895212747, 1324.93, "combined_combinatorial"], [2988.908745700295, 1334.34, "combined_combinatorial"], [2991.152763, 1372.36, "combined_combinatorial"], [2991.173040955794, 1450.05, "combined_combinatorial"], [2991.3330409557943, 1561.09, "combined_combinatorial"], [2991.3730409557943, 1578.9, "combined_combinatorial"], [2991.408040955794, 1629.99, "combined_combinatorial"], [2991.578040955794, 1646.08, "combined_combinatorial"], [2991.608040955794, 1709.16, "combined_combinatorial"], [2991.723040955794, 1724.28, "combined_combinatorial"], [2992.461040955794, 1738.78, "combined_combinatorial"], [2992.822040955794, 1766.56, "combined_combinatorial"], [2993.3118895212747, 1777.45, "combined_combinatorial"], [2994.3212911555092, 1797.18, "combined_combinatorial"], [2994.36892030697, 1873.39, "combined_combinatorial"], [2994.4579203069698, 1946.8, "combined_combinatorial"], [2995.6319203069697, 1964.73, "combined_combinatorial"], [2995.7919203069696, 2068.56, "combined_combinatorial"], [2995.8319203069696, 2085.46, "combined_combinatorial"], [2995.8519203069695, 2101.86, "combined_combinatorial"], [2995.8669203069694, 2133.99, "combined_combinatorial"], [2996.0369203069695, 2149.38, "combined_combinatorial"], [2996.0669203069697, 2209.7, "combined_combinatorial"], [2997.03169420016, 2224.6, "combined_combinatorial"], [2999.2815056523896, 2280.16, "combined_combinatorial"], [2999.3325056523895, 2291.78, "combined_combinatorial"], [3001.4474874090774, 2325.97, "combined_combinatorial"], [3009.010412764741, 2335.1, "combined_combinatorial"], [3009.90369420016, 2357.95, "combined_combinatorial"], [3010.23469420016, 2385.63, "combined_combinatorial"], [3011.425428874368, 2426.81, "combined_combinatorial"], [3011.54708980438, 2441.31, "combined_combinatorial"], [3011.955043067581, 2455.34, "combined_combinatorial"], [3012.1693766570806, 2468.67, "combined_combinatorial"], [3012.2843766570804, 2481.85, "combined_combinatorial"], [3012.5462231696824, 2497.44, "combined_combinatorial"], [3012.729043067581, 2526.07, "combined_combinatorial"], [3012.7643766570804, 2552.31, "combined_combinatorial"], [3013.090043067581, 2565.2, "combined_combinatorial"], [3018.685885224479, 2576.66, "combined_combinatorial"], [3019.127885224479, 2588.29, "combined_combinatorial"], [3019.510507764176, 2622.2, "combined_combinatorial"], [3019.708507764176, 2654.71, "combined_combinatorial"], [3021.8234895208643, 2665.05, "combined_combinatorial"], [3023.987896618595, 2676.34, "combined_combinatorial"], [3031.258182195883, 2763.25, "combined_combinatorial"], [3036.73476582062, 2777.88, "combined_combinatorial"], [3036.810803316374, 2788.7, "combined_combinatorial"], [3036.937010592064, 2799.24, "combined_combinatorial"], [3038.112620989417, 2814.01, "combined_combinatorial"], [3038.142620989417, 2856.95, "combined_combinatorial"], [3039.1189446268386, 2866.31, "combined_combinatorial"], [3040.5260366814405, 2875.4, "combined_combinatorial"], [3041.582134681802, 2885.68, "combined_combinatorial"], [3043.3542283534475, 2895.03, "combined_combinatorial"], [3044.7920366814405, 2904.09, "combined_combinatorial"], [3045.427858703471, 2912.84, "combined_combinatorial"], [3045.727400977764, 2921.31, "combined_combinatorial"], [3045.7433658797163, 2970.2, "combined_combinatorial"], [3046.0273516170178, 2986.64, "combined_combinatorial"], [3046.0280035868896, 3002.72, "combined_combinatorial"], [3046.0340530961594, 3018.43, "combined_combinatorial"], [3046.3650530961586, 3049.59, "combined_combinatorial"], [3046.4800530961593, 3080.1, "combined_combinatorial"], [3046.857053096159, 3110.41, "combined_combinatorial"], [3047.350053096159, 3125.37, "combined_combinatorial"], [3049.737632636275, 3133.15, "combined_combinatorial"], [3049.769632636275, 3148.73, "combined_combinatorial"], [3049.7751188892207, 3156.46, "combined_combinatorial"], [3050.229002937937, 3168.22, "combined_combinatorial"], [3050.821353736874, 3179.77, "combined_combinatorial"], [3051.309353736874, 3202.36, "combined_combinatorial"], [3051.634353736874, 3213.43, "combined_combinatorial"], [3053.271561663558, 3237.76, "combined_combinatorial"], [3053.890303266672, 3395.78, "combined_combinatorial"], [3053.918395321274, 3406.16, "combined_combinatorial"], [3054.4103953212743, 3436.27, "combined_combinatorial"], [3054.7202283534475, 3455.51, "combined_combinatorial"], [3054.7297113811924, 3464.65, "combined_combinatorial"], [3054.734712639659, 3473.88, "combined_combinatorial"], [3054.8363953212747, 3483.82, "combined_combinatorial"], [3055.3951294791586, 3494.98, "combined_combinatorial"], [3055.400130737625, 3506.25, "combined_combinatorial"], [3056.213155659256, 3515.82, "combined_combinatorial"], [3056.4264015775657, 3527.42, "combined_combinatorial"], [3057.1868054281613, 3549.08, "combined_combinatorial"], [3060.530903888673, 3558.67, "combined_combinatorial"], [3060.5829038886727, 3576.94, "combined_combinatorial"]],