{"input parameters": ["11", "0", "500", "X", "500_500", "no_Lagrangian"], "instance": {"facilities": 500, "customers": 500}, "times": {"total_time in s": 3618.17, "initialisation_time in s": 479.49, "node_selection_time in s": 0.05, "implied_demands_time in s": 2325.57, "bounds_time in s": 59.63, "variable_selection in s": 564.53, "greedy_heuristics_time in s": 178.77, "other_time in s": 10.14}, "nodes": {"total": 35, "pruned": 0, "infeasible": 0, "finished": 0}, "solution": {"LB": 5701.8823, "UB": 9185.1844, "gap in %": 37.92, "incumbent": [25, 44, 89, 104, 148, 156, 174, 217, 259, 266, 272, 276, 290, 315, 344, 350, 372, 382, 420, 427, 432, 441, 451, 453, 471, 472, 498, 499], "memory in MB": 1035.16}, "bounds": {"lower_bounds": [[5582.104, 479.49], [5582.208, 690.39, "combined_combinatorial"], [5583.248, 793.77, "combined_combinatorial"], [5584.128, 997.54, "combined_combinatorial"], [5639.846337468944, 1092.58, "combined_combinatorial"], [5665.361, 1195.88, "combined_combinatorial"], [5665.985, 1399.5, "combined_combinatorial"], [5668.963, 2177.88, "combined_combinatorial"], [5674.514, 2366.79, "combined_combinatorial"], [5683.417355262248, 2458.92, "combined_combinatorial"], [5685.221, 2824.37, "combined_combinatorial"], [5689.887044482368, 2917.67, "combined_combinatorial"], [5698.048295279138, 3007.85, "combined_combinatorial"], [5698.218295279137, 3274.4, "combined_combinatorial"], [5698.240295279138, 3361.91, "combined_combinatorial"], [5701.877295279138, 3449.43, "combined_combinatorial"], [5701.8823258964385, 3536.7, "combined_combinatorial"]], "upper_bounds": [[9557.1308863217, 479.49]]}}