{
    "input parameters": [
        "11",
        "0",
        "300",
        "X",
        "300_300",
        "preprocessing"
    ],
    "instance": {
        "facilities": 300,
        "customers": 300
    },
    "times": {
        "total_time in s": 3600.02,
        "model_building_time in s": 48.88,
        "model_solving_time in s": 3551.14
    },
    "nodes": {
        "total": 1193.0
    },
    "solution": {
        "LB": 3393.2711,
        "UB": 4308.9162,
        "gap in %": 0.21,
        "incumbent": [
            4,
            45,
            58,
            75,
            85,
            90,
            115,
            135,
            143,
            144,
            166,
            178,
            184,
            217,
            222,
            257,
            286,
            287
        ],
        "memory in MB": 1712.67
    },
    "bounds": {
        "lower_bounds": [
            [
                0.0,
                13.533382892608643
            ],
            [
                3079.570917087423,
                51.264538049697876
            ],
            [
                3115.0041148428163,
                111.896812915802
            ],
            [
                3115.070306810766,
                113.25984787940979
            ],
            [
                3122.233590081199,
                140.45506405830383
            ],
            [
                3122.392034405085,
                143.33099508285522
            ],
            [
                3122.3920398082364,
                143.56666707992554
            ],
            [
                3138.4771503624547,
                161.46144104003906
            ],
            [
                3139.1039341325213,
                163.84224796295166
            ],
            [
                3139.170899581499,
                164.14810299873352
            ],
            [
                3139.1726380828204,
                164.4017689228058
            ],
            [
                3143.933533117492,
                178.76006698608398
            ],
            [
                3146.198435968373,
                181.30552697181702
            ],
            [
                3146.282827045909,
                181.68124389648438
            ],
            [
                3147.068662387143,
                184.2639389038086
            ],
            [
                3147.0755402288014,
                184.66281390190125
            ],
            [
                3149.157001110222,
                199.44039607048035
            ],
            [
                3150.7403445651885,
                203.13829898834229
            ],
            [
                3150.872721453559,
                205.26549196243286
            ],
            [
                3150.887364271452,
                205.47454500198364
            ],
            [
                3150.887857546388,
                205.65243101119995
            ],
            [
                3153.4291319900226,
                215.56845498085022
            ],
            [
                3154.558354445934,
                217.47996306419373
            ],
            [
                3154.71606563978,
                218.12679886817932
            ],
            [
                3154.988343919964,
                218.58844304084778
            ],
            [
                3154.994314424644,
                218.91850399971008
            ],
            [
                3156.6675836754976,
                227.22518587112427
            ],
            [
                3157.196520436545,
                228.81727290153503
            ],
            [
                3157.2985847271216,
                229.7195200920105
            ],
            [
                3157.3132340853654,
                229.94352388381958
            ],
            [
                3157.321994211323,
                230.16201400756836
            ],
            [
                3157.9064745057162,
                236.177649974823
            ],
            [
                3157.9984239260575,
                237.61139607429504
            ],
            [
                3158.0442212766734,
                237.95989608764648
            ],
            [
                3158.0480587253555,
                238.1527669429779
            ],
            [
                3158.6207491960367,
                243.26838994026184
            ],
            [
                3158.7097946993363,
                245.0887849330902
            ],
            [
                3158.713909532297,
                245.48048305511475
            ],
            [
                3160.9052288005814,
                250.8991219997406
            ],
            [
                3161.017733281649,
                252.62302589416504
            ],
            [
                3161.0371141621254,
                252.80831694602966
            ],
            [
                3161.039540808373,
                253.06994605064392
            ],
            [
                3161.1902273829637,
                257.2615258693695
            ],
            [
                3161.3814704594015,
                259.0322439670563
            ],
            [
                3161.4327880112564,
                259.27601289749146
            ],
            [
                3161.4396011524323,
                259.4523859024048
            ],
            [
                3161.453927455247,
                262.76478600502014
            ],
            [
                3161.459048379924,
                264.79380893707275
            ],
            [
                3161.598746567698,
                267.5348958969116
            ],
            [
                3161.6065040120375,
                268.89560890197754
            ],
            [
                3161.685198000563,
                271.69202303886414
            ],
            [
                3161.691551793891,
                272.77002787590027
            ],
            [
                3161.691991326026,
                275.24576902389526
            ],
            [
                3161.697585547727,
                278.6175448894501
            ],
            [
                3161.699474528326,
                278.928719997406
            ],
            [
                3170.271575787383,
                288.216677904129
            ],
            [
                3174.8967577019894,
                320.39524102211
            ],
            [
                3212.956209610958,
                323.99793696403503
            ],
            [
                3214.1569466698106,
                326.5886900424957
            ],
            [
                3215.0061061850474,
                327.45983600616455
            ],
            [
                3215.7107673783617,
                335.18735003471375
            ],
            [
                3223.4348267318956,
                484.9269070625305
            ],
            [
                3239.4763981386036,
                549.2792370319366
            ],
            [
                3247.254528146798,
                614.9247150421143
            ],
            [
                3258.9194054446357,
                646.7095639705658
            ],
            [
                3261.1653320641376,
                759.519613981247
            ],
            [
                3310.3280128245065,
                835.993292093277
            ],
            [
                3315.9886989324996,
                839.1762840747833
            ],
            [
                3317.4533681290445,
                904.7650198936462
            ],
            [
                3351.088030358356,
                2764.467274904251
            ],
            [
                3367.771956700237,
                3072.372410058975
            ],
            [
                3373.4142352099966,
