{
    "input parameters": [
        "11",
        "0",
        "700",
        "X",
        "700_700",
        "preprocessing"
    ],
    "instance": {
        "facilities": 700,
        "customers": 700
    },
    "times": {
        "total_time in s": 3600.74,
        "model_building_time in s": 1734.04,
        "model_solving_time in s": 1866.69
    },
    "nodes": {
        "total": 1.0
    },
    "solution": {
        "LB": 8364.9316,
        "UB": 13460.6908,
        "gap in %": 0.38,
        "incumbent": [
            24,
            40,
            49,
            77,
            100,
            110,
            132,
            151,
            153,
            173,
            192,
            248,
            264,
            272,
            301,
            305,
            328,
            339,
            356,
            376,
            381,
            393,
            399,
            401,
            404,
            408,
            432,
            447,
            474,
            480,
            486,
            543,
            544,
            589,
            605,
            644,
            649,
            654,
            668,
            680,
            687,
            696
        ],
        "memory in MB": 4072.47
    },
    "bounds": {
        "lower_bounds": [
            [
                0.0,
                80.26105380058289
            ],
            [
                8364.457343623399,
                935.7898228168488
            ],
            [
                8364.931578637126,
                1791.2156598567963
            ]
        ],
        "upper_bounds": [
            [
                117614.32299948491,
                86.46082377433777
            ],
            [
                16343.192032875679,
                936.1019358634949
            ],
            [
                13506.896429785043,
                975.7844908237457
            ],
            [
                13473.502322208866,
                979.4927299022675
            ],
            [
                13460.690830548328,
                1828.8194668293
            ]
        ]
    }
}