{"input parameters": ["11", "0", "1000", "X", "1000_1000", "Lagrangian"], "instance": {"facilities": 1000, "customers": 1000}, "times": {"total_time in s": 86566.4, "initialisation_time in s": 7254.76, "node_selection_time in s": 0.43, "implied_demands_time in s": 42904.23, "bounds_time in s": 25433.84, "variable_selection in s": 7978.31, "greedy_heuristics_time in s": 2904.24, "other_time in s": 90.58}, "nodes": {"total": 65, "pruned": 0, "infeasible": 0, "finished": 0}, "solution": {"LB": 10250.7195, "UB": 15091.9606, "gap in %": 32.08, "incumbent": [21, 24, 49, 52, 61, 71, 99, 108, 119, 139, 152, 158, 162, 170, 178, 196, 283, 313, 314, 328, 339, 353, 373, 390, 399, 413, 415, 416, 449, 462, 498, 505, 552, 599, 604, 613, 632, 639, 662, 680, 684, 689, 706, 707, 754, 811, 820, 846, 850, 857, 906, 916, 931, 953, 966, 973, 985, 988, 997], "memory in MB": 4917.79}, "bounds": {"lower_bounds": [[10230.943, 7254.76], [10232.263, 39667.04, "combined_combinatorial"], [10232.674254533425, 40674.94, "combined_combinatorial"], [10232.713663275366, 41673.42, "combined_combinatorial"], [10232.919025646594, 42683.38, "combined_combinatorial"], [10232.933763428213, 51642.82, "combined_combinatorial"], [10233.090763428212, 52615.33, "combined_combinatorial"], [10233.826763428213, 53577.98, "combined_combinatorial"], [10235.036773310161, 54752.43, "combined_combinatorial"], [10235.677773310163, 61484.09, "combined_combinatorial"], [10235.6943585836, 62406.89, "combined_combinatorial"], [10235.718701242815, 64252.28, "combined_combinatorial"], [10246.82820332464, 65260.16, "combined_combinatorial"], [10250.296701242816, 66226.64, "combined_combinatorial"], [10250.418701242816, 67792.23, "combined_combinatorial"], [10250.424722794158, 72545.85, "combined_combinatorial"], [10250.62153652868, 74094.27, "combined_combinatorial"], [10250.71953652868, 84771.04, "combined_combinatorial"]], "upper_bounds": [[15091.960598829732, 7254.76]]}}