{
    "input parameters": [
        "11",
        "0",
        "500",
        "X",
        "500_500",
        "preprocessing"
    ],
    "instance": {
        "facilities": 500,
        "customers": 500
    },
    "times": {
        "total_time in s": 3600.04,
        "model_building_time in s": 454.72,
        "model_solving_time in s": 3145.32
    },
    "nodes": {
        "total": 552.0
    },
    "solution": {
        "LB": 6269.8777,
        "UB": 8579.1585,
        "gap in %": 0.27,
        "incumbent": [
            25,
            30,
            44,
            116,
            125,
            138,
            174,
            178,
            186,
            217,
            228,
            259,
            266,
            272,
            290,
            350,
            355,
            362,
            386,
            388,
            403,
            427,
            432,
            443,
            451,
            453,
            472,
            477,
            482,
            498
        ],
        "memory in MB": 2397.42
    },
    "bounds": {
        "lower_bounds": [
            [
                0.0,
                37.34654092788696
            ],
            [
                6162.736707566341,
                285.1695580482483
            ],
            [
                6169.655038129455,
                302.6732919216156
            ],
            [
                6169.694530124784,
                311.5249228477478
            ],
            [
                6171.9462888001635,
                316.27778792381287
            ],
            [
                6171.998802700688,
                316.93070697784424
            ],
            [
                6172.31105161641,
                318.6303198337555
            ],
            [
                6174.345701674982,
                329.5862350463867
            ],
            [
                6174.34601481317,
                330.1995208263397
            ],
            [
                6174.399022695186,
                330.99630403518677
            ],
            [
                6175.737851129773,
                340.02102994918823
            ],
            [
                6175.752672384792,
                340.69611501693726
            ],
            [
                6176.134011588528,
                342.0705978870392
            ],
            [
                6176.138289338687,
                342.4362518787384
            ],
            [
                6177.741541867482,
                347.9007399082184
            ],
            [
                6177.784226564995,
                348.53930592536926
            ],
            [
                6178.0765437197415,
                351.72638297080994
            ],
            [
                6178.180135591159,
                352.36534094810486
            ],
            [
                6178.37558475024,
                355.2329819202423
            ],
            [
                6178.381242446845,
                355.87772583961487
            ],
            [
                6178.448180007225,
                357.35643005371094
            ],
            [
                6178.45938004933,
                357.9919128417969
            ],
            [
                6178.598957533974,
                360.03636503219604
            ],
            [
                6178.632938943818,
                360.66440200805664
            ],
            [
                6179.104308571107,
                363.7686879634857
            ],
            [
                6179.125052550315,
                365.1964900493622
            ],
            [
                6180.030370802863,
                367.8368909358978
            ],
            [
                6180.035322710354,
                368.48325991630554
            ],
            [
                6180.080156581528,
                368.8424689769745
            ],
            [
                6180.318030756282,
                370.6006419658661
            ],
            [
                6180.330647364856,
                372.1495850086212
            ],
            [
                6180.4581499592505,
                373.22373604774475
            ],
            [
                6180.461485860435,
                373.86559200286865
            ],
            [
                6181.75736440851,
                378.23949694633484
            ],
            [
                6181.7606419217445,
                378.9066619873047
            ],
            [
                6181.795776102231,
                379.2652289867401
            ],
            [
                6181.825023807317,
                379.8045828342438
            ],
            [
                6181.948336022077,
                381.6496880054474
            ],
            [
                6181.968232012048,
                383.05066299438477
            ],
            [
                6182.055678976595,
                383.74392199516296
            ],
            [
                6182.0572655975175,
                385.17672896385193
            ],
            [
                6182.062458462036,
                385.4174540042877
            ],
            [
                6182.062862345345,
                386.75916290283203
            ],
            [
                6182.177806208258,
                387.4763069152832
            ],
            [
                6182.1799508571885,
                388.22146582603455
            ],
            [
                6182.216992745183,
                388.9289059638977
            ],
            [
                6182.287924807677,
                390.39863300323486
            ],
            [
                6182.333372215315,
                392.70461201667786
            ],
            [
                6182.336075875851,
                449.94187092781067
            ],
            [
                6211.549997825931,
                493.2027199268341
            ],
            [
                6211.695247913011,
                507.6556029319763
            ],
            [
                6224.688282092067,
                516.8018488883972
            ],
            [
                6225.584967244526,
                525.5123908519745
            ],
            [
                6251.726865029422,
                536.1748909950256
            ],
            [
                6256.602424928687,
                546.0455968379974
            ],
            [
                6256.696473246862,
                944.0880808830261
            ],
            [
                6269.202981723463,
                1375.9103009700775
            ],
            [
                6269.265897142081,
                1609.606910943985
            ],
            [
                6269.85238483013,
                1933.504686832428
            ],
            [
                6269.863886689685,
                2293.8273708820343
            ]
        ],