{"input parameters": ["11", "0", "1000", "X", "1000_1000", "no_Lagrangian"], "instance": {"facilities": 1000, "customers": 1000}, "times": {"total_time in s": 86667.66, "initialisation_time in s": 7278.69, "node_selection_time in s": 0.64, "implied_demands_time in s": 58329.62, "bounds_time in s": 604.91, "variable_selection in s": 15114.27, "greedy_heuristics_time in s": 5187.46, "other_time in s": 152.06}, "nodes": {"total": 125, "pruned": 0, "infeasible": 0, "finished": 0}, "solution": {"LB": 10279.6654, "UB": 15738.5312, "gap in %": 34.68, "incumbent": [24, 61, 71, 99, 108, 110, 119, 139, 152, 158, 162, 170, 196, 203, 257, 271, 283, 313, 314, 328, 339, 373, 399, 413, 415, 416, 439, 484, 498, 505, 552, 562, 604, 613, 615, 632, 639, 662, 680, 684, 689, 706, 707, 726, 743, 787, 811, 836, 845, 846, 856, 857, 882, 906, 916, 961, 966, 973, 985, 988], "memory in MB": 8731.46}, "bounds": {"lower_bounds": [[10230.943, 7278.69], [10232.263, 24449.01, "combined_combinatorial"], [10232.674254533425, 25088.82, "combined_combinatorial"], [10232.713663275366, 25726.83, "combined_combinatorial"], [10232.919025646594, 26364.15, "combined_combinatorial"], [10232.933763428213, 32178.46, "combined_combinatorial"], [10233.090763428212, 32823.99, "combined_combinatorial"], [10233.826763428213, 33467.33, "combined_combinatorial"], [10235.036773310161, 34113.02, "combined_combinatorial"], [10235.677773310163, 37889.18, "combined_combinatorial"], [10235.6943585836, 38492.86, "combined_combinatorial"], [10235.718701242815, 39685.02, "combined_combinatorial"], [10246.82820332464, 40361.06, "combined_combinatorial"], [10250.296701242816, 40963.15, "combined_combinatorial"], [10250.418701242816, 41561.92, "combined_combinatorial"], [10250.424722794158, 43345.17, "combined_combinatorial"], [10250.62153652868, 43952.73, "combined_combinatorial"], [10250.71953652868, 48122.03, "combined_combinatorial"], [10267.011218477837, 48869.26, "combined_combinatorial"], [10267.02126061384, 49613.02, "combined_combinatorial"], [10267.02553004525, 50357.54, "combined_combinatorial"], [10267.028552836096, 51092.94, "combined_combinatorial"], [10267.032253915459, 53215.05, "combined_combinatorial"], [10267.051610301112, 53914.33, "combined_combinatorial"], [10267.509610301113, 54573.09, "combined_combinatorial"], [10267.804610301111, 55892.05, "combined_combinatorial"], [10267.84175164834, 56533.18, "combined_combinatorial"], [10271.778698331025, 61121.47, "combined_combinatorial"], [10271.800510358427, 62277.71, "combined_combinatorial"], [10271.823373141233, 63996.64, "combined_combinatorial"], [10271.82339752272, 64568.21, "combined_combinatorial"], [10272.134323121822, 66341.07, "combined_combinatorial"], [10272.860989049428, 66990.86, "combined_combinatorial"], [10273.185918650735, 68892.61, "combined_combinatorial"], [10273.205566277806, 70113.09, "combined_combinatorial"], [10273.58603398508, 71346.74, "combined_combinatorial"], [10273.622493984585, 72565.4, "combined_combinatorial"], [10274.270353493492, 77550.19, "combined_combinatorial"], [10274.378284575927, 78771.13, "combined_combinatorial"], [10274.389406248774, 79327.03, "combined_combinatorial"], [10274.462406248775, 79881.94, "combined_combinatorial"], [10274.750353493491, 80550.82, "combined_combinatorial"], [10275.11835349349, 81214.78, "combined_combinatorial"], [10275.684493984585, 81811.93, "combined_combinatorial"], [10276.623493984584, 82406.62, "combined_combinatorial"], [10276.745860587436, 84822.5, "combined_combinatorial"], [10277.52636337544, 85446.5, "combined_combinatorial"], [10279.66536337544, 86086.15, "combined_combinatorial"]], "upper_bounds": [[17463.53721113388, 7278.69]]}}