{"input parameters": ["11", "0", "500", "X", "500_500", "Lagrangian"], "instance": {"facilities": 500, "customers": 500}, "times": {"total_time in s": 3783.0, "initialisation_time in s": 673.23, "node_selection_time in s": 0.03, "implied_demands_time in s": 1318.24, "bounds_time in s": 1325.03, "variable_selection in s": 361.54, "greedy_heuristics_time in s": 99.06, "other_time in s": 5.86}, "nodes": {"total": 17, "pruned": 0, "infeasible": 0, "finished": 0}, "solution": {"LB": 5665.985, "UB": 8585.1201, "gap in %": 34.0, "incumbent": [25, 44, 89, 116, 125, 203, 259, 261, 266, 276, 289, 290, 315, 322, 327, 350, 355, 372, 382, 420, 432, 443, 451, 472, 477, 498, 499], "memory in MB": 633.69}, "bounds": {"lower_bounds": [[5582.104, 673.23], [5582.208, 1108.23, "combined_combinatorial"], [5583.248, 1323.51, "combined_combinatorial"], [5584.128, 1748.1, "combined_combinatorial"], [5639.846337468944, 1948.51, "combined_combinatorial"], [5665.361, 2159.97, "combined_combinatorial"], [5665.985, 2579.44, "combined_combinatorial"]], "upper_bounds": [[9264.740014427049, 673.23]]}}