{
    "input parameters": [
        "11",
        "0",
        "300",
        "X",
        "300_300",
        "no_preprocessing"
    ],
    "instance": {
        "facilities": 300,
        "customers": 300
    },
    "times": {
        "total_time in s": 3600.11,
        "model_building_time in s": 17.94,
        "model_solving_time in s": 3582.18
    },
    "nodes": {
        "total": 609.0
    },
    "solution": {
        "LB": 3297.7325,
        "UB": 4358.9607,
        "gap in %": 0.24,
        "incumbent": [
            4,
            58,
            75,
            85,
            90,
            115,
            135,
            144,
            166,
            178,
            184,
            189,
            217,
            222,
            257,
            268,
            286,
            287
        ],
        "memory in MB": 3575.51
    },
    "bounds": {
        "lower_bounds": [
            [
                0.0,
                61.03099203109741
            ],
            [
                3079.4895452903597,
                358.1826410293579
            ],
            [
                3080.1751644492147,
                909.4494688510895
            ],
            [
                3082.9339572555655,
                924.6294350624084
            ],
            [
                3083.0531227502734,
                932.6721930503845
            ],
            [
                3083.8105680776735,
                935.4603209495544
            ],
            [
                3083.8530107716374,
                942.201653957367
            ],
            [
                3084.392486304133,
                943.8864040374756
            ],
            [
                3084.5303442652626,
                948.1322159767151
            ],
            [
                3084.6834253715515,
                950.0817220211029
            ],
            [
                3084.7309769455997,
                960.1245360374451
            ],
            [
                3084.896780019863,
                1005.1213479042053
            ],
            [
                3093.2718177284146,
                1047.3263409137726
            ],
            [
                3097.8154134990805,
                1086.1956579685211
            ],
            [
                3097.8519737872516,
                1092.0863108634949
            ],
            [
                3137.3059640547117,
                1111.2690260410309
            ],
            [
                3138.435791678777,
                1322.6814348697662
            ],
            [
                3175.413487595031,
                1443.5722889900208
            ],
            [
                3175.55750345242,
                1489.418112039566
            ],
            [
                3178.9865640605785,
                1558.9754049777985
            ],
            [
                3183.35210710248,
                1692.5161309242249
            ],
            [
                3214.7298843127433,
                1772.9952750205994
            ],
            [
                3215.908653946506,
                1881.7896029949188
            ],
            [
                3216.0952475601875,
                1885.3713910579681
            ],
            [
                3225.9684700141956,
                1993.966022014618
            ],
            [
                3270.2876897722495,
                2224.1343920230865
            ],
            [
                3270.37674990118,
                2349.670464038849
            ],
            [
                3270.996354663425,
                2513.1980550289154
            ],
            [
                3285.560465690666,
                2574.2813198566437
            ],
            [
                3297.732504639222,
                2764.7193460464478
            ]
        ],
        "upper_bounds": [
            [
                44016.35786611902,
                65.18917202949524
            ],
            [
                4911.98995231397,
                358.45700788497925
            ],
            [
                4816.466230371231,
                365.53407406806946
            ],
            [
                4408.000559385369,
                1415.657634973526
            ],
            [
                4401.036728207286,
                1915.115553855896
            ],
            [
                4358.960653718313,
                2859.2895019054413
            ]
        ]
    }
}