{
    "input parameters": [
        "11",
        "1",
        "300",
        "X",
        "300_300",
        "preprocessing"
    ],
    "instance": {
        "facilities": 300,
        "customers": 300
    },
    "times": {
        "total_time in s": 3600.06,
        "model_building_time in s": 60.71,
        "model_solving_time in s": 3539.35
    },
    "nodes": {
        "total": 67.0
    },
    "solution": {
        "LB": 3900.4348,
        "UB": 4528.7224,
        "gap in %": 0.14,
        "incumbent": [
            4,
            16,
            38,
            45,
            64,
            85,
            90,
            130,
            135,
            166,
            178,
            257,
            276,
            286
        ],
        "memory in MB": 2986.34
    },
    "bounds": {
        "lower_bounds": [
            [
                0.0,
                57.575464963912964
            ],
            [
                3805.549091827781,
                343.81529784202576
            ],
            [
                3810.9195295143636,
                642.7157168388367
            ],
            [
                3812.578600105081,
                803.0246639251709
            ],
            [
                3812.6293801416364,
                811.4949178695679
            ],
            [
                3812.6324262533935,
                813.2261509895325
            ],
            [
                3812.642658007594,
                815.2726550102234
            ],
            [
                3814.902857194677,
                899.7860639095306
            ],
            [
                3816.191436372101,
                993.9842929840088
            ],
            [
                3816.194141354811,
                1006.3749690055847
            ],
            [
                3816.76395827214,
                1061.2783308029175
            ],
            [
                3816.7742961614035,
                1072.4078669548035
            ],
            [
                3817.66549105554,
                1104.2427728176117
            ],
            [
                3817.7311822193237,
                1114.155306816101
            ],
            [
                3817.7313752627497,
                1115.2994458675385
            ],
            [
                3817.898427686177,
                1139.89288687706
            ],
            [
                3818.3541566761196,
                1156.7191038131714
            ],
            [
                3819.009114474712,
                1183.2317218780518
            ],
            [
                3819.0103343706974,
                1192.2000479698181
            ],
            [
                3819.467307214306,
                1222.5628428459167
            ],
            [
                3819.4679274611676,
                1241.046283006668
            ],
            [
                3819.7716891781406,
                1261.847100019455
            ],
            [
                3819.7722895309034,
                1272.6510109901428
            ],
            [
                3820.0106088330785,
                1297.9624409675598
            ],
            [
                3820.026231135138,
                1317.527776002884
            ],
            [
                3820.0263104210026,
                1318.31041097641
            ],
            [
                3820.1873548886647,
                1338.3976728916168
            ],
            [
                3820.392192270411,
                1372.450809955597
            ],
            [
                3820.408625424491,
                1391.1627779006958
            ],
            [
                3820.4087243563727,
                1391.9180278778076
            ],
            [
                3820.4942561169073,
                1407.8698108196259
            ],
            [
                3820.4973595409137,
                1410.7234289646149
            ],
            [
                3820.6658455322317,
                1431.296226978302
            ],
            [
                3820.66790027579,
                1451.8360159397125
            ],
            [
                3820.7498330784942,
                1462.7049939632416
            ],
            [
                3820.7731870138828,
                1473.7382209300995
            ],
            [
                3820.7738595262854,
                1474.5371840000153
            ],
            [
                3821.1699181436557,
                1497.9484717845917
            ],
            [
                3821.1800631434267,
                1520.0892930030823
            ],
            [
                3821.6765510162304,
                1543.1877617835999
            ],
            [
                3821.704787457259,
                1556.6738018989563
            ],
            [
                3821.7049005878016,
                1557.4364709854126
            ],
            [
                3822.5003229211516,
                1589.037360906601
            ],
            [
                3822.6528205071722,
                1609.1092658042908
            ],
            [
                3822.656777550973,
                1609.9853298664093
            ],
            [
                3822.6579289800993,
                1611.1542208194733
            ],
            [
                3823.0087569796856,
                1636.1313989162445
            ],
            [
                3823.0964272998613,
                1647.9685459136963
            ],
            [
                3823.54120895127,
                1677.2233879566193
            ],
            [
                3823.5769170815265,
                1697.8542969226837
            ],
            [
                3823.66681789,
                1717.9918138980865
            ],
            [
                3823.667887269722,
                1731.1757588386536
            ],
            [
                3823.8068378490125,
                1753.4180929660797
            ],
            [
                3823.811339000947,
                1769.9384939670563
            ],
            [
                3823.9374504861294,
                1788.697476863861
            ],
            [
                3823.940064032665,
                1796.5307009220123
            ],
            [
                3823.956230028002,
                1814.410062789917
            ],
            [
                3823.9562498199025,
                1826.5085349082947
            ],
            [
                3824.0443031486484,
                1839.668998003006
            ],
            [
                3824.0787742891603,
                1846.8650169372559
            ],
            [
                3824.112823161886,
                1848.1469628810883
            ],
            [
                3824.558869788305,
                1863.679538011551
            ],
            [
                3824.566616618859,
                1883.1934869289398
            ],
            [
                3824.5701954425367,
                1884.0516829490662
            ],
            [
                3824.570392652591,
                1884.8226008415222
            ],
            [
                3824.7021624122476,
                1899.7748548984528
            ],
            [
                3824.702745982957,
                1905.9461688995361
            ],
            [
                3824.760899792261,
                1928.610013961792
            ],
            [
                3824.764881735946,
                1947.7244699001312
            ],
            [
                3824.7925618695867,
                1960.6923718452454
            ],
            [
                3824.813221284971,
                1988.177402973175
            ],
            [
                3824.8194074408902,
                1993.8317840099335
            ],
            [
