{"input parameters": ["11", "1", "300", "X", "300_300", "no_Lagrangian"], "instance": {"facilities": 300, "customers": 300}, "times": {"total_time in s": 3600.34, "initialisation_time in s": 60.73, "node_selection_time in s": 0.05, "implied_demands_time in s": 2712.33, "bounds_time in s": 119.81, "variable_selection in s": 510.7, "greedy_heuristics_time in s": 187.87, "other_time in s": 8.86}, "nodes": {"total": 89, "pruned": 0, "infeasible": 0, "finished": 0}, "solution": {"LB": 3084.6748, "UB": 4942.7538, "gap in %": 37.59, "incumbent": [4, 13, 16, 64, 85, 90, 130, 135, 166, 178, 222, 235, 257, 276, 286], "memory in MB": 511.75}, "bounds": {"lower_bounds": [[2896.875, 60.73], [2935.033, 557.62, "combined_combinatorial"], [2935.369, 664.73, "combined_combinatorial"], [2936.375, 823.35, "combined_combinatorial"], [3065.222, 1229.69, "combined_combinatorial"], [3065.843, 1519.91, "combined_combinatorial"], [3068.593, 1707.13, "combined_combinatorial"], [3068.619, 1844.38, "combined_combinatorial"], [3071.824, 2608.44, "combined_combinatorial"], [3072.81, 2647.5, "combined_combinatorial"], [3073.958, 2764.53, "combined_combinatorial"], [3074.05, 2878.77, "combined_combinatorial"], [3080.6478, 3226.46, "combined_combinatorial"], [3080.9778, 3272.42, "combined_combinatorial"], [3081.0348000000004, 3363.1, "combined_combinatorial"], [3083.6218000000003, 3385.51, "combined_combinatorial"], [3084.6748000000002, 3429.88, "combined_combinatorial"]], "upper_bounds": [[5080.873886, 60.73]]}}