{
    "input parameters": [
        "11",
        "1",
        "300",
        "X",
        "300_300",
        "no_preprocessing"
    ],
    "instance": {
        "facilities": 300,
        "customers": 300
    },
    "times": {
        "total_time in s": 3600.07,
        "model_building_time in s": 18.73,
        "model_solving_time in s": 3581.35
    },
    "nodes": {
        "total": 29.0
    },
    "solution": {
        "LB": 3844.7594,
        "UB": 4620.4822,
        "gap in %": 0.17,
        "incumbent": [
            4,
            16,
            64,
            79,
            85,
            90,
            130,
            135,
            144,
            164,
            166,
            178,
            257,
            276,
            286
        ],
        "memory in MB": 4227.87
    },
    "bounds": {
        "lower_bounds": [
            [
                0.0,
                68.57550406455994
            ],
            [
                3804.722094899899,
                466.25186109542847
            ],
            [
                3810.208237811964,
                865.5489149093628
            ],
            [
                3810.2608446477666,
                885.127259016037
            ],
            [
                3811.9223209753172,
                1060.9616949558258
            ],
            [
                3813.4158792227954,
                1183.0256190299988
            ],
            [
                3814.7532497738885,
                1298.8937389850616
            ],
            [
                3814.755354156121,
                1314.928433895111
            ],
            [
                3815.89708109507,
                1382.8864789009094
            ],
            [
                3815.9620052322084,
                1432.995125055313
            ],
            [
                3816.035484525746,
                1434.9763669967651
            ],
            [
                3816.063199455174,
                1438.8107419013977
            ],
            [
                3816.110116740363,
                1442.15341091156
            ],
            [
                3816.725906546496,
                1487.0000040531158
            ],
            [
                3816.8770015611653,
                1582.5911600589752
            ],
            [
                3816.8801689790644,
                1595.361720085144
            ],
            [
                3817.116170220598,
                1641.3454270362854
            ],
            [
                3817.122234824344,
                1648.0346570014954
            ],
            [
                3817.4270080284473,
                1675.3171200752258
            ],
            [
                3817.781912152695,
                1706.5336809158325
            ],
            [
                3817.784860001223,
                1736.2298231124878
            ],
            [
                3817.96485425964,
                1762.6404259204865
            ],
            [
                3817.9765942508207,
                1775.3486909866333
            ],
            [
                3818.024174877109,
                1812.1281518936157
            ],
            [
                3818.04353724386,
                1819.234855890274
            ],
            [
                3818.277451255198,
                1844.3500170707703
            ],
            [
                3818.2890259761725,
                1873.3089060783386
            ],
            [
                3818.291369601308,
                1874.717917919159
            ],
            [
                3818.291825648768,
                1890.5552039146423
            ],
            [
                3818.2924688111684,
                1891.6540520191193
            ],
            [
                3826.575553242317,
                2044.9150409698486
            ],
            [
                3832.1375270605704,
                2245.4624779224396
            ],
            [
                3832.139790966198,
                2387.8157510757446
            ],
            [
                3844.759376404125,
                2417.917030096054
            ]
        ],
        "upper_bounds": [
            [
                49977.027549000006,
                72.17580890655518
            ],
            [
                6714.182966,
                466.54593300819397
            ],
            [
                5467.827295,
                486.0282371044159
            ],
            [
                4783.676089,
                486.99714708328247
            ],
            [
                4676.786779,
                1764.1161210536957
            ],
            [
                4668.230022,
                1814.2780809402466
            ],
            [
                4620.482168,
                3534.542788028717
            ]
        ]
    }
}