{
    "input parameters": [
        "11",
        "1",
        "500",
        "X",
        "500_500",
        "preprocessing"
    ],
    "instance": {
        "facilities": 500,
        "customers": 500
    },
    "times": {
        "total_time in s": 3601.55,
        "model_building_time in s": 541.1,
        "model_solving_time in s": 3060.45
    },
    "nodes": {
        "total": 1.0
    },
    "solution": {
        "LB": 7020.243,
        "UB": 9015.5836,
        "gap in %": 0.22,
        "incumbent": [
            0,
            25,
            89,
            90,
            116,
            125,
            148,
            156,
            217,
            257,
            259,
            261,
            266,
            290,
            315,
            327,
            331,
            343,
            350,
            355,
            382,
            388,
            405,
            420,
            432,
            441,
            487
        ],
        "memory in MB": 7395.98
    },
    "bounds": {
        "lower_bounds": [
            [
                0.0,
                206.31565499305725
            ],
            [
                7020.242990868053,
                2468.2483870983124
            ]
        ],
        "upper_bounds": [
            [
                88125.311099,
                217.98400616645813
            ],
            [
                14299.721297,
                2469.1277191638947
            ],
            [
                11000.918458,
                2489.587784051895
            ],
            [
                9965.033699,
                2491.08954000473
            ],
            [
                9015.583622,
                2541.513885974884
            ]
        ]
    }
}