{
    "input parameters": [
        "12",
        "0",
        "300",
        "X",
        "300_300",
        "preprocessing"
    ],
    "instance": {
        "facilities": 300,
        "customers": 300
    },
    "times": {
        "total_time in s": 3600.76,
        "model_building_time in s": 49.85,
        "model_solving_time in s": 3550.91
    },
    "nodes": {
        "total": 640.0
    },
    "solution": {
        "LB": 4290.6842,
        "UB": 5529.661,
        "gap in %": 0.22,
        "incumbent": [
            57,
            60,
            80,
            84,
            85,
            137,
            138,
            166,
            167,
            263,
            266,
            281,
            284,
            290,
            291,
            295,
            296
        ],
        "memory in MB": 1894.52
    },
    "bounds": {
        "lower_bounds": [
            [
                0.0,
                12.976227045059204
            ],
            [
                4047.2851659059547,
                78.1576201915741
            ],
            [
                4059.9204613918214,
                176.7985110282898
            ],
            [
                4107.362532076542,
                332.7059791088104
            ],
            [
                4109.384465814929,
                336.9214310646057
            ],
            [
                4109.402470387257,
                337.30585503578186
            ],
            [
                4109.404175601173,
                337.5891981124878
            ],
            [
                4135.530896296318,
                364.013787984848
            ],
            [
                4138.033786001035,
                374.0162351131439
            ],
            [
                4138.5529210407,
                375.50407695770264
            ],
            [
                4138.711939806823,
                375.95364904403687
            ],
            [
                4138.809019827752,
                376.40783309936523
            ],
            [
                4138.815963127852,
                376.69132709503174
            ],
            [
                4152.4177896794245,
                386.5247151851654
            ],
            [
                4154.607579110486,
                389.47173404693604
            ],
            [
                4154.7765115576885,
                390.10188007354736
            ],
            [
                4154.878915855676,
                390.4998240470886
            ],
            [
                4154.888474858932,
                391.31469798088074
            ],
            [
                4161.348442062569,
                398.8723039627075
            ],
            [
                4162.390408061805,
                405.65236496925354
            ],
            [
                4162.897651480323,
                406.3409559726715
            ],
            [
                4163.452424477154,
                406.8582510948181
            ],
            [
                4163.884437209886,
                409.6240589618683
            ],
            [
                4164.000017967989,
                409.9379460811615
            ],
            [
                4164.007233818714,
                410.17141008377075
            ],
            [
                4166.925572324008,
                414.1133620738983
            ],
            [
                4167.412942619851,
                416.54709696769714
            ],
            [
                4167.473465249225,
                417.05130100250244
            ],
            [
                4167.5098307423405,
                417.3680810928345
            ],
            [
                4167.515951758163,
                417.6852331161499
            ],
            [
                4169.030071742374,
                423.2799870967865
            ],
            [
                4169.700132476597,
                425.86666202545166
            ],
            [
                4169.740541779595,
                426.2910990715027
            ],
            [
                4169.754167507423,
                426.58457803726196
            ],
            [
                4171.409735621544,
                430.10376596450806
            ],
            [
                4171.603758334557,
                432.5936710834503
            ],
            [
                4171.648900415669,
                432.91412901878357
            ],
            [
                4171.650631944194,
                433.12758708000183
            ],
            [
                4172.358895303771,
                435.8579959869385
            ],
            [
                4172.661618670417,
                437.44904804229736
            ],
            [
                4172.688491668358,
                437.81274795532227
            ],
            [
                4172.69709694842,
                438.10087418556213
            ],
            [
                4172.965700062997,
                439.69784903526306
            ],
            [
                4173.074915133704,
                441.7531969547272
            ],
            [
                4173.110105484114,
                442.1047320365906
            ],
            [
                4173.117774918627,
                442.4129719734192
            ],
            [
                4173.258609400601,
                443.9241180419922
            ],
            [
                4173.266520634945,
                444.69758701324463
            ],
            [
                4173.706937512206,
                447.3492240905762
            ],
            [
                4173.810391036631,
                449.3941910266876
            ],
            [
                4173.821875029376,
                449.6623411178589
            ],
            [
                4174.183922348243,
                451.9113919734955
            ],
            [
                4174.229366237443,
                459.0363941192627
            ],
            [
                4174.245200216706,
                459.3737139701843
            ],
            [
                4174.245845444467,
                459.5613570213318
            ],
            [
                4174.405308959112,
                461.97631096839905
            ],
            [
                4174.411757597977,
                464.06772017478943
            ],
            [
                4174.940046200494,
                466.2256369590759
            ],
            [
                4174.9657749393455,
                467.12655305862427
            ],
            [
                4174.974337545432,
                467.388619184494
            ],
            [
                4175.342434339534,
                469.2607431411743
            ],
            [
                4175.351754970333,
                471.3997130393982
            ],
            [
                4175.581777263676,
                473.5128061771393
            ],
            [
                4175.611244303396,
                474.44175601005554
            ],
            [
                4175.615682439401,
                474.7065050601959
            ],
            [
                4176.842433543273,
                478.13205099105835
            ],
            [
                4177.166457923964,
                483.63861107826233
            ],
            [
                4177.29896176467,
                484.434846162796
            ],
            [
                4177.363819900186,
                484.88303899765015
            ],
            [
                4177.375244053756,
                485.1554181575775
            ],
            [
                4177.426312358882,
                487.06964898109436
            ],
            [
                4177.437971654049,
                487.9032201766968
            ],
            [
