{
    "input parameters": [
        "12",
        "0",
        "700",
        "X",
        "700_700",
        "preprocessing"
    ],
    "instance": {
        "facilities": 700,
        "customers": 700
    },
    "times": {
        "total_time in s": 3600.06,
        "model_building_time in s": 1711.47,
        "model_solving_time in s": 1888.59
    },
    "nodes": {
        "total": 1.0
    },
    "solution": {
        "LB": 7560.7747,
        "UB": 10716.9501,
        "gap in %": 0.29,
        "incumbent": [
            0,
            26,
            29,
            70,
            72,
            75,
            81,
            108,
            127,
            131,
            139,
            176,
            187,
            192,
            201,
            212,
            218,
            226,
            243,
            281,
            320,
            356,
            374,
            377,
            435,
            450,
            451,
            462,
            465,
            483,
            494,
            531,
            559,
            621,
            626,
            633,
            634,
            645,
            650,
            668,
            673,
            693
        ],
        "memory in MB": 4031.29
    },
    "bounds": {
        "lower_bounds": [
            [
                0.0,
                78.82721185684204
            ],
            [
                7514.683037738325,
                891.0661249160767
            ],
            [
                7534.359724612422,
                1459.628322839737
            ],
            [
                7535.295689568003,
                1476.7016198635101
            ],
            [
                7535.302653987106,
                1478.6644258499146
            ],
            [
                7535.3027779552585,
                1479.4462130069733
            ],
            [
                7546.278395003654,
                1691.4331758022308
            ],
            [
                7548.071621263673,
                1714.114730834961
            ],
            [
                7548.869030827127,
                1720.7417168617249
            ],
            [
                7548.9402178537375,
                1724.3506009578705
            ],
            [
                7548.977738613177,
                1727.999372959137
            ],
            [
                7548.989228081275,
                1729.7575278282166
            ],
            [
                7548.993876923428,
                1732.0801408290863
            ],
            [
                7548.99572999396,
                1733.3442108631134
            ],
            [
                7559.176598981653,
                1856.47935795784
            ],
            [
                7560.774665161893,
                1888.355745792389
            ]
        ],
        "upper_bounds": [
            [
                111867.81339286796,
                86.16219878196716
            ],
            [
                12037.391223149905,
                891.3668169975281
            ],
            [
                12009.580921938827,
                898.5532298088074
            ],
            [
                11278.345121733473,
                1471.3037359714508
            ],
            [
                11032.491054679975,
                1697.1090049743652
            ],
            [
                10716.950136053647,
                1866.7659118175507
            ]
        ]
    }
}