{"input parameters": ["12", "0", "500", "X", "500_500", "Lagrangian"], "instance": {"facilities": 500, "customers": 500}, "times": {"total_time in s": 3611.13, "initialisation_time in s": 499.05, "node_selection_time in s": 0.03, "implied_demands_time in s": 1389.61, "bounds_time in s": 1271.91, "variable_selection in s": 332.56, "greedy_heuristics_time in s": 111.75, "other_time in s": 6.23}, "nodes": {"total": 21, "pruned": 0, "infeasible": 0, "finished": 0}, "solution": {"LB": 5378.2403, "UB": 8055.3598, "gap in %": 33.23, "incumbent": [9, 48, 51, 65, 68, 72, 94, 95, 160, 162, 206, 220, 228, 231, 239, 245, 255, 276, 280, 318, 331, 339, 365, 366, 380, 440, 459, 468, 488], "memory in MB": 730.15}, "bounds": {"lower_bounds": [[5376.409, 499.05], [5377.349, 1018.59, "combined_combinatorial"], [5378.146, 1189.74, "combined_combinatorial"], [5378.187, 1866.32, "combined_combinatorial"], [5378.22593540784, 2358.83, "combined_combinatorial"], [5378.236630141572, 2516.32, "combined_combinatorial"], [5378.24028765226, 2987.63, "combined_combinatorial"]], "upper_bounds": [[8131.538735057989, 499.05]]}}