{"input parameters": ["12", "0", "300", "X", "300_300", "Lagrangian"], "instance": {"facilities": 300, "customers": 300}, "times": {"total_time in s": 3600.86, "initialisation_time in s": 78.86, "node_selection_time in s": 0.18, "implied_demands_time in s": 1095.16, "bounds_time in s": 1806.8, "variable_selection in s": 481.38, "greedy_heuristics_time in s": 125.3, "other_time in s": 13.18}, "nodes": {"total": 89, "pruned": 0, "infeasible": 0, "finished": 0}, "solution": {"LB": 3664.0785, "UB": 6052.2661, "gap in %": 39.46, "incumbent": [9, 10, 57, 60, 80, 84, 122, 132, 167, 173, 181, 190, 263, 266, 281, 290, 291, 296], "memory in MB": 586.46}, "bounds": {"lower_bounds": [[3579.809, 78.86], [3579.904, 192.85, "combined_combinatorial"], [3579.997, 469.64, "combined_combinatorial"], [3581.45, 525.61, "combined_combinatorial"], [3582.864, 579.37, "combined_combinatorial"], [3583.307938771796, 684.56, "combined_combinatorial"], [3584.152810837952, 1468.9, "combined_combinatorial"], [3623.403810837952, 1578.17, "combined_combinatorial"], [3626.937810837952, 1881.37, "combined_combinatorial"], [3628.1578108379517, 1911.29, "combined_combinatorial"], [3630.317810837952, 1941.96, "combined_combinatorial"], [3636.3942071167826, 2014.16, "combined_combinatorial"], [3639.0222071167827, 2179.73, "combined_combinatorial"], [3639.12079169347, 2338.02, "combined_combinatorial"], [3648.7248736934703, 2374.86, "combined_combinatorial"], [3648.78031095581, 2414.36, "combined_combinatorial"], [3649.0334263447103, 2446.15, "combined_combinatorial"], [3652.5233109558103, 2515.86, "combined_combinatorial"], [3652.535373091234, 2721.88, "combined_combinatorial"], [3652.8503730912335, 3064.04, "combined_combinatorial"], [3653.5044263447103, 3132.84, "combined_combinatorial"], [3654.7677738934044, 3168.57, "combined_combinatorial"], [3654.7918985160604, 3318.51, "combined_combinatorial"], [3660.1757738934043, 3351.36, "combined_combinatorial"], [3660.3837738934044, 3449.42, "combined_combinatorial"], [3660.568238160289, 3511.7, "combined_combinatorial"], [3660.5787275011653, 3540.92, "combined_combinatorial"], [3664.078511344711, 3572.49, "combined_combinatorial"]], "upper_bounds": [[6414.101404673606, 78.86]]}}