{"input parameters": ["12", "0", "300", "X", "300_300", "no_Lagrangian"], "instance": {"facilities": 300, "customers": 300}, "times": {"total_time in s": 3603.93, "initialisation_time in s": 53.47, "node_selection_time in s": 0.15, "implied_demands_time in s": 2231.78, "bounds_time in s": 139.52, "variable_selection in s": 877.58, "greedy_heuristics_time in s": 274.96, "other_time in s": 26.47}, "nodes": {"total": 248, "pruned": 0, "infeasible": 0, "finished": 0}, "solution": {"LB": 3720.7985, "UB": 6059.7393, "gap in %": 38.6, "incumbent": [10, 24, 38, 57, 60, 84, 101, 113, 132, 138, 161, 167, 193, 197, 202, 263, 266, 284, 290, 296], "memory in MB": 1404.79}, "bounds": {"lower_bounds": [[3579.809, 53.47], [3579.904, 97.91, "combined_combinatorial"], [3579.997, 205.43, "combined_combinatorial"], [3581.45, 226.86, "combined_combinatorial"], [3582.864, 247.81, "combined_combinatorial"], [3583.307938771796, 287.21, "combined_combinatorial"], [3584.152810837952, 599.84, "combined_combinatorial"], [3623.403810837952, 648.27, "combined_combinatorial"], [3626.937810837952, 783.28, "combined_combinatorial"], [3628.1578108379517, 796.81, "combined_combinatorial"], [3630.317810837952, 810.33, "combined_combinatorial"], [3636.3942071167826, 841.65, "combined_combinatorial"], [3639.0222071167827, 911.73, "combined_combinatorial"], [3639.12079169347, 979.98, "combined_combinatorial"], [3648.7248736934703, 995.61, "combined_combinatorial"], [3648.78031095581, 1011.14, "combined_combinatorial"], [3649.0334263447103, 1023.28, "combined_combinatorial"], [3652.5233109558103, 1050.65, "combined_combinatorial"], [3652.535373091234, 1127.15, "combined_combinatorial"], [3652.8503730912335, 1257.09, "combined_combinatorial"], [3653.5044263447103, 1282.8, "combined_combinatorial"], [3654.7677738934044, 1296.15, "combined_combinatorial"], [3654.7918985160604, 1351.65, "combined_combinatorial"], [3660.1757738934043, 1364.1, "combined_combinatorial"], [3660.3837738934044, 1400.69, "combined_combinatorial"], [3660.568238160289, 1424.08, "combined_combinatorial"], [3660.5787275011653, 1435.05, "combined_combinatorial"], [3664.078511344711, 1446.8, "combined_combinatorial"], [3664.0849053463808, 1492.21, "combined_combinatorial"], [3664.093219407171, 1514.22, "combined_combinatorial"], [3664.896219407171, 1546.22, "combined_combinatorial"], [3666.2948985160606, 1562.85, "combined_combinatorial"], [3666.9654992963347, 1622.87, "combined_combinatorial"], [3666.9825502925914, 1633.28, "combined_combinatorial"], [3667.0010477295114, 1643.49, "combined_combinatorial"], [3667.0270477295117, 1663.81, "combined_combinatorial"], [3667.052018075423, 1673.76, "combined_combinatorial"], [3667.1302715139323, 1683.69, "combined_combinatorial"], [3667.439, 1704.22, "combined_combinatorial"], [3667.546770582216, 1972.53, "combined_combinatorial"], [3668.3283301002916, 1985.24, "combined_combinatorial"], [3675.1122194071713, 1995.04, "combined_combinatorial"], [3676.517219407171, 2004.84, "combined_combinatorial"], [3676.569269113005, 2024.01, "combined_combinatorial"], [3679.02279169347, 2040.58, "combined_combinatorial"], [3679.142979264626, 2073.12, "combined_combinatorial"], [3679.694269113005, 2114.44, "combined_combinatorial"], [3679.703032006044, 2123.6, "combined_combinatorial"], [3681.6899792646254, 2165.9, "combined_combinatorial"], [3682.1499792646255, 2258.37, "combined_combinatorial"], [3682.1620414000495, 2287.61, "combined_combinatorial"], [3682.5167678955877, 2392.83, "combined_combinatorial"], [3682.7247678955873, 2405.35, "combined_combinatorial"], [3683.5392071167826, 2421.36, "combined_combinatorial"], [3683.685426797012, 2432.63, "combined_combinatorial"], [3683.9824267970116, 2454.81, "combined_combinatorial"], [3684.0071137052987, 2465.68, "combined_combinatorial"], [3684.091113705299, 2476.41, "combined_combinatorial"], [3684.1391137052988, 2486.93, "combined_combinatorial"], [3684.500207116783, 2502.84, "combined_combinatorial"], [3686.67574392362, 2513.01, "combined_combinatorial"], [3695.755289116783, 2538.85, "combined_combinatorial"], [3699.257289116783, 2554.46, "combined_combinatorial"], [3699.67642034467, 2562.42, "combined_combinatorial"], [3701.0528736934702, 2577.85, "combined_combinatorial"], [3701.1083109558103, 2593.35, "combined_combinatorial"], [3701.1203730912334, 2669.72, "combined_combinatorial"], [3701.3973730912335, 2799.81, "combined_combinatorial"], [3702.6336216210393, 2814.36, "combined_combinatorial"], [3703.279773893404, 2842.35, "combined_combinatorial"], [3704.3837738934044, 2893.64, "combined_combinatorial"], [3704.4077738934043, 2906.1, "combined_combinatorial"], [3704.674773893404, 2918.67, "combined_combinatorial"], [3704.786773893404, 2955.0, "combined_combinatorial"], [3705.1886216210396, 2969.45, "combined_combinatorial"], [3709.899727381341, 2979.44, "combined_combinatorial"], [3709.9323328752284, 3008.47, "combined_combinatorial"], [3712.275, 3089.07, "combined_combinatorial"], [3712.751, 3124.59, "combined_combinatorial"], [3712.837, 3176.87, "combined_combinatorial"], [3712.9957717951693, 3381.29, "combined_combinatorial"], [3713.1028529751493, 3389.62, "combined_combinatorial"], [3713.158852975149, 3406.34, "combined_combinatorial"], [3713.2957717951695, 3418.29, "combined_combinatorial"], [3713.3207421410807, 3454.1, "combined_combinatorial"], [3713.7680176210397, 3468.49, "combined_combinatorial"], [3713.7905895131985, 3482.68, "combined_combinatorial"], [3713.8505895131984, 3496.8, "combined_combinatorial"], [3717.2773301002912, 3509.57, "combined_combinatorial"], [3718.671761500361, 3524.41, "combined_combinatorial"], [3719.949589513198, 3538.37, "combined_combinatorial"], [3720.1039955795904, 3549.75, "combined_combinatorial"], [3720.3119955795905, 3572.08, "combined_combinatorial"], [3720.798459846476, 3583.23, "combined_combinatorial"]], "upper_bounds": [[6828.011210995068, 53.47]]}}