{
    "input parameters": [
        "12",
        "0",
        "300",
        "X",
        "300_300",
        "no_preprocessing"
    ],
    "instance": {
        "facilities": 300,
        "customers": 300
    },
    "times": {
        "total_time in s": 3600.08,
        "model_building_time in s": 18.74,
        "model_solving_time in s": 3581.34
    },
    "nodes": {
        "total": 494.0
    },
    "solution": {
        "LB": 4125.5174,
        "UB": 5542.5758,
        "gap in %": 0.26,
        "incumbent": [
            57,
            60,
            78,
            80,
            84,
            85,
            138,
            167,
            190,
            263,
            266,
            281,
            290,
            291,
            295,
            296
        ],
        "memory in MB": 4579.99
    },
    "bounds": {
        "lower_bounds": [
            [
                0.0,
                119.49096584320068
            ],
            [
                4032.5064654772455,
                518.6019458770752
            ],
            [
                4034.3123443766704,
                1195.0589399337769
            ],
            [
                4036.9305939845,
                1224.5416250228882
            ],
            [
                4036.970684006404,
                1241.5875389575958
            ],
            [
                4038.7956287986904,
                1252.521703004837
            ],
            [
                4038.8491006744184,
                1271.4612929821014
            ],
            [
                4040.308062608915,
                1279.053130865097
            ],
            [
                4040.3341656633474,
                1279.810115814209
            ],
            [
                4040.3403825777236,
                1280.4878568649292
            ],
            [
                4040.346541014247,
                1280.814157962799
            ],
            [
                4040.8821702701684,
                1302.8041098117828
            ],
            [
                4040.8928589615375,
                1303.7210988998413
            ],
            [
                4041.864425943016,
                1315.600440979004
            ],
            [
                4041.868900380033,
                1325.7426218986511
            ],
            [
                4042.270961620073,
                1327.569266796112
            ],
            [
                4042.2779688155247,
                1328.362004995346
            ],
            [
                4042.3571109345553,
                1329.571182012558
            ],
            [
                4042.4469992845657,
                1355.824185848236
            ],
            [
                4042.459965218593,
                1370.1625468730927
            ],
            [
                4042.531622513982,
                1371.2668290138245
            ],
            [
                4042.534792592024,
                1372.2930138111115
            ],
            [
                4042.5828898711115,
                1372.9428849220276
            ],
            [
                4042.61795247859,
                1373.7125480175018
            ],
            [
                4042.8751141625057,
                1380.5124299526215
            ],
            [
                4042.887527702284,
                1386.5671110153198
            ],
            [
                4043.0872267307195,
                1388.6680128574371
            ],
            [
                4043.0883882239923,
                1391.8891718387604
            ],
            [
                4043.37938273912,
                1394.8763349056244
            ],
            [
                4043.3853376591896,
                1395.8842949867249
            ],
            [
                4043.8606713487497,
                1399.1146349906921
            ],
            [
                4044.276784139338,
                1404.4394929409027
            ],
            [
                4044.2799422830485,
                1405.4501469135284
            ],
            [
                4044.2952171376487,
                1406.1715250015259
            ],
            [
                4044.467368609221,
                1409.9814338684082
            ],
            [
                4044.471762195379,
                1412.8676300048828
            ],
            [
                4044.9321538575314,
                1415.5580558776855
            ],
            [
                4044.934454796287,
                1416.600152015686
            ],
            [
                4044.935687828327,
                1416.9283018112183
            ],
            [
                4045.6290314673884,
                1423.6638598442078
            ],
            [
                4045.632040080795,
                1426.2194910049438
            ],
            [
                4046.28529593698,
                1429.9800868034363
            ],
            [
                4046.295551521808,
                1432.3060419559479
            ],
            [
                4046.3945916676403,
                1434.212471961975
            ],
            [
                4046.4259527075865,
                1436.8311529159546
            ],
            [
                4046.6484255694872,
                1438.976506948471
            ],
            [
                4046.669037369536,
                1442.1492140293121
            ],
            [
                4047.063775456118,
                1444.1317808628082
            ],
            [
                4047.075665054994,
                1447.2647500038147
            ],
            [
                4047.0943845807165,
                1447.9073638916016
            ],
            [
                4047.1066706276406,
                1450.2736809253693
            ],
            [
                4047.4469366905514,
                1452.534385919571
            ],
            [
                4047.468024444267,
                1457.8437178134918
            ],
            [
                4047.471579548555,
                1458.5537049770355
            ],
            [
                4047.65580469634,
                1469.8908319473267
            ],
            [
                4048.2669635279317,
                1544.060329914093
            ],
            [
                4057.2129322648843,
                1582.7582738399506
            ],
            [
                4057.2394225155626,
                1621.7198219299316
            ],
            [
                4099.912761809003,
                1627.52592086792
            ],
            [
                4101.627583034386,
                1684.1040539741516
            ],
            [
                4101.712901543503,
                2237.7942728996277
            ],
            [
                4105.476094772566,
                2619.9571809768677
            ],
            [
                4105.491520802868,
                2960.799324989319
            ],
            [
                4108.07790860977,
                3169.8719239234924
            ],
            [
                4123.3307373789285,
                3351.371120929718
            ],
            [
                4125.517404064972,
                3547.379553794861
            ]
        ],