{"input parameters": ["12", "0", "500", "X", "500_500", "no_Lagrangian"], "instance": {"facilities": 500, "customers": 500}, "times": {"total_time in s": 3664.02, "initialisation_time in s": 466.7, "node_selection_time in s": 0.05, "implied_demands_time in s": 2351.3, "bounds_time in s": 61.44, "variable_selection in s": 575.54, "greedy_heuristics_time in s": 198.34, "other_time in s": 10.65}, "nodes": {"total": 36, "pruned": 0, "infeasible": 0, "finished": 0}, "solution": {"LB": 5389.5733, "UB": 8054.7839, "gap in %": 33.09, "incumbent": [3, 9, 11, 51, 65, 66, 72, 94, 95, 160, 162, 187, 220, 227, 228, 231, 255, 276, 280, 318, 331, 339, 356, 365, 366, 380, 421, 440, 468], "memory in MB": 1062.31}, "bounds": {"lower_bounds": [[5376.409, 466.7], [5377.349, 783.94, "combined_combinatorial"], [5378.146, 888.03, "combined_combinatorial"], [5378.187, 1307.34, "combined_combinatorial"], [5378.22593540784, 1605.43, "combined_combinatorial"], [5378.236630141572, 1699.47, "combined_combinatorial"], [5378.24028765226, 1979.84, "combined_combinatorial"], [5378.240381567251, 2443.23, "combined_combinatorial"], [5378.246381567251, 2534.57, "combined_combinatorial"], [5379.108381567251, 2625.72, "combined_combinatorial"], [5380.649381567251, 2716.6, "combined_combinatorial"], [5381.266381567251, 2806.82, "combined_combinatorial"], [5381.274489586609, 2896.32, "combined_combinatorial"], [5385.984662063147, 2985.14, "combined_combinatorial"], [5386.008738139342, 3073.19, "combined_combinatorial"], [5386.491290568357, 3160.68, "combined_combinatorial"], [5387.074290568357, 3247.71, "combined_combinatorial"], [5387.815290568357, 3503.51, "combined_combinatorial"], [5389.573290568357, 3586.94, "combined_combinatorial"]], "upper_bounds": [[8541.475487868742, 466.7]]}}