{"input parameters": ["12", "0", "1000", "X", "1000_1000", "no_Lagrangian"], "instance": {"facilities": 1000, "customers": 1000}, "times": {"total_time in s": 86510.75, "initialisation_time in s": 7125.23, "node_selection_time in s": 0.61, "implied_demands_time in s": 59598.68, "bounds_time in s": 701.21, "variable_selection in s": 14504.5, "greedy_heuristics_time in s": 4431.72, "other_time in s": 148.79}, "nodes": {"total": 121, "pruned": 0, "infeasible": 0, "finished": 0}, "solution": {"LB": 10058.422, "UB": 16161.2661, "gap in %": 37.76, "incumbent": [4, 28, 33, 36, 43, 45, 88, 108, 120, 144, 163, 198, 241, 268, 269, 287, 290, 307, 309, 325, 384, 397, 462, 470, 476, 480, 487, 514, 536, 559, 575, 600, 607, 611, 618, 648, 653, 670, 678, 685, 712, 770, 779, 781, 789, 802, 819, 828, 835, 902, 915, 920, 926, 942, 948, 974, 978, 987], "memory in MB": 8464.64}, "bounds": {"lower_bounds": [[9784.896, 7125.23], [9786.854, 11504.34, "combined_combinatorial"], [9786.873, 14327.34, "combined_combinatorial"], [9789.075, 15826.06, "combined_combinatorial"], [9791.908, 16514.35, "combined_combinatorial"], [9792.722, 17980.34, "combined_combinatorial"], [9795.638, 18659.61, "combined_combinatorial"], [9809.505, 20084.79, "combined_combinatorial"], [9809.895, 20779.38, "combined_combinatorial"], [9812.186, 22104.61, "combined_combinatorial"], [9834.198514640868, 23416.58, "combined_combinatorial"], [9850.653514640868, 24038.88, "combined_combinatorial"], [9879.060514640869, 24680.53, "combined_combinatorial"], [9879.189514640868, 25934.41, "combined_combinatorial"], [9879.245529025475, 26515.76, "combined_combinatorial"], [9893.914831971402, 27150.59, "combined_combinatorial"], [9905.353, 27817.13, "combined_combinatorial"], [9908.368, 28427.59, "combined_combinatorial"], [9912.26, 29125.39, "combined_combinatorial"], [9917.712831971403, 29752.44, "combined_combinatorial"], [9919.063529025476, 30377.78, "combined_combinatorial"], [9919.985656314198, 31039.37, "combined_combinatorial"], [9921.506462847125, 31623.62, "combined_combinatorial"], [9937.8516563142, 32296.68, "combined_combinatorial"], [9940.4946563142, 33548.5, "combined_combinatorial"], [9941.177, 34242.41, "combined_combinatorial"], [9946.136377401745, 34839.89, "combined_combinatorial"], [9948.806, 36133.72, "combined_combinatorial"], [9962.015185339673, 36718.44, "combined_combinatorial"], [9964.40777171281, 37335.99, "combined_combinatorial"], [9968.462388000002, 38069.3, "combined_combinatorial"], [9968.466388, 38756.62, "combined_combinatorial"], [9970.457388, 41623.49, "combined_combinatorial"], [9970.476388000001, 43769.16, "combined_combinatorial"], [9972.701388000001, 45226.76, "combined_combinatorial"], [9975.535388, 45960.14, "combined_combinatorial"], [9976.332388, 47407.51, "combined_combinatorial"], [9979.266388, 48155.14, "combined_combinatorial"], [9980.378185339674, 49483.13, "combined_combinatorial"], [9987.71651719524, 50728.51, "combined_combinatorial"], [9989.80520963126, 51366.69, "combined_combinatorial"], [9993.134388, 52076.31, "combined_combinatorial"], [9993.524388000002, 52737.3, "combined_combinatorial"], [9995.822388, 54093.56, "combined_combinatorial"], [9996.38006700379, 55349.87, "combined_combinatorial"], [9996.602587640471, 55960.83, "combined_combinatorial"], [9996.61981851, 57743.79, "combined_combinatorial"], [9997.00951719524, 58380.99, "combined_combinatorial"], [9999.784952989547, 58954.85, "combined_combinatorial"], [10001.898512976248, 59625.24, "combined_combinatorial"], [10012.996737821997, 60889.11, "combined_combinatorial"], [10016.901818510001, 61491.52, "combined_combinatorial"], [10017.840902640868, 62177.01, "combined_combinatorial"], [10019.75374806477, 62800.67, "combined_combinatorial"], [10020.63457505396, 63427.65, "combined_combinatorial"], [10023.82681851, 64672.7, "combined_combinatorial"], [10023.837818510001, 65338.32, "combined_combinatorial"], [10024.111496830526, 66019.22, "combined_combinatorial"], [10024.803227696437, 66661.77, "combined_combinatorial"], [10025.475496830526, 67368.92, "combined_combinatorial"], [10032.425496830525, 68751.57, "combined_combinatorial"], [10034.325902640867, 69374.09, "combined_combinatorial"], [10034.794737821998, 70007.21, "combined_combinatorial"], [10035.523129086916, 70692.08, "combined_combinatorial"], [10035.972643727782, 71333.6, "combined_combinatorial"], [10039.857643727784, 72050.07, "combined_combinatorial"], [10040.358675540474, 74059.69, "combined_combinatorial"], [10041.39023319849, 74720.92, "combined_combinatorial"], [10041.446247583095, 76110.04, "combined_combinatorial"], [10046.220344797961, 76807.21, "combined_combinatorial"], [10046.220418208462, 77468.31, "combined_combinatorial"], [10046.26906724497, 78147.32, "combined_combinatorial"], [10047.765227696436, 78743.38, "combined_combinatorial"], [10049.441418208462, 79438.94, "combined_combinatorial"], [10049.625504574076, 80125.2, "combined_combinatorial"], [10050.328506204069, 82144.5, "combined_combinatorial"], [10050.47950620407, 82773.78, "combined_combinatorial"], [10051.9726563142, 83447.59, "combined_combinatorial"], [10052.573656314198, 84077.27, "combined_combinatorial"], [10052.630227696436, 84657.64, "combined_combinatorial"], [10058.422, 85912.08, "combined_combinatorial"]], "upper_bounds": [[16531.85941559394, 7125.23]]}}