{"input parameters": ["12", "0", "1000", "X", "1000_1000", "Lagrangian"], "instance": {"facilities": 1000, "customers": 1000}, "times": {"total_time in s": 86593.18, "initialisation_time in s": 7322.51, "node_selection_time in s": 0.4, "implied_demands_time in s": 39980.54, "bounds_time in s": 27220.51, "variable_selection in s": 9150.53, "greedy_heuristics_time in s": 2826.31, "other_time in s": 92.38}, "nodes": {"total": 77, "pruned": 0, "infeasible": 0, "finished": 0}, "solution": {"LB": 9996.6026, "UB": 15831.1488, "gap in %": 36.85, "incumbent": [2, 4, 5, 28, 33, 36, 43, 45, 88, 98, 103, 108, 110, 120, 132, 144, 163, 241, 268, 269, 287, 302, 307, 309, 365, 386, 397, 433, 454, 462, 470, 536, 542, 559, 567, 575, 586, 600, 611, 618, 648, 670, 678, 685, 693, 712, 770, 779, 781, 802, 813, 819, 835, 902, 915, 926, 948, 962], "memory in MB": 5659.65}, "bounds": {"lower_bounds": [[9784.896, 7322.51], [9786.854, 14096.64, "combined_combinatorial"], [9786.873, 18653.64, "combined_combinatorial"], [9789.075, 20941.86, "combined_combinatorial"], [9791.908, 22061.89, "combined_combinatorial"], [9792.722, 24222.48, "combined_combinatorial"], [9795.638, 25283.21, "combined_combinatorial"], [9809.505, 27375.81, "combined_combinatorial"], [9809.895, 28413.4, "combined_combinatorial"], [9812.186, 30525.2, "combined_combinatorial"], [9834.198514640868, 32604.84, "combined_combinatorial"], [9850.653514640868, 33607.61, "combined_combinatorial"], [9879.060514640869, 34633.98, "combined_combinatorial"], [9879.189514640868, 36637.85, "combined_combinatorial"], [9879.245529025475, 37609.26, "combined_combinatorial"], [9893.914831971402, 38586.64, "combined_combinatorial"], [9905.353, 39598.78, "combined_combinatorial"], [9908.368, 40624.29, "combined_combinatorial"], [9912.26, 41622.47, "combined_combinatorial"], [9917.712831971403, 42640.91, "combined_combinatorial"], [9919.063529025476, 43595.85, "combined_combinatorial"], [9919.985656314198, 44562.54, "combined_combinatorial"], [9921.506462847125, 45567.45, "combined_combinatorial"], [9937.8516563142, 46564.15, "combined_combinatorial"], [9940.4946563142, 48581.22, "combined_combinatorial"], [9941.177, 49604.86, "combined_combinatorial"], [9946.136377401745, 50585.92, "combined_combinatorial"], [9948.806, 52575.34, "combined_combinatorial"], [9962.015185339673, 53528.26, "combined_combinatorial"], [9964.40777171281, 54466.19, "combined_combinatorial"], [9968.462388000002, 55581.67, "combined_combinatorial"], [9968.466388, 56696.5, "combined_combinatorial"], [9970.457388, 61222.68, "combined_combinatorial"], [9970.476388000001, 64686.97, "combined_combinatorial"], [9972.701388000001, 66986.34, "combined_combinatorial"], [9975.535388, 68095.52, "combined_combinatorial"], [9976.332388, 70272.17, "combined_combinatorial"], [9979.266388, 71339.59, "combined_combinatorial"], [9980.378185339674, 73397.94, "combined_combinatorial"], [9987.71651719524, 75366.56, "combined_combinatorial"], [9989.80520963126, 76387.53, "combined_combinatorial"], [9993.134388, 77468.7, "combined_combinatorial"], [9993.524388000002, 78585.33, "combined_combinatorial"], [9995.822388, 80744.93, "combined_combinatorial"], [9996.38006700379, 82803.34, "combined_combinatorial"], [9996.602587640471, 83779.86, "combined_combinatorial"]], "upper_bounds": [[15831.148814552716, 7322.51]]}}