{
    "input parameters": [
        "12",
        "0",
        "500",
        "X",
        "500_500",
        "preprocessing"
    ],
    "instance": {
        "facilities": 500,
        "customers": 500
    },
    "times": {
        "total_time in s": 3600.04,
        "model_building_time in s": 441.13,
        "model_solving_time in s": 3158.9
    },
    "nodes": {
        "total": 582.0
    },
    "solution": {
        "LB": 5957.5299,
        "UB": 7779.9329,
        "gap in %": 0.23,
        "incumbent": [
            9,
            11,
            36,
            48,
            51,
            54,
            62,
            65,
            66,
            68,
            72,
            94,
            95,
            160,
            206,
            220,
            228,
            231,
            245,
            255,
            280,
            320,
            331,
            339,
            365,
            366,
            380,
            440,
            484
        ],
        "memory in MB": 2416.6
    },
    "bounds": {
        "lower_bounds": [
            [
                0.0,
                35.26901197433472
            ],
            [
                5846.392900963983,
                317.7918767929077
            ],
            [
                5857.270757342465,
                336.8479709625244
            ],
            [
                5857.299186379203,
                337.7667148113251
            ],
            [
                5857.766280938493,
                338.9314978122711
            ],
            [
                5859.286993597579,
                349.55467200279236
            ],
            [
                5859.3170235695125,
                350.165944814682
            ],
            [
                5860.325801511398,
                352.0864019393921
            ],
            [
                5860.426262950897,
                352.3573408126831
            ],
            [
                5860.523770851534,
                352.79795694351196
            ],
            [
                5861.872972364488,
                360.4680349826813
            ],
            [
                5861.9598323258415,
                361.1458258628845
            ],
            [
                5863.010966677811,
                363.1429979801178
            ],
            [
                5863.026988256464,
                363.64030599594116
            ],
            [
                5863.029150204485,
                363.79559683799744
            ],
            [
                5864.654706128981,
                371.10932779312134
            ],
            [
                5864.677429662084,
                371.72850799560547
            ],
            [
                5865.165318869596,
                373.60318899154663
            ],
            [
                5865.214393731392,
                374.48950600624084
            ],
            [
                5866.272092420371,
                378.4562089443207
            ],
            [
                5866.320308029259,
                379.03135991096497
            ],
            [
                5866.550393173194,
                380.37994289398193
            ],
            [
                5866.552855419155,
                380.55055594444275
            ],
            [
                5867.256598655907,
                385.9632749557495
            ],
            [
                5867.336634928227,
                386.615229845047
            ],
            [
                5867.362505587721,
                387.1519207954407
            ],
            [
                5867.364841224717,
                387.3869469165802
            ],
            [
                5867.936734302604,
                389.57979583740234
            ],
            [
                5867.951572231511,
                390.26127099990845
            ],
            [
                5868.0384428889965,
                390.98136281967163
            ],
            [
                5868.497276227317,
                393.6755290031433
            ],
            [
                5868.540334661521,
                394.38735795021057
            ],
            [
                5868.578290250693,
                394.7427978515625
            ],
            [
                5868.6187337570855,
                395.2198119163513
            ],
            [
                5869.139767142591,
                398.12920689582825
            ],
            [
                5869.147562677898,
                398.8523349761963
            ],
            [
                5869.231157214779,
                399.46693992614746
            ],
            [
                5869.844013361905,
                402.4049639701843
            ],
            [
                5869.859966941953,
                403.9331328868866
            ],
            [
                5870.5443778020335,
                406.38245677948
            ],
            [
                5870.553726674335,
                407.2049379348755
            ],
            [
                5870.593355205103,
                407.7709729671478
            ],
            [
                5870.7417705674725,
                410.0695469379425
            ],
            [
                5870.760044925306,
                411.7063398361206
            ],
            [
                5870.90770595905,
                412.9762988090515
            ],
            [
                5870.919153731949,
                414.5998249053955
            ],
            [
                5872.121647715479,
                416.77048778533936
            ],
            [
                5872.141329106331,
                417.53902196884155
            ],
            [
                5872.141609667339,
                417.6965157985687
            ],
            [
                5872.1545507479605,
                417.9374599456787
            ],
            [
                5872.168925987805,
                418.10831093788147
            ],
            [
                5872.1842511732775,
                418.57082891464233
            ],
            [
                5872.228415790698,
                419.1568808555603
            ],
            [
                5872.249476874901,
                419.52620697021484
            ],
            [
                5872.281198449003,
                420.48350977897644
            ],
            [
                5872.288455408575,
                420.8358860015869
            ],
            [
                5872.291148915046,
                421.03952980041504
            ],
            [
                5872.59519361369,
                423.610417842865
            ],
            [
                5872.61595286237,
                424.4904019832611
            ],
            [
                5872.972652001129,
                426.8926248550415
            ],
            [
                5872.974269516741,
                427.72080087661743
            ],
            [
                5873.031861298962,
                428.4384138584137
            ],
            [
                5874.1287615810725,
                431.56064891815186
            ],
            [
                5874.134220032939,
                433.29639291763306
            ],
            [
                5874.1739263986865,
                433.6086390018463
            ],
            [
                5874.197766829181,
                435.2731177806854
            ],
            [
                5874.210562793943,
                436.4998109340668
            ],
            [
                5874.248073542469,
                529.7610578536987
            ],
            [
                5902.198834955659,
                537.1793789863586
            ],
            [
                5902.199973532072,
                541.8837978839874
            ],
            [
