{
    "input parameters": [
        "12",
        "1",
        "300",
        "X",
        "300_300",
        "no_preprocessing"
    ],
    "instance": {
        "facilities": 300,
        "customers": 300
    },
    "times": {
        "total_time in s": 3600.08,
        "model_building_time in s": 18.27,
        "model_solving_time in s": 3581.81
    },
    "nodes": {
        "total": 6.0
    },
    "solution": {
        "LB": 4524.5665,
        "UB": 6065.9321,
        "gap in %": 0.25,
        "incumbent": [
            6,
            10,
            16,
            84,
            101,
            122,
            125,
            127,
            132,
            137,
            138,
            167,
            181,
            198,
            202,
            220,
            266,
            291,
            295
        ],
        "memory in MB": 3477.75
    },
    "bounds": {
        "lower_bounds": [
            [
                0.0,
                119.08694505691528
            ],
            [
                4484.135169935354,
                533.2700810432434
            ],
            [
                4486.274321461502,
                1031.960734128952
            ],
            [
                4486.416031518034,
                1060.8592321872711
            ],
            [
                4487.668341901116,
                1247.643303155899
            ],
            [
                4487.68789772384,
                1252.5964441299438
            ],
            [
                4492.364463713157,
                1348.177733182907
            ],
            [
                4492.532953296963,
                1455.9984941482544
            ],
            [
                4492.542620154598,
                1457.6621460914612
            ],
            [
                4495.786977471672,
                1512.1156251430511
            ],
            [
                4497.178783125234,
                1524.6275072097778
            ],
            [
                4498.086713990634,
                1631.4290611743927
            ],
            [
                4498.125309037711,
                1635.5856201648712
            ],
            [
                4498.126421818007,
                1636.9319961071014
            ],
            [
                4499.018446953905,
                1681.0835502147675
            ],
            [
                4499.024059117238,
                1687.6707890033722
            ],
            [
                4499.847528894684,
                1714.3072910308838
            ],
            [
                4499.901136917269,
                1718.385617017746
            ],
            [
                4501.131573194025,
                1766.8363621234894
            ],
            [
                4501.146857108464,
                1775.9875540733337
            ],
            [
                4501.483780419594,
                1818.3970429897308
            ],
            [
                4501.498876826635,
                1820.9811460971832
            ],
            [
                4502.332201924138,
                1849.327840089798
            ],
            [
                4502.3502295250655,
                1882.8579461574554
            ],
            [
                4502.581395355867,
                1900.5034050941467
            ],
            [
                4502.876154809507,
                2063.749484062195
            ],
            [
                4502.896496011701,
                2104.7786870002747
            ],
            [
                4502.8969439480325,
                2105.894401073456
            ],
            [
                4503.65396340872,
                2211.4133892059326
            ],
            [
                4503.664089056611,
                2214.4043731689453
            ],
            [
                4503.666419543465,
                2215.3511271476746
            ],
            [
                4504.136189997572,
                2281.6729230880737
            ],
            [
                4504.145298792837,
                2285.0257291793823
            ],
            [
                4504.147360367236,
                2286.888323068619
            ],
            [
                4504.449542048009,
                2315.0473420619965
            ],
            [
                4505.693021973,
                2339.762845993042
            ],
            [
                4505.714672290602,
                2342.2115240097046
            ],
            [
                4505.717105655027,
                2343.3452820777893
            ],
            [
                4505.7176680534285,
                2344.6491940021515
            ],
            [
                4506.779610545542,
                2364.1915349960327
            ],
            [
                4506.856560222463,
                2366.9401800632477
            ],
            [
                4506.857962254921,
                2368.040547132492
            ],
            [
                4507.730319186146,
                2386.587925195694
            ],
            [
                4507.746360454435,
                2395.705430984497
            ],
            [
                4508.053717654767,
                2411.059816122055
            ],
            [
                4508.090322747358,
                2414.3976130485535
            ],
            [
                4508.090816432042,
                2415.4595210552216
            ],
            [
                4508.304455256381,
                2432.2450420856476
            ],
            [
                4508.312990192194,
                2445.3283360004425
            ],
            [
                4508.313204095631,
                2446.848025083542
            ],
            [
                4508.549773066321,
                2459.6104021072388
            ],
            [
                4508.559463383101,
                2463.2670061588287
            ],
            [
                4508.744168485785,
                2483.1478991508484
            ],
            [
                4508.74489365982,
                2488.641448020935
            ],
            [
                4509.107379812047,
                2502.6139030456543
            ],
            [
                4509.14228579077,
                2506.8975481987
            ],
            [
                4509.142792997844,
                2508.0162320137024
            ],
            [
                4509.143102113459,
                2519.7950201034546
            ],
            [
                4509.30150344976,
                2533.434201002121
            ],
            [
                4509.304446545837,
                2539.51340007782
            ],
            [
                4509.375927406795,
                2549.8909029960632
            ],
            [
                4509.4217290473825,
                2564.4339389801025
            ],
            [
                4509.422233945112,
                2567.3667550086975
            ],
            [
                4509.7371272800865,
                2580.4371972084045
            ],
            [
                4509.811390656584,
                2585.241595029831
            ],
            [
                4509.815681690036,
                2586.4664862155914
            ],
            [
                4509.81816726587,
                2587.6027281284332
            ],
            [
                4510.074713280054,
                2600.0411009788513
            ],
            [
                4510.078936149752,
                2603.3685641288757
            ],
            [
                4510.204770196347,
                2615.9208002090454
            ],
            [
                4510.220096554571,
                2628.0516991615295
            ],
            [
                4510.22515115874,
                2629.292507171631
