{
    "input parameters": [
        "12",
        "1",
        "500",
        "X",
        "500_500",
        "preprocessing"
    ],
    "instance": {
        "facilities": 500,
        "customers": 500
    },
    "times": {
        "total_time in s": 3600.36,
        "model_building_time in s": 538.21,
        "model_solving_time in s": 3062.15
    },
    "nodes": {
        "total": 1.0
    },
    "solution": {
        "LB": 6782.28,
        "UB": 9490.1211,
        "gap in %": 0.29,
        "incumbent": [
            3,
            9,
            21,
            48,
            51,
            65,
            66,
            72,
            95,
            153,
            162,
            198,
            206,
            220,
            228,
            255,
            270,
            280,
            290,
            317,
            331,
            338,
            343,
            346,
            364,
            366,
            380,
            421,
            433,
            435,
            440,
            446,
            468,
            484
        ],
        "memory in MB": 7962.78
    },
    "bounds": {
        "lower_bounds": [
            [
                0.0,
                286.3510859012604
            ],
            [
                6775.154875492158,
                1396.1213247776031
            ],
            [
                6782.280049219999,
                2577.2260818481445
            ]
        ],
        "upper_bounds": [
            [
                93315.830061,
                300.5566658973694
            ],
            [
                11717.067610999999,
                1397.0725648403168
            ],
            [
                11399.182988999999,
                1421.87216091156
            ],
            [
                11024.987794,
                1446.070809841156
            ],
            [
                11005.249311,
                2579.4992508888245
            ],
            [
                9490.121056,
                3061.1724829673767
            ]
        ]
    }
}