{
    "input parameters": [
        "12",
        "1",
        "300",
        "X",
        "300_300",
        "preprocessing"
    ],
    "instance": {
        "facilities": 300,
        "customers": 300
    },
    "times": {
        "total_time in s": 3600.06,
        "model_building_time in s": 60.08,
        "model_solving_time in s": 3539.98
    },
    "nodes": {
        "total": 509.0
    },
    "solution": {
        "LB": 4581.1032,
        "UB": 5869.5398,
        "gap in %": 0.22,
        "incumbent": [
            6,
            10,
            38,
            60,
            84,
            101,
            122,
            125,
            132,
            137,
            138,
            167,
            171,
            219,
            266,
            291,
            295,
            296
        ],
        "memory in MB": 2836.86
    },
    "bounds": {
        "lower_bounds": [
            [
                0.0,
                87.36236691474915
            ],
            [
                4484.672416915706,
                199.96000504493713
            ],
            [
                4487.7786949791125,
                216.50806713104248
            ],
            [
                4487.785945886677,
                218.04298090934753
            ],
            [
                4487.900843617997,
                219.13845705986023
            ],
            [
                4489.445661193259,
                238.5202751159668
            ],
            [
                4489.454293828099,
                245.5853888988495
            ],
            [
                4490.291163732858,
                248.24585890769958
            ],
            [
                4490.297572112124,
                249.281268119812
            ],
            [
                4491.553852737721,
                259.10510206222534
            ],
            [
                4491.557436327212,
                267.1932690143585
            ],
            [
                4492.372889683117,
                270.190731048584
            ],
            [
                4492.376234975017,
                271.18948006629944
            ],
            [
                4492.377111772118,
                271.4810290336609
            ],
            [
                4493.636298533059,
                279.79230403900146
            ],
            [
                4493.644534702534,
                280.8625419139862
            ],
            [
                4493.85364880072,
                282.32980489730835
            ],
            [
                4493.862941228364,
                282.84108901023865
            ],
            [
                4493.863885488317,
                283.0843241214752
            ],
            [
                4495.6763050757945,
                292.0625660419464
            ],
            [
                4495.678270954856,
                298.90633511543274
            ],
            [
                4496.891736791977,
                301.24744606018066
            ],
            [
                4496.892102453887,
                302.2958869934082
            ],
            [
                4496.904195661424,
                302.72956895828247
            ],
            [
                4497.73612627272,
                309.5617289543152
            ],
            [
                4497.7396600381435,
                310.7374949455261
            ],
            [
                4497.745721915172,
                311.1572389602661
            ],
            [
                4498.417843341967,
                318.48049211502075
            ],
            [
                4498.428084984893,
                321.0626380443573
            ],
            [
                4499.149534257747,
                323.1075930595398
            ],
            [
                4499.151554933966,
                324.29777908325195
            ],
            [
                4499.255599416834,
                325.1288139820099
            ],
            [
                4499.257157450878,
                325.37263894081116
            ],
            [
                4499.455068799788,
                328.9951310157776
            ],
            [
                4499.463156932557,
                329.97462606430054
            ],
            [
                4499.562966618106,
                330.8089909553528
            ],
            [
                4500.387385224066,
                335.9301509857178
            ],
            [
                4500.391526446947,
                337.58827900886536
            ],
            [
                4501.3475710198345,
                342.24110293388367
            ],
            [
                4501.356444901156,
                343.2009320259094
            ],
            [
                4501.364752826821,
                343.56267499923706
            ],
            [
                4501.364899537319,
                343.76509404182434
            ],
            [
                4502.178212259434,
                347.27121901512146
            ],
            [
                4502.180461603193,
                348.7799859046936
            ],
            [
                4502.199584139991,
                349.18402004241943
            ],
            [
                4502.201215390665,
                349.4653089046478
            ],
            [
                4502.508267398024,
                352.32191705703735
            ],
            [
                4502.520903819801,
                353.30561900138855
            ],
            [
                4502.875667963451,
                357.0214190483093
            ],
            [
                4502.880446789836,
                358.43755292892456
            ],
            [
                4502.983357677748,
                359.42153692245483
            ],
            [
                4502.9839825115905,
                359.64515805244446
            ],
            [
                4503.34892734297,
                363.2265019416809
            ],
            [
                4503.351760747783,
                364.23579692840576
            ],
            [
                4503.485542907855,
                365.1492609977722
            ],
            [
                4503.55652125775,
                366.12362599372864
            ],
            [
                4503.867419605057,
                369.0153970718384
            ],
            [
                4503.868141752411,
                371.84215807914734
            ],
            [
                4503.877874549563,
                372.30316495895386
            ],
            [
                4503.8779243121035,
                372.50281405448914
            ],
            [
                4504.260730358423,
                375.8082981109619
            ],
            [
                4504.277400556149,
                376.88422298431396
            ],
            [
                4504.678799354924,
                380.5305669307709
            ],
            [
                4504.681116361928,
                383.6369299888611
            ],
            [
                4504.703257806296,
                384.2480399608612
            ],
            [
                4504.703488876629,
                384.4538400173187
            ],
            [
                4504.841421091935,
                386.73234510421753
            ],
            [
                4504.843611353435,
                388.82519698143005
            ],
            [
                4505.0975276933805,
                390.16693592071533
            ],
            [
                4505.0992721449875,
                393.5200400352478
            ],
            [
                4505.112601376443,
                393.9550540447235
            ],
            [
                4505.436582275505,
                397.6204900741577
            ],
