{"input parameters": ["13", "0", "500", "X", "500_500", "no_Lagrangian"], "instance": {"facilities": 500, "customers": 500}, "times": {"total_time in s": 3661.54, "initialisation_time in s": 472.06, "node_selection_time in s": 0.05, "implied_demands_time in s": 2375.91, "bounds_time in s": 51.86, "variable_selection in s": 567.32, "greedy_heuristics_time in s": 183.93, "other_time in s": 10.41}, "nodes": {"total": 35, "pruned": 0, "infeasible": 0, "finished": 0}, "solution": {"LB": 5026.3585, "UB": 7230.6914, "gap in %": 30.49, "incumbent": [63, 84, 120, 148, 169, 174, 199, 203, 212, 215, 228, 246, 262, 264, 276, 280, 283, 304, 326, 336, 349, 377, 394, 440, 472, 476, 487, 495], "memory in MB": 1020.87}, "bounds": {"lower_bounds": [[5024.463, 472.06], [5025.752702160636, 926.74, "combined_combinatorial"], [5025.768702160635, 1027.97, "combined_combinatorial"], [5025.830374828835, 1129.68, "combined_combinatorial"], [5025.841012351727, 1230.89, "combined_combinatorial"], [5025.863585948357, 1430.1, "combined_combinatorial"], [5025.8749719351035, 1527.51, "combined_combinatorial"], [5025.903513079643, 1721.38, "combined_combinatorial"], [5025.9245130796435, 2574.13, "combined_combinatorial"], [5025.940513079643, 2759.69, "combined_combinatorial"], [5026.074513079643, 2851.65, "combined_combinatorial"], [5026.322513079644, 2943.36, "combined_combinatorial"], [5026.358513079644, 3307.63, "combined_combinatorial"]], "upper_bounds": [[7783.235515094706, 472.06]]}}