{"input parameters": ["13", "0", "300", "X", "300_300", "no_Lagrangian"], "instance": {"facilities": 300, "customers": 300}, "times": {"total_time in s": 3603.38, "initialisation_time in s": 53.11, "node_selection_time in s": 0.16, "implied_demands_time in s": 2261.74, "bounds_time in s": 141.51, "variable_selection in s": 861.33, "greedy_heuristics_time in s": 257.56, "other_time in s": 27.98}, "nodes": {"total": 262, "pruned": 0, "infeasible": 0, "finished": 0}, "solution": {"LB": 3243.3936, "UB": 5990.6757, "gap in %": 45.86, "incumbent": [6, 14, 29, 31, 53, 54, 103, 117, 118, 125, 129, 136, 141, 147, 204, 276, 278, 297], "memory in MB": 1514.67}, "bounds": {"lower_bounds": [[3137.806, 53.11], [3138.096242860164, 118.36, "combined_combinatorial"], [3138.3399018601635, 157.3, "combined_combinatorial"], [3138.6259018601636, 193.8, "combined_combinatorial"], [3138.698244095813, 387.21, "combined_combinatorial"], [3143.803302410229, 420.55, "combined_combinatorial"], [3149.4873024102294, 721.11, "combined_combinatorial"], [3149.834302410229, 734.56, "combined_combinatorial"], [3154.5452428601634, 755.05, "combined_combinatorial"], [3154.6175850958134, 973.49, "combined_combinatorial"], [3155.2533024102295, 1043.38, "combined_combinatorial"], [3157.8763024102295, 1095.64, "combined_combinatorial"], [3158.341302410229, 1121.1, "combined_combinatorial"], [3158.3473024102295, 1133.48, "combined_combinatorial"], [3158.9446434102297, 1164.26, "combined_combinatorial"], [3165.4396434102296, 1532.54, "combined_combinatorial"], [3168.5566434102293, 1589.59, "combined_combinatorial"], [3168.6976434102294, 1617.51, "combined_combinatorial"], [3173.1966434102296, 1658.41, "combined_combinatorial"], [3209.644244095813, 1674.19, "combined_combinatorial"], [3209.9582686798344, 1689.59, "combined_combinatorial"], [3211.1288973087726, 1746.93, "combined_combinatorial"], [3211.9718973087724, 1810.97, "combined_combinatorial"], [3212.7088973087725, 1844.43, "combined_combinatorial"], [3213.519238308772, 1857.36, "combined_combinatorial"], [3214.0948973087725, 1893.97, "combined_combinatorial"], [3214.1438973087725, 1978.88, "combined_combinatorial"], [3214.234238308772, 1991.57, "combined_combinatorial"], [3214.971238308772, 2028.64, "combined_combinatorial"], [3216.357238308772, 2040.81, "combined_combinatorial"], [3216.403238308772, 2135.87, "combined_combinatorial"], [3216.5708973087726, 2145.83, "combined_combinatorial"], [3216.9508973087723, 2165.22, "combined_combinatorial"], [3217.276302410229, 2186.9, "combined_combinatorial"], [3217.352302410229, 2199.18, "combined_combinatorial"], [3218.0053024102294, 2235.29, "combined_combinatorial"], [3218.907453878032, 2244.57, "combined_combinatorial"], [3219.0522383087723, 2255.82, "combined_combinatorial"], [3219.1463024102295, 2278.57, "combined_combinatorial"], [3219.432238308772, 2334.55, "combined_combinatorial"], [3220.6082686798345, 2359.62, "combined_combinatorial"], [3221.3887948780316, 2455.09, "combined_combinatorial"], [3222.6364538780317, 2464.26, "combined_combinatorial"], [3222.642453878032, 2473.41, "combined_combinatorial"], [3222.669473064781, 2508.72, "combined_combinatorial"], [3224.9437948780314, 2518.98, "combined_combinatorial"], [3224.9497948780318, 2529.49, "combined_combinatorial"], [3224.976814064781, 2569.37, "combined_combinatorial"], [3224.9932686798347, 2583.07, "combined_combinatorial"], [3225.6242686798346, 2649.61, "combined_combinatorial"], [3225.922268679835, 2775.05, "combined_combinatorial"], [3226.1152686798346, 2910.74, "combined_combinatorial"], [3227.279473064781, 2939.62, "combined_combinatorial"], [3227.283473064781, 2948.04, "combined_combinatorial"], [3229.721585095813, 2965.54, "combined_combinatorial"], [3230.005609679835, 2982.85, "combined_combinatorial"], [3230.121814064781, 3043.28, "combined_combinatorial"], [3230.125814064781, 3052.78, "combined_combinatorial"], [3230.3013024102293, 3063.71, "combined_combinatorial"], [3231.440473064781, 3082.95, "combined_combinatorial"], [3231.582302410229, 3093.71, "combined_combinatorial"], [3232.7560765653475, 3103.27, "combined_combinatorial"], [3233.1993024102294, 3113.76, "combined_combinatorial"], [3233.686473064781, 3142.92, "combined_combinatorial"], [3234.2703024102293, 3161.17, "combined_combinatorial"], [3234.282814064781, 3199.44, "combined_combinatorial"], [3234.721473064781, 3207.43, "combined_combinatorial"], [3235.0256434102293, 3221.29, "combined_combinatorial"], [3235.1016434102294, 3234.64, "combined_combinatorial"], [3235.6946434102297, 3261.42, "combined_combinatorial"], [3236.7736434102294, 3274.53, "combined_combinatorial"], [3236.828814064781, 3334.69, "combined_combinatorial"], [3237.8638140647813, 3353.19, "combined_combinatorial"], [3238.9416096798345, 3369.8, "combined_combinatorial"], [3241.8273024102295, 3475.33, "combined_combinatorial"], [3242.4023024102294, 3511.78, "combined_combinatorial"], [3243.3936096798348, 3527.48, "combined_combinatorial"]], "upper_bounds": [[6451.915178565949, 53.11]]}}