{
    "input parameters": [
        "13",
        "0",
        "300",
        "X",
        "300_300",
        "no_preprocessing"
    ],
    "instance": {
        "facilities": 300,
        "customers": 300
    },
    "times": {
        "total_time in s": 3600.07,
        "model_building_time in s": 18.38,
        "model_solving_time in s": 3581.69
    },
    "nodes": {
        "total": 354.0
    },
    "solution": {
        "LB": 3774.6837,
        "UB": 5146.0776,
        "gap in %": 0.27,
        "incumbent": [
            2,
            6,
            29,
            31,
            53,
            54,
            55,
            103,
            113,
            117,
            118,
            129,
            204,
            259,
            276,
            278,
            289,
            297
        ],
        "memory in MB": 4456.49
    },
    "bounds": {
        "lower_bounds": [
            [
                0.0,
                83.36210989952087
            ],
            [
                3702.2078037398983,
                411.1162979602814
            ],
            [
                3702.973145550514,
                1026.5274538993835
            ],
            [
                3706.4360169868073,
                1057.491868019104
            ],
            [
                3706.4367610715576,
                1058.906065940857
            ],
            [
                3706.780280039995,
                1060.1848359107971
            ],
            [
                3707.837864335794,
                1090.9774689674377
            ],
            [
                3707.8488871436302,
                1092.248706817627
            ],
            [
                3707.850355284237,
                1092.515450000763
            ],
            [
                3708.3198901591663,
                1109.422474861145
            ],
            [
                3708.3384963478397,
                1110.4628279209137
            ],
            [
                3708.4320020583605,
                1111.1956310272217
            ],
            [
                3709.6888441746532,
                1137.2698829174042
            ],
            [
                3709.746773741665,
                1143.7745168209076
            ],
            [
                3710.4238204945973,
                1146.9762840270996
            ],
            [
                3710.4465657682704,
                1148.1848769187927
            ],
            [
                3710.500207657831,
                1149.9329099655151
            ],
            [
                3710.6533567540887,
                1155.6841418743134
            ],
            [
                3710.6573452922116,
                1159.1056668758392
            ],
            [
                3710.860934011582,
                1160.509793996811
            ],
            [
                3710.9207643409845,
                1161.7496769428253
            ],
            [
                3712.7781685161735,
                1168.5363748073578
            ],
            [
                3712.7851171790967,
                1169.718015909195
            ],
            [
                3712.8133744846386,
                1170.3645198345184
            ],
            [
                3712.8304406189523,
                1171.0907819271088
            ],
            [
                3713.7524711930364,
                1179.244807958603
            ],
            [
                3713.7601464720474,
                1180.5117359161377
            ],
            [
                3714.0447713103317,
                1181.687835931778
            ],
            [
                3714.079181594954,
                1183.045910835266
            ],
            [
                3714.079725666307,
                1183.4480528831482
            ],
            [
                3714.8297657603825,
                1192.9830558300018
            ],
            [
                3714.884281902227,
                1197.029911994934
            ],
            [
                3717.1927326977675,
                1203.0214948654175
            ],
            [
                3717.1975271467527,
                1204.3968260288239
            ],
            [
                3717.201387921154,
                1204.7160370349884
            ],
            [
                3718.2770238341823,
                1210.8971889019012
            ],
            [
                3718.2819509923947,
                1211.9089138507843
            ],
            [
                3718.30871415594,
                1212.4605758190155
            ],
            [
                3718.312934806102,
                1212.8563468456268
            ],
            [
                3718.5961325461244,
                1213.8996758460999
            ],
            [
                3719.024272849806,
                1220.2085280418396
            ],
            [
                3719.0291755393196,
                1224.454581975937
            ],
            [
                3719.264385461128,
                1226.9604759216309
            ],
            [
                3719.266063728843,
                1228.2126789093018
            ],
            [
                3719.6352250382665,
                1234.8532979488373
            ],
            [
                3719.6720912066844,
                1235.9600939750671
            ],
            [
                3719.784752649502,
                1237.4108138084412
            ],
            [
                3720.005272135356,
                1239.1955080032349
            ],
            [
                3720.005643650986,
                1239.521744966507
            ],
            [
                3720.5214812126933,
                1244.761463880539
            ],
            [
                3720.563237405399,
                1245.8675060272217
            ],
            [
                3721.0087148814127,
                1252.5217549800873
            ],
            [
                3721.0090517485933,
                1253.6354818344116
            ],
            [
                3721.0127591349237,
                1253.9824299812317
            ],
            [
                3721.603080177228,
                1261.370887041092
            ],
            [
                3721.6043988526953,
                1262.5565989017487
            ],
            [
                3721.7681045171494,
                1269.9848968982697
            ],
            [
                3721.772262071444,
                1275.3793048858643
            ],
            [
                3721.9059078435525,
                1277.1951758861542
            ],
            [
                3721.9263900467286,
                1278.333613872528
            ],
            [
                3721.9500343610716,
                1279.306361913681
            ],
            [
                3722.624980359933,
                1284.0191869735718
            ],
            [
                3722.6462689864393,
                1285.2598059177399
            ],
            [
                3722.9074429676402,
                1291.0745458602905
            ],
            [
                3722.912613453582,
                1292.283767938614
            ],
            [
                3722.9235432067358,
                1292.653312921524
            ],
            [
                3722.9947202587273,
                1295.665846824646
            ],
            [
                3723.009690479738,
                1296.8744478225708
            ],
            [
                3723.3484278140754,
                1301.6909928321838
            ],
            [
                3723.35320796171,
                1302.9443190097809
            ],
            [
                3723.4464516089274,
                1304.1647849082947
            ],
            [
                3723.7880158603552,
