{"input parameters": ["13", "0", "300", "X", "300_300", "Lagrangian"], "instance": {"facilities": 300, "customers": 300}, "times": {"total_time in s": 3603.16, "initialisation_time in s": 69.86, "node_selection_time in s": 0.07, "implied_demands_time in s": 1212.78, "bounds_time in s": 1735.31, "variable_selection in s": 445.16, "greedy_heuristics_time in s": 127.61, "other_time in s": 12.37}, "nodes": {"total": 104, "pruned": 0, "infeasible": 0, "finished": 0}, "solution": {"LB": 3209.9583, "UB": 5424.9253, "gap in %": 40.83, "incumbent": [2, 6, 14, 29, 31, 53, 54, 55, 103, 117, 125, 129, 147, 204, 259, 276, 278, 297], "memory in MB": 665.77}, "bounds": {"lower_bounds": [[3137.806, 69.86], [3138.096242860164, 208.88, "combined_combinatorial"], [3138.3399018601635, 293.67, "combined_combinatorial"], [3138.6259018601636, 374.87, "combined_combinatorial"], [3138.698244095813, 798.18, "combined_combinatorial"], [3143.803302410229, 870.29, "combined_combinatorial"], [3149.4873024102294, 1501.28, "combined_combinatorial"], [3149.834302410229, 1529.27, "combined_combinatorial"], [3154.5452428601634, 1574.48, "combined_combinatorial"], [3154.6175850958134, 2040.8, "combined_combinatorial"], [3155.2533024102295, 2187.97, "combined_combinatorial"], [3157.8763024102295, 2294.36, "combined_combinatorial"], [3158.341302410229, 2345.96, "combined_combinatorial"], [3158.3473024102295, 2370.91, "combined_combinatorial"], [3158.9446434102297, 2433.77, "combined_combinatorial"], [3165.4396434102296, 3187.05, "combined_combinatorial"], [3168.5566434102293, 3301.51, "combined_combinatorial"], [3168.6976434102294, 3356.73, "combined_combinatorial"], [3173.1966434102296, 3437.78, "combined_combinatorial"], [3209.644244095813, 3472.15, "combined_combinatorial"], [3209.9582686798344, 3505.79, "combined_combinatorial"]], "upper_bounds": [[5523.924217355196, 69.86]]}}