{"input parameters": ["13", "0", "1000", "X", "1000_1000", "Lagrangian"], "instance": {"facilities": 1000, "customers": 1000}, "times": {"total_time in s": 86548.4, "initialisation_time in s": 7416.99, "node_selection_time in s": 0.37, "implied_demands_time in s": 41988.23, "bounds_time in s": 25295.72, "variable_selection in s": 8906.55, "greedy_heuristics_time in s": 2854.58, "other_time in s": 85.96}, "nodes": {"total": 74, "pruned": 0, "infeasible": 0, "finished": 0}, "solution": {"LB": 10243.4317, "UB": 16146.7042, "gap in %": 36.56, "incumbent": [4, 48, 53, 70, 91, 111, 115, 122, 132, 142, 160, 182, 208, 219, 239, 261, 267, 278, 285, 287, 308, 330, 350, 385, 432, 480, 485, 486, 505, 532, 552, 553, 581, 589, 597, 602, 607, 635, 656, 661, 667, 672, 682, 697, 699, 701, 723, 725, 727, 735, 746, 747, 808, 827, 845, 873, 899, 929, 969, 975, 998], "memory in MB": 5488.11}, "bounds": {"lower_bounds": [[10149.884, 7416.99], [10150.553, 26852.33, "combined_combinatorial"], [10150.677, 29195.01, "combined_combinatorial"], [10156.131497650462, 31528.21, "combined_combinatorial"], [10159.613497650462, 32652.13, "combined_combinatorial"], [10208.069968576337, 33784.92, "combined_combinatorial"], [10208.073968576336, 34908.43, "combined_combinatorial"], [10208.149968576337, 37128.28, "combined_combinatorial"], [10208.681968576337, 41421.52, "combined_combinatorial"], [10231.039156913284, 63626.84, "combined_combinatorial"], [10231.05423196695, 64647.26, "combined_combinatorial"], [10231.201847552364, 66694.05, "combined_combinatorial"], [10231.606687915695, 67687.19, "combined_combinatorial"], [10231.971009913284, 68692.53, "combined_combinatorial"], [10232.00478585195, 69684.15, "combined_combinatorial"], [10232.011854408202, 70726.06, "combined_combinatorial"], [10232.061637159692, 71825.18, "combined_combinatorial"], [10232.063698252037, 74083.63, "combined_combinatorial"], [10232.070739588984, 77469.63, "combined_combinatorial"], [10232.811687915695, 78484.39, "combined_combinatorial"], [10240.245943703967, 80627.17, "combined_combinatorial"], [10243.201687915696, 83684.99, "combined_combinatorial"], [10243.431687915696, 84647.72, "combined_combinatorial"]], "upper_bounds": [[16310.122673621177, 7416.99]]}}