{
    "input parameters": [
        "13",
        "0",
        "500",
        "X",
        "500_500",
        "preprocessing"
    ],
    "instance": {
        "facilities": 500,
        "customers": 500
    },
    "times": {
        "total_time in s": 3600.04,
        "model_building_time in s": 513.3,
        "model_solving_time in s": 3086.74
    },
    "nodes": {
        "total": 381.0
    },
    "solution": {
        "LB": 5471.8946,
        "UB": 6891.366,
        "gap in %": 0.21,
        "incumbent": [
            83,
            84,
            120,
            148,
            174,
            203,
            207,
            212,
            215,
            246,
            262,
            264,
            276,
            280,
            283,
            304,
            336,
            349,
            377,
            387,
            394,
            405,
            440,
            466,
            472,
            476,
            487,
            495
        ],
        "memory in MB": 2277.17
    },
    "bounds": {
        "lower_bounds": [
            [
                0.0,
                56.24965286254883
            ],
            [
                5375.026372620395,
                504.7554748058319
            ],
            [
                5378.772557212157,
                560.2835319042206
            ],
            [
                5378.798418878644,
                561.5258178710938
            ],
            [
                5378.821368903476,
                562.4024438858032
            ],
            [
                5379.911849985277,
                584.0247359275818
            ],
            [
                5379.949655624346,
                593.9830498695374
            ],
            [
                5381.237348177374,
                607.9922819137573
            ],
            [
                5381.248810055697,
                608.9830088615417
            ],
            [
                5382.759798836631,
                634.7062158584595
            ],
            [
                5382.7603023942065,
                635.487673997879
            ],
            [
                5382.765324372057,
                635.7585790157318
            ],
            [
                5383.162659861453,
                644.796877861023
            ],
            [
                5383.170432486811,
                646.7296648025513
            ],
            [
                5383.171875623773,
                648.4627540111542
            ],
            [
                5383.184493238192,
                650.3829820156097
            ],
            [
                5383.192804130345,
                654.3738088607788
            ],
            [
                5383.220350186884,
                655.1786289215088
            ],
            [
                5383.221447376653,
                752.3387019634247
            ],
            [
                5419.071840926789,
                1014.5234999656677
            ],
            [
                5419.160729509634,
                1048.480798959732
            ],
            [
                5441.295641892892,
                1082.445307970047
            ],
            [
                5460.153807791479,
                1156.531243801117
            ],
            [
                5460.156779450474,
                2017.6786108016968
            ],
            [
                5471.859516677874,
                2451.3327100276947
            ],
            [
                5471.894594419783,
                2911.0913088321686
            ]
        ],
        "upper_bounds": [
            [
                145967.733748606,
                56.6873779296875
            ],
            [
                127020.6964313943,
                505.4030690193176
            ],
            [
                121271.08363216929,
                505.6728928089142
            ],
            [
                8723.615859331512,
                561.5116348266602
            ],
            [
                8516.546128739225,
                584.9829819202423
            ],
            [
                8376.875736128673,
                608.9696040153503
            ],
            [
                8366.411783163832,
                648.4434139728546
            ],
            [
                8343.713985523116,
                651.3215658664703
            ],
            [
                8317.00612667462,
                1558.5928778648376
            ],
            [
                7955.375177067165,
                1560.742908000946
            ],
            [
                7858.161103372472,
                1836.5783648490906
            ],
            [
                7652.833744838904,
                1953.9780449867249
            ],
            [
                7480.2128380838585,
                2017.6101830005646
            ],
            [
                7303.048142024435,
                2244.6186578273773
            ],
            [
                6891.3659865826685,
                2317.156329870224
            ]
        ]
    }
}