{"input parameters": ["13", "0", "500", "X", "500_500", "Lagrangian"], "instance": {"facilities": 500, "customers": 500}, "times": {"total_time in s": 3607.94, "initialisation_time in s": 500.76, "node_selection_time in s": 0.03, "implied_demands_time in s": 1399.48, "bounds_time in s": 1264.36, "variable_selection in s": 332.89, "greedy_heuristics_time in s": 104.19, "other_time in s": 6.23}, "nodes": {"total": 21, "pruned": 0, "infeasible": 0, "finished": 0}, "solution": {"LB": 5025.9035, "UB": 7348.3822, "gap in %": 31.61, "incumbent": [39, 62, 63, 84, 120, 148, 174, 191, 199, 203, 212, 228, 246, 262, 264, 276, 280, 283, 304, 319, 326, 336, 349, 377, 394, 472, 487, 495], "memory in MB": 725.08}, "bounds": {"lower_bounds": [[5024.463, 500.76], [5025.752702160636, 1230.32, "combined_combinatorial"], [5025.768702160635, 1396.17, "combined_combinatorial"], [5025.830374828835, 1559.02, "combined_combinatorial"], [5025.841012351727, 1720.51, "combined_combinatorial"], [5025.863585948357, 2043.56, "combined_combinatorial"], [5025.8749719351035, 2203.48, "combined_combinatorial"], [5025.903513079643, 2520.25, "combined_combinatorial"]], "upper_bounds": [[7783.235515094706, 500.76]]}}