{
    "input parameters": [
        "13",
        "0",
        "300",
        "X",
        "300_300",
        "preprocessing"
    ],
    "instance": {
        "facilities": 300,
        "customers": 300
    },
    "times": {
        "total_time in s": 3600.07,
        "model_building_time in s": 49.41,
        "model_solving_time in s": 3550.66
    },
    "nodes": {
        "total": 765.0
    },
    "solution": {
        "LB": 3949.6249,
        "UB": 5066.0152,
        "gap in %": 0.22,
        "incumbent": [
            2,
            6,
            29,
            31,
            53,
            54,
            55,
            103,
            113,
            117,
            129,
            180,
            204,
            243,
            259,
            289,
            297
        ],
        "memory in MB": 2041.38
    },
    "bounds": {
        "lower_bounds": [
            [
                0.0,
                16.231130838394165
            ],
            [
                3707.0698918394023,
                83.95194602012634
            ],
            [
                3732.0130130260322,
                201.86633682250977
            ],
            [
                3732.0456818359635,
                203.7874460220337
            ],
            [
                3734.1583320181726,
                420.97464299201965
            ],
            [
                3738.1958657534506,
                434.6192510128021
            ],
            [
                3738.432615765336,
                439.90613198280334
            ],
            [
                3738.4578255970628,
                440.4302418231964
            ],
            [
                3738.4603293864498,
                440.7434039115906
            ],
            [
                3759.978744774886,
                459.48393988609314
            ],
            [
                3760.801531497076,
                465.353276014328
            ],
            [
                3760.8528953804926,
                466.02861881256104
            ],
            [
                3760.857393297923,
                466.37785387039185
            ],
            [
                3774.2439660403625,
                483.8682270050049
            ],
            [
                3776.1512843320284,
                489.97944593429565
            ],
            [
                3776.8592813921973,
                493.62965297698975
            ],
            [
                3776.9411099360264,
                494.5449118614197
            ],
            [
                3776.955909563789,
                495.0930678844452
            ],
            [
                3776.9631570042293,
                495.5008490085602
            ],
            [
                3781.09146181928,
                507.09586691856384
            ],
            [
                3781.4250768312627,
                520.7580089569092
            ],
            [
                3781.583522280361,
                521.7680749893188
            ],
            [
                3781.653039137913,
                522.5284819602966
            ],
            [
                3781.653150298511,
                522.806587934494
            ],
            [
                3782.4424772248058,
                526.8777558803558
            ],
            [
                3782.5276991787473,
                529.644357919693
            ],
            [
                3782.583791755327,
                530.3093528747559
            ],
            [
                3782.59134815465,
                530.7882738113403
            ],
            [
                3783.2760533329947,
                535.4428539276123
            ],
            [
                3783.3958214251165,
                537.7895019054413
            ],
            [
                3783.4532935607,
                538.7734498977661
            ],
            [
                3783.465502402429,
                539.1661338806152
            ],
            [
                3783.4686699831886,
                539.5346598625183
            ],
            [
                3783.929703641635,
                542.8270378112793
            ],
            [
                3784.1429014574546,
                546.0814490318298
            ],
            [
                3784.1795906239254,
                546.5019400119781
            ],
            [
                3784.1797619359572,
                546.8427758216858
            ],
            [
                3784.796854777463,
                549.6405308246613
            ],
            [
                3785.359463087295,
                552.1619999408722
            ],
            [
                3785.6496342555283,
                552.9320168495178
            ],
            [
                3785.6516939492544,
                553.3604528903961
            ],
            [
                3786.3306967808494,
                557.8330888748169
            ],
            [
                3786.3663969229365,
                560.3635289669037
            ],
            [
                3786.383360560017,
                561.0680689811707
            ],
            [
                3786.387978207727,
                561.4272270202637
            ],
            [
                3786.6114665708865,
                563.8027629852295
            ],
            [
                3786.627582337952,
                565.3411660194397
            ],
            [
                3786.63211581035,
                565.7083828449249
            ],
            [
                3786.651157104331,
                567.4398488998413
            ],
            [
                3786.6521964384174,
                569.8177149295807
            ],
            [
                3786.6537913836178,
                571.4686458110809
            ],
            [
                3786.654101247382,
                572.8380689620972
            ],
            [
                3786.6559808468587,
                574.6465308666229
            ],
            [
                3786.6904728814247,
                574.8501958847046
            ],
            [
                3787.5014846084573,
                599.7278618812561
            ],
            [
                3793.0231891947874,
                642.5425508022308
            ],
            [
                3793.1100135712227,
                661.4264469146729
            ],
            [
                3798.5437840718596,
                661.9721078872681
            ],
            [
                3799.585003185398,
                692.9295499324799
            ],
            [
                3802.5915465835465,
                696.2990548610687
            ],
            [
                3847.375032243645,
                704.5600299835205
            ],
            [
                3850.8365843006513,
                709.9912548065186
            ],
            [
                3851.7466927997602,
                739.0889399051666
            ],
            [
                3851.7492592286007,
                742.7355668544769
            ],
            [
                3893.587705789065,
                743.8487799167633
            ],
            [
                3893.591896163218,
                745.894514799118
            ],
            [
                3898.324361108746,
                904.6110668182373
            ],
            [
                3903.7437891379595,
                950.6108729839325
            ],
            [
                3905.0657363430923,
                1005.5762479305267
            ],
            [
                3907.8105757018743,
                1119.1601560115814
            ],
            [
                3915.829084092013,
                1157.757539987564
            ],
            [
                3920.722614981795,
                1314.005385875702
            ],
            [
