{
    "input parameters": [
        "13",
        "0",
        "700",
        "X",
        "700_700",
        "preprocessing"
    ],
    "instance": {
        "facilities": 700,
        "customers": 700
    },
    "times": {
        "total_time in s": 3600.09,
        "model_building_time in s": 1437.37,
        "model_solving_time in s": 2162.71
    },
    "nodes": {
        "total": 1.0
    },
    "solution": {
        "LB": 7587.5002,
        "UB": 10218.7633,
        "gap in %": 0.26,
        "incumbent": [
            15,
            46,
            48,
            69,
            119,
            125,
            132,
            138,
            144,
            161,
            181,
            209,
            211,
            242,
            245,
            256,
            307,
            312,
            313,
            315,
            332,
            344,
            345,
            347,
            372,
            383,
            384,
            389,
            419,
            442,
            449,
            483,
            515,
            570,
            599,
            625,
            630,
            642,
            650,
            677,
            697
        ],
        "memory in MB": 4467.93
    },
    "bounds": {
        "lower_bounds": [
            [
                0.0,
                91.7236270904541
            ],
            [
                7559.794205244341,
                987.9986989498138
            ],
            [
                7570.449971427706,
                1591.5393090248108
            ],
            [
                7571.326913543591,
                1642.1501710414886
            ],
            [
                7575.467961992687,
                1865.0241739749908
            ],
            [
                7575.747800612454,
                1876.5080909729004
            ],
            [
                7575.835424985916,
                1878.0388910770416
            ],
            [
                7575.835434378523,
                1878.711767911911
            ],
            [
                7578.808597261612,
                1971.713133096695
            ],
            [
                7579.586988557693,
                1983.4109981060028
            ],
            [
                7579.836397303294,
                1984.9244248867035
            ],
            [
                7579.840093569671,
                1985.9253408908844
            ],
            [
                7579.840281244256,
                1986.6100800037384
            ],
            [
                7583.988723929546,
                2036.9037489891052
            ],
            [
                7584.181417946524,
                2051.2185809612274
            ],
            [
                7584.182002537402,
                2051.9575819969177
            ],
            [
                7585.9123068393665,
                2085.494162082672
            ],
            [
                7586.181086007162,
                2099.4684879779816
            ],
            [
                7586.199985887065,
                2101.053186893463
            ],
            [
                7586.200070540185,
                2101.85692691803
            ],
            [
                7586.976544684667,
                2128.485272884369
            ],
            [
                7587.052770060361,
                2139.1725459098816
            ],
            [
                7587.055970514199,
                2140.3366780281067
            ],
            [
                7587.500241439288,
                2162.4484050273895
            ]
        ],
        "upper_bounds": [
            [
                113581.57195036732,
                99.37030100822449
            ],
            [
                12366.825666575165,
                988.2930929660797
            ],
            [
                10654.321593918306,
                1021.8959269523621
            ],
            [
                10244.366198468932,
                1024.3583159446716
            ],
            [
                10233.196515836811,
                1638.358477115631
            ],
            [
                10218.763274867213,
                2096.5271849632263
            ],
            [
                10218.76327261248,
                2162.507400035858
            ]
        ]
    }
}