{"input parameters": ["13", "0", "1000", "X", "1000_1000", "no_Lagrangian"], "instance": {"facilities": 1000, "customers": 1000}, "times": {"total_time in s": 86493.57, "initialisation_time in s": 7215.1, "node_selection_time in s": 0.55, "implied_demands_time in s": 60948.74, "bounds_time in s": 602.86, "variable_selection in s": 13361.16, "greedy_heuristics_time in s": 4235.77, "other_time in s": 129.39}, "nodes": {"total": 109, "pruned": 0, "infeasible": 0, "finished": 0}, "solution": {"LB": 10280.6863, "UB": 16713.8596, "gap in %": 38.49, "incumbent": [4, 47, 91, 100, 111, 142, 156, 159, 160, 208, 261, 267, 273, 274, 284, 285, 287, 315, 350, 370, 399, 426, 432, 439, 448, 480, 485, 505, 552, 553, 581, 589, 597, 602, 607, 635, 648, 662, 667, 672, 676, 682, 690, 693, 697, 701, 727, 735, 793, 808, 813, 821, 823, 829, 836, 899, 916, 929, 934, 969, 998], "memory in MB": 7655.86}, "bounds": {"lower_bounds": [[10149.884, 7215.1], [10150.553, 20197.19, "combined_combinatorial"], [10150.677, 21815.3, "combined_combinatorial"], [10156.131497650462, 23281.91, "combined_combinatorial"], [10159.613497650462, 24042.88, "combined_combinatorial"], [10208.069968576337, 24719.6, "combined_combinatorial"], [10208.073968576336, 25459.84, "combined_combinatorial"], [10208.149968576337, 26874.2, "combined_combinatorial"], [10208.681968576337, 29854.18, "combined_combinatorial"], [10231.039156913284, 44636.39, "combined_combinatorial"], [10231.05423196695, 45368.35, "combined_combinatorial"], [10231.201847552364, 46702.57, "combined_combinatorial"], [10231.606687915695, 47396.96, "combined_combinatorial"], [10231.971009913284, 48039.46, "combined_combinatorial"], [10232.00478585195, 48750.74, "combined_combinatorial"], [10232.011854408202, 49437.66, "combined_combinatorial"], [10232.061637159692, 50161.4, "combined_combinatorial"], [10232.063698252037, 51656.1, "combined_combinatorial"], [10232.070739588984, 53790.76, "combined_combinatorial"], [10232.811687915695, 54391.53, "combined_combinatorial"], [10240.245943703967, 55774.37, "combined_combinatorial"], [10243.201687915696, 57799.59, "combined_combinatorial"], [10243.431687915696, 58430.08, "combined_combinatorial"], [10243.721687915695, 59801.07, "combined_combinatorial"], [10244.031733921898, 60449.82, "combined_combinatorial"], [10271.770739588985, 61875.96, "combined_combinatorial"], [10274.708667225035, 63983.2, "combined_combinatorial"], [10277.563386495123, 64814.0, "combined_combinatorial"], [10277.590623767093, 65649.74, "combined_combinatorial"], [10277.702623767094, 67295.06, "combined_combinatorial"], [10277.717347238435, 68864.15, "combined_combinatorial"], [10277.745249801914, 69659.96, "combined_combinatorial"], [10278.277249801913, 72069.65, "combined_combinatorial"], [10279.917703679195, 82552.85, "combined_combinatorial"], [10280.418703679195, 83221.15, "combined_combinatorial"], [10280.685703679195, 84484.63, "combined_combinatorial"], [10280.686261175228, 85151.22, "combined_combinatorial"]], "upper_bounds": [[17127.84249147582, 7215.1]]}}