{
    "input parameters": [
        "13",
        "1",
        "300",
        "X",
        "300_300",
        "no_preprocessing"
    ],
    "instance": {
        "facilities": 300,
        "customers": 300
    },
    "times": {
        "total_time in s": 3600.12,
        "model_building_time in s": 18.0,
        "model_solving_time in s": 3582.12
    },
    "nodes": {
        "total": 20.0
    },
    "solution": {
        "LB": 4168.4957,
        "UB": 5201.9954,
        "gap in %": 0.2,
        "incumbent": [
            14,
            31,
            55,
            88,
            117,
            118,
            129,
            136,
            139,
            146,
            180,
            206,
            248,
            276,
            287,
            297
        ],
        "memory in MB": 3522.45
    },
    "bounds": {
        "lower_bounds": [
            [
                0.0,
                73.85240316390991
            ],
            [
                4025.410203680852,
                440.02860713005066
            ],
            [
                4035.6573200365933,
                824.4612400531769
            ],
            [
                4036.0483707686435,
                863.7587330341339
            ],
            [
                4036.0505753455554,
                865.0331430435181
            ],
            [
                4045.4846451663648,
                1124.053584098816
            ],
            [
                4045.8625264006196,
                1154.819610118866
            ],
            [
                4046.0350023700744,
                1160.5574271678925
            ],
            [
                4050.576364670897,
                1328.759701013565
            ],
            [
                4050.854053958028,
                1411.4327750205994
            ],
            [
                4050.946458327484,
                1413.2686550617218
            ],
            [
                4056.927594753433,
                1516.9328711032867
            ],
            [
                4057.577250258492,
                1579.2668361663818
            ],
            [
                4057.8470679823326,
                1581.7982561588287
            ],
            [
                4058.235516930984,
                1585.8572919368744
            ],
            [
                4058.4587957598324,
                1588.5342500209808
            ],
            [
                4058.468891956408,
                1590.1849150657654
            ],
            [
                4060.882927661005,
                1695.6452119350433
            ],
            [
                4061.136438113189,
                1708.0555019378662
            ],
            [
                4061.178601346516,
                1710.1997170448303
            ],
            [
                4061.1800665614055,
                1711.2831630706787
            ],
            [
                4064.6046557237582,
                1802.9167339801788
            ],
            [
                4064.8625463707435,
                1822.3038260936737
            ],
            [
                4064.888338073308,
                1824.0809500217438
            ],
            [
                4066.7099373248006,
                1871.5773031711578
            ],
            [
                4066.9149941554265,
                1902.3529341220856
            ],
            [
                4066.916587732271,
                1903.5808589458466
            ],
            [
                4067.5361249404523,
                1941.0049359798431
            ],
            [
                4067.590961984007,
                1943.7919421195984
            ],
            [
                4069.6574689660883,
                1984.6301469802856
            ],
            [
                4069.745119831577,
                2032.7571771144867
            ],
            [
                4069.7678378715477,
                2034.464548110962
            ],
            [
                4070.3698112801185,
                2054.917580127716
            ],
            [
                4070.5536077389943,
                2093.4676129817963
            ],
            [
                4070.559030386522,
                2095.1845400333405
            ],
            [
                4070.55944178748,
                2096.180899143219
            ],
            [
                4071.124434757908,
                2142.925554037094
            ],
            [
                4071.306713139162,
                2181.786796092987
            ],
            [
                4071.3384514917293,
                2182.580649137497
            ],
            [
                4071.3414406323327,
                2183.226364135742
            ],
            [
                4072.145999316389,
                2225.911987066269
            ],
            [
                4072.2839254891255,
                2233.6882531642914
            ],
            [
                4072.2982640825117,
                2234.5039801597595
            ],
            [
                4072.903124085648,
                2278.609449148178
            ],
            [
                4073.0862064437583,
                2291.4261219501495
            ],
            [
                4073.097593351454,
                2292.2119059562683
            ],
            [
                4073.0977307317876,
                2292.837331056595
            ],
            [
                4074.0083406729295,
                2312.8068101406097
            ],
            [
                4074.0649964830577,
                2349.271739959717
            ],
            [
                4074.065386919494,
                2349.903289079666
            ],
            [
                4074.375126459525,
                2366.4527790546417
            ],
            [
                4074.5619208270505,
                2392.5922429561615
            ],
            [
                4074.5639952824213,
                2393.272849082947
            ],
            [
                4074.6071983707357,
                2422.6782870292664
            ],
            [
                4074.607581390995,
                2435.8883759975433
            ],
            [
                4074.927564766864,
                2464.7103340625763
            ],
            [
                4074.9332544857316,
                2466.193788051605
            ],
            [
                4074.9334882947087,
                2466.84423494339
            ],
            [
                4075.2862415092854,
                2487.689723968506
            ],
            [
                4075.306159514972,
                2493.073385953903
            ],
            [
                4075.314074605771,
                2493.923063993454
            ],
            [
                4075.316056233514,
                2494.559952020645
            ],
            [
                4075.7187828644674,
                2503.983200073242
            ],
            [
                4075.7417792897045,
                2505.4528801441193
            ],
            [
                4075.742907178116,
                2506.084109067917
            ],
            [
                4076.265811413615,
                2516.021903038025
            ],
            [
                4076.4020918345886,
                2518.770462036133
            ],
            [
                4076.4191828661537,
                2519.4806180000305
            ],
            [
                4076.42492502643,
                2520.1552481651306
            ],
            [
                4076.425162151982,
                2520.770607948303
            ],
            [
                4076.7279282874633,
                2527.861843109131
            ],
            [
                4076.736690586467,
                2529.121125936508
            ],
