{"input parameters": ["13", "1", "300", "X", "300_300", "no_Lagrangian"], "instance": {"facilities": 300, "customers": 300}, "times": {"total_time in s": 3601.79, "initialisation_time in s": 61.39, "node_selection_time in s": 0.06, "implied_demands_time in s": 2645.22, "bounds_time in s": 142.72, "variable_selection in s": 556.76, "greedy_heuristics_time in s": 185.56, "other_time in s": 10.08}, "nodes": {"total": 102, "pruned": 0, "infeasible": 0, "finished": 0}, "solution": {"LB": 3381.3101, "UB": 5231.2525, "gap in %": 35.36, "incumbent": [2, 14, 31, 55, 88, 117, 118, 136, 165, 180, 206, 243, 276, 287, 297], "memory in MB": 524.05}, "bounds": {"lower_bounds": [[3167.773, 61.39], [3169.175, 284.24, "combined_combinatorial"], [3170.415, 1019.27, "combined_combinatorial"], [3191.056, 1168.99, "combined_combinatorial"], [3200.888, 1363.87, "combined_combinatorial"], [3289.97, 1700.3, "combined_combinatorial"], [3290.113, 1976.13, "combined_combinatorial"], [3290.941, 2021.4, "combined_combinatorial"], [3291.061, 2285.14, "combined_combinatorial"], [3291.817, 2327.42, "combined_combinatorial"], [3304.0348050000002, 2393.5, "combined_combinatorial"], [3307.194101, 2536.71, "combined_combinatorial"], [3307.978101, 2728.95, "combined_combinatorial"], [3308.062101, 2861.84, "combined_combinatorial"], [3308.172101, 2887.59, "combined_combinatorial"], [3309.069805, 2936.0, "combined_combinatorial"], [3310.146101, 3028.12, "combined_combinatorial"], [3340.828805, 3295.44, "combined_combinatorial"], [3340.912805, 3317.42, "combined_combinatorial"], [3343.3978049999996, 3339.32, "combined_combinatorial"], [3369.520858, 3355.12, "combined_combinatorial"], [3370.395858, 3401.99, "combined_combinatorial"], [3373.7496380000002, 3468.65, "combined_combinatorial"], [3381.310101, 3533.18, "combined_combinatorial"]], "upper_bounds": [[5447.250602999999, 61.39]]}}