{
    "input parameters": [
        "13",
        "1",
        "300",
        "X",
        "300_300",
        "preprocessing"
    ],
    "instance": {
        "facilities": 300,
        "customers": 300
    },
    "times": {
        "total_time in s": 3600.12,
        "model_building_time in s": 60.27,
        "model_solving_time in s": 3539.85
    },
    "nodes": {
        "total": 57.0
    },
    "solution": {
        "LB": 4190.7112,
        "UB": 5108.8142,
        "gap in %": 0.18,
        "incumbent": [
            6,
            14,
            27,
            55,
            88,
            117,
            118,
            129,
            136,
            139,
            206,
            243,
            248,
            276,
            287,
            297
        ],
        "memory in MB": 2908.28
    },
    "bounds": {
        "lower_bounds": [
            [
                0.0,
                61.09578323364258
            ],
            [
                4025.4666427586694,
                370.7651832103729
            ],
            [
                4039.4721292620757,
                632.2076830863953
            ],
            [
                4039.667546210566,
                675.0593800544739
            ],
            [
                4039.6682453889116,
                675.8288350105286
            ],
            [
                4043.4906198033664,
                810.1216311454773
            ],
            [
                4045.2942449879224,
                821.5917692184448
            ],
            [
                4046.0265120935296,
                828.1076772212982
            ],
            [
                4046.161512474616,
                831.9797592163086
            ],
            [
                4052.432121175244,
                911.2875051498413
            ],
            [
                4053.5917039838946,
                924.377701997757
            ],
            [
                4053.6048993405248,
                925.2087781429291
            ],
            [
                4053.606149006998,
                926.0142760276794
            ],
            [
                4056.7686721193695,
                977.3861751556396
            ],
            [
                4057.5602761981218,
                988.747524023056
            ],
            [
                4058.0529646877194,
                991.1917300224304
            ],
            [
                4058.1099958070918,
                994.0423290729523
            ],
            [
                4060.2164642048006,
                1024.3856902122498
            ],
            [
                4061.4272077024684,
                1037.679960012436
            ],
            [
                4062.022756271632,
                1040.8014221191406
            ],
            [
                4062.3186997019898,
                1042.2302420139313
            ],
            [
                4062.5554493897844,
                1043.9590060710907
            ],
            [
                4062.717196354675,
                1045.2991561889648
            ],
            [
                4062.7529274407148,
                1047.3785240650177
            ],
            [
                4062.753272937995,
                1048.459673166275
            ],
            [
                4066.27128394123,
                1081.1860229969025
            ],
            [
                4066.34632658906,
                1085.3969521522522
            ],
            [
                4068.441688097827,
                1178.0202541351318
            ],
            [
                4069.171850610086,
                1219.5411632061005
            ],
            [
                4069.182326855003,
                1220.2569980621338
            ],
            [
                4069.1825940726617,
                1220.735195159912
            ],
            [
                4069.750161771548,
                1272.743259191513
            ],
            [
                4069.750842382566,
                1279.2470831871033
            ],
            [
                4070.706368674067,
                1323.7837731838226
            ],
            [
                4070.7583459521643,
                1339.3781440258026
            ],
            [
                4070.7730668825357,
                1339.9845910072327
            ],
            [
                4070.7803456468473,
                1340.5880711078644
            ],
            [
                4070.781779334397,
                1340.934257030487
            ],
            [
                4071.227986905995,
                1354.700445175171
            ],
            [
                4071.5256275981114,
                1361.7775740623474
            ],
            [
                4071.5564587402478,
                1362.6234650611877
            ],
            [
                4071.557468171674,
                1363.1063580513
            ],
            [
                4071.7466712483733,
                1377.7076680660248
            ],
            [
                4072.023440718845,
                1394.3586790561676
            ],
            [
                4072.040046817931,
                1395.1171581745148
            ],
            [
                4073.0472530886955,
                1407.7322461605072
            ],
            [
                4073.256638697159,
                1416.9035000801086
            ],
            [
                4073.260490889835,
                1417.503368139267
            ],
            [
                4073.8910884615725,
                1435.6625740528107
            ],
            [
                4074.025987730042,
                1458.7900052070618
            ],
            [
                4074.052233631572,
                1459.6948940753937
            ],
            [
                4074.057589581349,
                1460.2545340061188
            ],
            [
                4074.7865423369963,
                1474.420981168747
            ],
            [
                4074.941694534313,
                1502.9646670818329
            ],
            [
                4074.979964683304,
                1503.72483420372
            ],
            [
                4074.985981199294,
                1504.2937350273132
            ],
            [
                4074.9895545691847,
                1504.8354120254517
            ],
            [
                4075.1649229384693,
                1526.825382232666
            ],
            [
                4075.1924990572534,
                1550.58566904068
            ],
            [
                4075.2159403583787,
                1551.6220610141754
            ],
            [
                4075.2214250192383,
                1552.1787490844727
            ],
            [
                4076.1783994407497,
                1579.6048970222473
            ],
            [
                4076.4018672235125,
                1605.7070100307465
            ],
            [
                4076.5078646731827,
                1606.6225981712341
            ],
            [
                4076.5391571176074,
                1607.2702610492706
            ],
            [
                4076.76115997087,
                1632.6682012081146
            ],
            [
                4076.812384513516,
                1652.8396291732788
            ],
            [
                4076.8282524146566,
                1653.423270225525
            ],
            [
                4076.830958564123,
                1653.954819202423
            ],
            [
                4077.026945608098,
                1679.0456070899963
            ],
            [
                4077.0343921819026,
                1701.2455821037292
            ],
            [
                4077.0351383521765,
                1701.7238750457764
            ],
            [
