{"input parameters": ["14", "0", "300", "X", "300_300", "Lagrangian"], "instance": {"facilities": 300, "customers": 300}, "times": {"total_time in s": 3632.44, "initialisation_time in s": 70.02, "node_selection_time in s": 0.24, "implied_demands_time in s": 1032.76, "bounds_time in s": 1930.43, "variable_selection in s": 485.15, "greedy_heuristics_time in s": 100.84, "other_time in s": 13.01}, "nodes": {"total": 79, "pruned": 0, "infeasible": 0, "finished": 0}, "solution": {"LB": 3399.4315, "UB": 5165.0403, "gap in %": 34.18, "incumbent": [2, 26, 56, 67, 107, 132, 135, 156, 190, 196, 206, 213, 215, 295, 299], "memory in MB": 535.54}, "bounds": {"lower_bounds": [[3338.82, 70.02], [3339.192, 172.7, "combined_combinatorial"], [3339.288, 326.29, "combined_combinatorial"], [3339.603, 427.75, "combined_combinatorial"], [3340.101, 1093.21, "combined_combinatorial"], [3340.263, 1150.54, "combined_combinatorial"], [3341.116, 1373.28, "combined_combinatorial"], [3342.603, 1555.05, "combined_combinatorial"], [3344.6561814930246, 1593.58, "combined_combinatorial"], [3359.8659183513255, 1730.85, "combined_combinatorial"], [3359.873019485879, 1763.34, "combined_combinatorial"], [3359.8975507232203, 1794.57, "combined_combinatorial"], [3360.36555072322, 1826.3, "combined_combinatorial"], [3362.209260794804, 1991.94, "combined_combinatorial"], [3362.242844449628, 2054.66, "combined_combinatorial"], [3365.6550601123654, 2134.73, "combined_combinatorial"], [3365.7370601123653, 2183.19, "combined_combinatorial"], [3366.82555072322, 2213.76, "combined_combinatorial"], [3369.166844449628, 2274.67, "combined_combinatorial"], [3372.530009929541, 2353.1, "combined_combinatorial"], [3376.18, 2457.94, "combined_combinatorial"], [3378.196606357343, 2543.81, "combined_combinatorial"], [3378.2323740356596, 2582.87, "combined_combinatorial"], [3378.6593740356598, 2622.56, "combined_combinatorial"], [3380.1373740356594, 2661.59, "combined_combinatorial"], [3380.235, 2746.51, "combined_combinatorial"], [3384.748361001895, 2802.17, "combined_combinatorial"], [3384.766936249528, 2857.82, "combined_combinatorial"], [3384.7954861483827, 3070.7, "combined_combinatorial"], [3385.392009929541, 3133.11, "combined_combinatorial"], [3386.148161540657, 3185.48, "combined_combinatorial"], [3386.4031876315667, 3287.4, "combined_combinatorial"], [3386.4118187285953, 3337.22, "combined_combinatorial"], [3392.267818728595, 3432.13, "combined_combinatorial"], [3398.8175088856565, 3532.0, "combined_combinatorial"], [3399.4315088856565, 3583.24, "combined_combinatorial"]], "upper_bounds": [[5296.644673081433, 70.02]]}}