{
    "input parameters": [
        "14",
        "0",
        "500",
        "X",
        "500_500",
        "preprocessing"
    ],
    "instance": {
        "facilities": 500,
        "customers": 500
    },
    "times": {
        "total_time in s": 3600.05,
        "model_building_time in s": 553.31,
        "model_solving_time in s": 3046.74
    },
    "nodes": {
        "total": 304.0
    },
    "solution": {
        "LB": 6049.4844,
        "UB": 8427.7892,
        "gap in %": 0.28,
        "incumbent": [
            44,
            68,
            70,
            71,
            84,
            88,
            167,
            168,
            169,
            175,
            182,
            199,
            220,
            230,
            237,
            240,
            249,
            254,
            256,
            266,
            272,
            277,
            285,
            286,
            322,
            384,
            396,
            412,
            438,
            442
        ],
        "memory in MB": 2303.46
    },
    "bounds": {
        "lower_bounds": [
            [
                0.0,
                60.49367713928223
            ],
            [
                5851.49418994081,
                652.0663650035858
            ],
            [
                5865.405729574122,
                678.8779971599579
            ],
            [
                5865.447047586367,
                680.1492371559143
            ],
            [
                5866.263120405785,
                681.8651621341705
            ],
            [
                5874.696858556312,
                706.3448679447174
            ],
            [
                5874.9860057725045,
                707.385833978653
            ],
            [
                5880.862541096521,
                721.7320539951324
            ],
            [
                5880.884453285201,
                728.9989340305328
            ],
            [
                5885.241825583203,
                739.4307050704956
            ],
            [
                5885.377619841388,
                740.5218939781189
            ],
            [
                5886.485281250103,
                748.5494980812073
            ],
            [
                5886.5437191728815,
                749.4800209999084
            ],
            [
                5889.477665548429,
                759.429193019867
            ],
            [
                5889.4936340131435,
                760.4795200824738
            ],
            [
                5889.728522684332,
                762.3302390575409
            ],
            [
                5890.008885161759,
                763.8147780895233
            ],
            [
                5890.196531488261,
                766.1188671588898
            ],
            [
                5891.141895611448,
                771.7049400806427
            ],
            [
                5891.178011821888,
                772.7454240322113
            ],
            [
                5891.226123426694,
                773.4586441516876
            ],
            [
                5892.434233920383,
                779.7641899585724
            ],
            [
                5892.692185414838,
                780.9004859924316
            ],
            [
                5894.432211585214,
                787.9376709461212
            ],
            [
                5894.9487648248105,
                789.0884401798248
            ],
            [
                5895.045497543796,
                793.4441330432892
            ],
            [
                5895.047992396052,
                794.6327180862427
            ],
            [
                5895.091421783221,
                795.5039300918579
            ],
            [
                5895.104791130748,
                796.1280000209808
            ],
            [
                5895.447805506321,
                798.6667020320892
            ],
            [
                5895.522604784585,
                799.7767701148987
            ],
            [
                5895.720413513807,
                802.6159060001373
            ],
            [
                5895.7607598007635,
                803.8104820251465
            ],
            [
                5895.853422171096,
                928.4060590267181
            ],
            [
                5896.286865647105,
                949.3267140388489
            ],
            [
                5897.6136125201,
                986.7642421722412
            ],
            [
                5920.282016989022,
                1018.578467130661
            ],
            [
                5920.58521400102,
                1074.1291830539703
            ],
            [
                5961.399929204571,
                1085.6531820297241
            ],
            [
                5961.540033833984,
                1866.047142982483
            ],
            [
                6035.232482517418,
                2276.0880060195923
            ],
            [
                6049.484412990833,
                2884.1605401039124
            ]
        ],
        "upper_bounds": [
            [
                148808.00879554416,
                61.069353103637695
            ],
            [
                121307.70332092061,
                652.6402771472931
            ],
            [
                116369.90409682239,
                652.9592390060425
            ],
            [
                11284.704590949037,
                680.1363220214844
            ],
            [
                11043.313706280962,
                707.3702750205994
            ],
            [
                10234.826550831072,
                722.616693019867
            ],
            [
                10119.813444934598,
                780.8834929466248
            ],
            [
                9966.32907192417,
                789.0630249977112
            ],
            [
                9839.200759624342,
                1615.2664551734924
            ],
            [
                9660.447110897025,
                1765.3208820819855
            ],
            [
                9318.721460798639,
                1979.7189991474152
            ],
            [
                9242.859853853295,
                2130.1805860996246
            ],
            [
                8481.447272948695,
                2380.1038081645966
            ],
            [
                8427.78919882105,
                3020.065579175949
            ]
        ]
    }
}