{
    "input parameters": [
        "14",
        "0",
        "300",
        "X",
        "300_300",
        "no_preprocessing"
    ],
    "instance": {
        "facilities": 300,
        "customers": 300
    },
    "times": {
        "total_time in s": 3600.11,
        "model_building_time in s": 18.03,
        "model_solving_time in s": 3582.07
    },
    "nodes": {
        "total": 569.0
    },
    "solution": {
        "LB": 3846.2772,
        "UB": 5141.9149,
        "gap in %": 0.25,
        "incumbent": [
            2,
            5,
            56,
            68,
            135,
            156,
            163,
            185,
            196,
            198,
            209,
            210,
            213,
            230,
            241,
            295,
            299
        ],
        "memory in MB": 3764.49
    },
    "bounds": {
        "lower_bounds": [
            [
                0.0,
                92.31227493286133
            ],
            [
                3760.9730601147394,
                448.0979588031769
            ],
            [
                3761.451759214403,
                1060.6807248592377
            ],
            [
                3763.298260227265,
                1081.0002648830414
            ],
            [
                3763.303015201832,
                1096.7402548789978
            ],
            [
                3763.8439267660174,
                1098.2742779254913
            ],
            [
                3763.915800188043,
                1098.9701828956604
            ],
            [
                3764.423464985118,
                1107.3089509010315
            ],
            [
                3764.4738550533175,
                1124.1904158592224
            ],
            [
                3764.5037853709714,
                1203.4826319217682
            ],
            [
                3764.8674290366257,
                1267.101233959198
            ],
            [
                3764.934363848137,
                1307.070366859436
            ],
            [
                3769.4326223405637,
                1348.5529038906097
            ],
            [
                3769.4370309986507,
                1361.3864297866821
            ],
            [
                3787.126146316697,
                1373.3915548324585
            ],
            [
                3787.1679640081534,
                1410.151309967041
            ],
            [
                3800.971025179468,
                1440.5829458236694
            ],
            [
                3801.134254592812,
                1445.0877578258514
            ],
            [
                3808.5180835055976,
                1536.66517496109
            ],
            [
                3808.6005213477965,
                1554.5040137767792
            ],
            [
                3816.2304672514765,
                1555.6126008033752
            ],
            [
                3816.258061875874,
                1841.8935678005219
            ],
            [
                3827.583312595252,
                2000.452075958252
            ],
            [
                3827.623066146932,
                2180.654581785202
            ],
            [
                3828.526186708665,
                2327.796093940735
            ],
            [
                3832.6586736877102,
                2462.668958902359
            ],
            [
                3832.662688022669,
                2498.745727777481
            ],
            [
                3839.1116372361957,
                2645.1904289722443
            ],
            [
                3843.8692018546735,
                2754.491884946823
            ],
            [
                3846.2772392300426,
                2955.6422247886658
            ]
        ],
        "upper_bounds": [
            [
                41917.82624543736,
                97.13653993606567
            ],
            [
                5832.694941211572,
                448.3741989135742
            ],
            [
                5686.088729843784,
                460.8184299468994
            ],
            [
                5189.142346229824,
                2139.5785307884216
            ],
            [
                5151.385515243239,
                2417.3554499149323
            ],
            [
                5141.914858117545,
                2583.7508289813995
            ]
        ]
    }
}