{"input parameters": ["14", "0", "1000", "X", "1000_1000", "Lagrangian"], "instance": {"facilities": 1000, "customers": 1000}, "times": {"total_time in s": 86575.05, "initialisation_time in s": 7375.78, "node_selection_time in s": 0.33, "implied_demands_time in s": 41937.99, "bounds_time in s": 25868.22, "variable_selection in s": 8608.27, "greedy_heuristics_time in s": 2704.87, "other_time in s": 79.59}, "nodes": {"total": 67, "pruned": 0, "infeasible": 0, "finished": 0}, "solution": {"LB": 10423.6266, "UB": 16234.9096, "gap in %": 35.79, "incumbent": [4, 14, 19, 28, 61, 62, 65, 78, 84, 87, 103, 107, 109, 156, 198, 206, 213, 234, 240, 242, 268, 285, 308, 316, 317, 330, 345, 354, 387, 427, 504, 511, 513, 532, 543, 548, 549, 600, 615, 625, 644, 645, 672, 696, 711, 748, 765, 767, 769, 795, 842, 869, 882, 901, 913, 916, 926, 985, 987, 991, 999], "memory in MB": 4943.54}, "bounds": {"lower_bounds": [[10322.039, 7375.78], [10322.188, 13995.82, "combined_combinatorial"], [10322.190108393994, 16587.19, "combined_combinatorial"], [10322.243108393994, 20436.13, "combined_combinatorial"], [10323.307108393994, 22953.81, "combined_combinatorial"], [10357.266108393995, 24197.4, "combined_combinatorial"], [10357.330673342183, 25433.68, "combined_combinatorial"], [10357.490920701259, 26665.08, "combined_combinatorial"], [10357.49692070126, 35272.13, "combined_combinatorial"], [10357.50292070126, 38923.93, "combined_combinatorial"], [10357.562920701259, 41325.1, "combined_combinatorial"], [10360.50192070126, 43724.92, "combined_combinatorial"], [10360.72492070126, 46048.92, "combined_combinatorial"], [10361.919920701259, 49493.12, "combined_combinatorial"], [10363.05992070126, 50618.5, "combined_combinatorial"], [10363.29692070126, 51708.52, "combined_combinatorial"], [10367.886723451067, 52984.08, "combined_combinatorial"], [10367.894958629098, 55548.89, "combined_combinatorial"], [10367.906480177804, 56799.91, "combined_combinatorial"], [10367.962480177805, 59352.2, "combined_combinatorial"], [10385.477, 60678.48, "combined_combinatorial"], [10385.501, 64667.7, "combined_combinatorial"], [10398.206480177803, 67244.75, "combined_combinatorial"], [10398.271045125995, 68494.62, "combined_combinatorial"], [10403.592409122379, 70892.82, "combined_combinatorial"], [10403.594409122377, 72036.44, "combined_combinatorial"], [10404.716950575308, 76452.2, "combined_combinatorial"], [10404.722950575308, 77549.23, "combined_combinatorial"], [10411.642920701259, 82977.67, "combined_combinatorial"], [10413.093288514989, 84035.79, "combined_combinatorial"], [10423.626615057074, 85352.84, "combined_combinatorial"]], "upper_bounds": [[16880.08132899013, 7375.78]]}}