{"input parameters": ["14", "0", "300", "X", "300_300", "no_Lagrangian"], "instance": {"facilities": 300, "customers": 300}, "times": {"total_time in s": 3606.93, "initialisation_time in s": 53.43, "node_selection_time in s": 0.15, "implied_demands_time in s": 2198.63, "bounds_time in s": 152.11, "variable_selection in s": 925.02, "greedy_heuristics_time in s": 248.26, "other_time in s": 29.33}, "nodes": {"total": 261, "pruned": 1, "infeasible": 0, "finished": 0}, "solution": {"LB": 3444.2643, "UB": 5217.6933, "gap in %": 33.99, "incumbent": [56, 66, 67, 107, 131, 132, 163, 184, 190, 196, 198, 210, 213, 252, 295, 299], "memory in MB": 1440.79}, "bounds": {"lower_bounds": [[3338.82, 53.43], [3339.192, 97.09, "combined_combinatorial"], [3339.288, 161.52, "combined_combinatorial"], [3339.603, 203.32, "combined_combinatorial"], [3340.101, 440.59, "combined_combinatorial"], [3340.263, 459.55, "combined_combinatorial"], [3341.116, 533.69, "combined_combinatorial"], [3342.603, 598.33, "combined_combinatorial"], [3344.6561814930246, 611.83, "combined_combinatorial"], [3359.8659183513255, 663.62, "combined_combinatorial"], [3359.873019485879, 676.16, "combined_combinatorial"], [3359.8975507232203, 688.44, "combined_combinatorial"], [3360.36555072322, 700.79, "combined_combinatorial"], [3362.209260794804, 766.03, "combined_combinatorial"], [3362.242844449628, 790.86, "combined_combinatorial"], [3365.6550601123654, 823.07, "combined_combinatorial"], [3365.7370601123653, 842.52, "combined_combinatorial"], [3366.82555072322, 854.61, "combined_combinatorial"], [3369.166844449628, 878.74, "combined_combinatorial"], [3372.530009929541, 909.86, "combined_combinatorial"], [3376.18, 945.15, "combined_combinatorial"], [3378.196606357343, 972.6, "combined_combinatorial"], [3378.2323740356596, 984.53, "combined_combinatorial"], [3378.6593740356598, 996.21, "combined_combinatorial"], [3380.1373740356594, 1007.59, "combined_combinatorial"], [3380.235, 1033.71, "combined_combinatorial"], [3384.748361001895, 1050.45, "combined_combinatorial"], [3384.766936249528, 1066.99, "combined_combinatorial"], [3384.7954861483827, 1131.65, "combined_combinatorial"], [3385.392009929541, 1150.31, "combined_combinatorial"], [3386.148161540657, 1165.98, "combined_combinatorial"], [3386.4031876315667, 1196.97, "combined_combinatorial"], [3386.4118187285953, 1212.03, "combined_combinatorial"], [3392.267818728595, 1241.53, "combined_combinatorial"], [3398.8175088856565, 1271.7, "combined_combinatorial"], [3399.4315088856565, 1287.02, "combined_combinatorial"], [3399.445298502922, 1302.04, "combined_combinatorial"], [3399.45832216503, 1316.78, "combined_combinatorial"], [3400.594688018351, 1343.1, "combined_combinatorial"], [3402.1149358538737, 1361.25, "combined_combinatorial"], [3403.353077508329, 1378.38, "combined_combinatorial"], [3403.3654430261927, 1412.36, "combined_combinatorial"], [3403.421519959282, 1463.15, "combined_combinatorial"], [3404.226519959282, 1479.8, "combined_combinatorial"], [3407.451519959282, 1561.0, "combined_combinatorial"], [3407.553519959282, 1680.52, "combined_combinatorial"], [3412.8112999599925, 1705.53, "combined_combinatorial"], [3413.5334766475526, 1716.88, "combined_combinatorial"], [3413.964476647553, 1727.74, "combined_combinatorial"], [3415.7064766475523, 1738.54, "combined_combinatorial"], [3416.608789152905, 1760.46, "combined_combinatorial"], [3417.579770373961, 1771.63, "combined_combinatorial"], [3417.790770373961, 1782.5, "combined_combinatorial"], [3419.151270224291, 1793.37, "combined_combinatorial"], [3419.217942908544, 1804.06, "combined_combinatorial"], [3419.2514902235807, 1817.84, "combined_combinatorial"], [3419.2623740356594, 1829.21, "combined_combinatorial"], [3419.4503740356595, 1960.35, "combined_combinatorial"], [3419.5327703739613, 1971.13, "combined_combinatorial"], [3419.571320390246, 1981.97, "combined_combinatorial"], [3420.8406531700557, 1992.8, "combined_combinatorial"], [3420.8618341957185, 2024.87, "combined_combinatorial"], [3420.9599429085442, 2035.64, "combined_combinatorial"], [3420.9692956846584, 2056.55, "combined_combinatorial"], [3420.9816612025224, 2066.94, "combined_combinatorial"], [3421.276325854309, 2077.31, "combined_combinatorial"], [3421.4350815648586, 2087.5, "combined_combinatorial"], [3422.251911501643, 2097.62, "combined_combinatorial"], [3422.2624749256, 2107.82, "combined_combinatorial"], [3422.625204085032, 2119.76, "combined_combinatorial"], [3422.7696109010603, 2143.19, "combined_combinatorial"], [3422.978940164271, 2153.13, "combined_combinatorial"], [3423.09456405917, 2201.34, "combined_combinatorial"], [3424.10161090106, 2212.55, "combined_combinatorial"], [3424.147213, 2233.05, "combined_combinatorial"], [3428.479645153108, 2243.14, "combined_combinatorial"], [3428.9970169842118, 2273.84, "combined_combinatorial"], [3429.0044469118516, 2284.38, "combined_combinatorial"], [3429.071119596105, 2305.22, "combined_combinatorial"], [3429.140526412134, 2315.61, "combined_combinatorial"], [3429.152891929997, 2325.88, "combined_combinatorial"], [3429.1622447061113, 2335.88, "combined_combinatorial"], [3429.164665068448, 2345.78, "combined_combinatorial"], [3429.2420169842117, 2356.82, "combined_combinatorial"], [3429.2559380205266, 2366.56, "combined_combinatorial"], [3429.5772924293287, 2380.09, "combined_combinatorial"], [3429.6427353113627, 2404.23, "combined_combinatorial"], [3429.759887, 2423.09, "combined_combinatorial"], [3429.9027507186274, 2433.25, "combined_combinatorial"], [3429.923320390246, 2444.0, "combined_combinatorial"], [3429.9385183969443, 2454.02, "combined_combinatorial"], [3429.9702924293288, 2467.19, "combined_combinatorial"], [3430.1565236678603, 2489.92, "combined_combinatorial"], [3430.167087091818, 2499.53, "combined_combinatorial"], [3430.3022380777325, 2519.95, "combined_combinatorial"], [3430.3402380777325, 2539.86, "combined_combinatorial"], [3430.4282380777327, 2579.84, "combined_combinatorial"], [3430.4302380777326, 2840.28, "combined_combinatorial"], [3430.5302380777325, 2857.48, "combined_combinatorial"], [3430.5460870918178, 2883.94, "combined_combinatorial"], [3430.7302380777323, 2900.73, "combined_combinatorial"], [3431.2591040442785, 2971.54, "combined_combinatorial"], [3431.2818223714285, 2981.36, "combined_combinatorial"], [3432.222520987519, 2992.82, "combined_combinatorial"], [3432.253320390246, 3014.66, "combined_combinatorial"], [3432.5444195707573, 3027.32, "combined_combinatorial"], [3434.7517353113626, 3037.99, "combined_combinatorial"], [3436.108520987519, 3049.04, "combined_combinatorial"], [3436.4531936717726, 3070.76, "combined_combinatorial"], [3436.522600487801, 3081.52, "combined_combinatorial"], [3436.7797406382597, 3092.0, "combined_combinatorial"], [3436.8007353113626, 3123.89, "combined_combinatorial"], [3436.846413322513, 3144.89, "combined_combinatorial"], [3436.8587788403765, 3155.13, "combined_combinatorial"], [3436.894546518693, 3165.44, "combined_combinatorial"], [3436.9038992948076, 3175.49, "combined_combinatorial"], [3436.9063196571437, 3185.42, "combined_combinatorial"], [3436.9975926092225, 3195.04, "combined_combinatorial"], [3437.1723203902457, 3205.51, "combined_combinatorial"], [3437.1849925989363, 3225.68, "combined_combinatorial"], [3437.2128981666847, 3244.42, "combined_combinatorial"], [3437.898178256556, 3254.04, "combined_combinatorial"], [3437.920896583707, 3263.37, "combined_combinatorial"], [3438.129009929541, 3282.38, "combined_combinatorial"], [3438.285327563939, 3300.53, "combined_combinatorial"], [3438.285776066006, 3318.62, "combined_combinatorial"], [3438.299896583707, 3346.0, "combined_combinatorial"], [3440.066320390246, 3356.2, "combined_combinatorial"], [3440.106600487801, 3366.7, "combined_combinatorial"], [3440.7987353113626, 3377.17, "combined_combinatorial"], [3441.943155673699, 3387.42, "combined_combinatorial"], [3442.0907446529277, 3401.52, "combined_combinatorial"], [3442.806741321033, 3411.34, 