{
    "input parameters": [
        "14",
        "0",
        "700",
        "X",
        "700_700",
        "preprocessing"
    ],
    "instance": {
        "facilities": 700,
        "customers": 700
    },
    "times": {
        "total_time in s": 3600.68,
        "model_building_time in s": 1463.88,
        "model_solving_time in s": 2136.8
    },
    "nodes": {
        "total": 1.0
    },
    "solution": {
        "LB": 8490.7447,
        "UB": 13206.823,
        "gap in %": 0.36,
        "incumbent": [
            4,
            52,
            53,
            61,
            73,
            89,
            108,
            113,
            114,
            126,
            127,
            136,
            237,
            240,
            248,
            268,
            269,
            299,
            324,
            329,
            333,
            336,
            338,
            346,
            353,
            362,
            366,
            403,
            432,
            442,
            461,
            463,
            493,
            507,
            509,
            519,
            538,
            539,
            557,
            558,
            566,
            586,
            587,
            589,
            604,
            627,
            633,
            685,
            690
        ],
        "memory in MB": 3719.62
    },
    "bounds": {
        "lower_bounds": [
            [
                0.0,
                78.81501603126526
            ],
            [
                8490.744667899271,
                1153.4324128627777
            ]
        ],
        "upper_bounds": [
            [
                112839.99736440966,
                85.1026668548584
            ],
            [
                15164.278584731996,
                1153.7219288349152
            ],
            [
                13206.823045823141,
                1156.694993019104
            ],
            [
                13206.823045855763,
                2136.609705924988
            ]
        ]
    }
}