{
    "input parameters": [
        "14",
        "0",
        "300",
        "X",
        "300_300",
        "preprocessing"
    ],
    "instance": {
        "facilities": 300,
        "customers": 300
    },
    "times": {
        "total_time in s": 3600.01,
        "model_building_time in s": 48.72,
        "model_solving_time in s": 3551.29
    },
    "nodes": {
        "total": 1858.0
    },
    "solution": {
        "LB": 4070.6762,
        "UB": 4912.019,
        "gap in %": 0.17,
        "incumbent": [
            5,
            56,
            68,
            107,
            135,
            149,
            163,
            190,
            196,
            198,
            209,
            210,
            213,
            241,
            295,
            299
        ],
        "memory in MB": 1510.54
    },
    "bounds": {
        "lower_bounds": [
            [
                0.0,
                12.838196992874146
            ],
            [
                3775.129251691064,
                72.58109211921692
            ],
            [
                3789.267805081726,
                180.33848309516907
            ],
            [
                3789.5399215408625,
                182.4859321117401
            ],
            [
                3802.466951103426,
                233.14031100273132
            ],
            [
                3802.8431635123916,
                247.74351406097412
            ],
            [
                3802.914804393641,
                249.46269702911377
            ],
            [
                3802.923286654547,
                249.95874500274658
            ],
            [
                3802.9233901338575,
                250.21794605255127
            ],
            [
                3808.5203917242793,
                277.09071707725525
            ],
            [
                3809.9354641281193,
                280.2515699863434
            ],
            [
                3810.016703869137,
                280.7747859954834
            ],
            [
                3810.0189317451145,
                281.2037150859833
            ],
            [
                3812.275092304018,
                299.7239730358124
            ],
            [
                3812.7936990544213,
                301.05724000930786
            ],
            [
                3812.8156802610038,
                301.4207229614258
            ],
            [
                3812.8334784932495,
                301.69861698150635
            ],
            [
                3812.842223079258,
                301.95607900619507
            ],
            [
                3812.843201942424,
                302.12901496887207
            ],
            [
                3813.580967994079,
                310.0081880092621
            ],
            [
                3813.8254902237463,
                311.99259901046753
            ],
            [
                3813.8432676454395,
                312.32867312431335
            ],
            [
                3813.843591073409,
                312.4994661808014
            ],
            [
                3814.36722453876,
                317.6026380062103
            ],
            [
                3814.4426131702253,
                318.8104031085968
            ],
            [
                3814.483825101438,
                319.16906809806824
            ],
            [
                3814.4949056403525,
                319.3632490634918
            ],
            [
                3814.4950279362993,
                319.5348701477051
            ],
            [
                3814.9272092343977,
                323.33957600593567
            ],
            [
                3815.288803271615,
                325.6870541572571
            ],
            [
                3815.4444109910432,
                326.1231529712677
            ],
            [
                3815.482061360989,
                326.41882514953613
            ],
            [
                3815.4891150786734,
                326.76663517951965
            ],
            [
                3815.4892420356064,
                326.9393801689148
            ],
            [
                3815.7439280565154,
                329.8707630634308
            ],
            [
                3815.8493888589746,
                332.81711196899414
            ],
            [
                3815.857092177267,
                333.0225930213928
            ],
            [
                3815.8580621386172,
                333.20854210853577
            ],
            [
                3816.2294261154193,
                336.6148900985718
            ],
            [
                3816.306201004614,
                339.0944640636444
            ],
            [
                3816.3143125437837,
                339.32389307022095
            ],
            [
                3816.320873308929,
                339.51294708251953
            ],
            [
                3816.321042921546,
                339.67725896835327
            ],
            [
                3817.5116046595526,
                343.36889004707336
            ],
            [
                3817.536995553387,
                344.20874309539795
            ],
            [
                3817.544608273239,
                344.43211102485657
            ],
            [
                3817.545618174685,
                344.61321997642517
            ],
            [
                3817.9906527846256,
                347.76465606689453
            ],
            [
                3818.1023658560484,
                349.7281150817871
            ],
            [
                3818.1414166731934,
                349.99541997909546
            ],
            [
                3818.1702606846757,
                350.22934913635254
            ],
            [
                3818.3045647366384,
                350.65558099746704
            ],
            [
                3818.30580735153,
                350.8374910354614
            ],
            [
                3818.4995274070866,
                353.133376121521
            ],
            [
                3818.500444526214,
                353.8047261238098
            ],
            [
                3818.5677403781324,
                356.55247497558594
            ],
            [
                3818.5801732296836,
                358.4229590892792
            ],
            [
                3818.580443811442,
                358.593141078949
            ],
            [
                3818.597151578211,
                360.4378230571747
            ],
            [
                3818.7191786543003,
                361.30443716049194
            ],
            [
                3818.7192680455582,
                361.4733350276947
            ],
            [
                3819.4769151532414,
                363.9590120315552
            ],
            [
                3819.493312345733,
                365.8296060562134
            ],
            [
                3819.5011218339805,
                366.069708108902
            ],
            [
                3819.50317848193,
                366.268413066864
            ],
            [
                3820.0230627005617,
                368.7510850429535
            ],
            [
                3820.069490748976,
                369.5570960044861
            ],
            [
                3820.070789830656,
                369.7682490348816
            ],
            [
                3820.0713112208896,
                372.17155408859253
            ],
            [
                3820.0775926256774,
                372.519061088562
            ],
            [
                3821.2961570157822,
                410.1615881919861
            ],
            [
                3824.919718184221,
                435.1500310897827
            ],
            [
