{"input parameters": ["14", "0", "1000", "X", "1000_1000", "no_Lagrangian"], "instance": {"facilities": 1000, "customers": 1000}, "times": {"total_time in s": 86455.87, "initialisation_time in s": 7155.56, "node_selection_time in s": 0.5, "implied_demands_time in s": 61444.29, "bounds_time in s": 521.5, "variable_selection in s": 13164.92, "greedy_heuristics_time in s": 4050.63, "other_time in s": 118.47}, "nodes": {"total": 99, "pruned": 0, "infeasible": 0, "finished": 0}, "solution": {"LB": 10438.825, "UB": 16174.2487, "gap in %": 35.46, "incumbent": [4, 14, 19, 28, 61, 62, 64, 65, 84, 87, 103, 107, 109, 156, 198, 206, 213, 234, 240, 242, 268, 285, 308, 316, 317, 330, 345, 354, 366, 387, 427, 504, 511, 513, 532, 543, 548, 549, 600, 615, 625, 644, 645, 672, 696, 711, 748, 765, 767, 769, 795, 842, 869, 882, 901, 913, 916, 926, 987, 991, 999], "memory in MB": 7013.25}, "bounds": {"lower_bounds": [[10322.039, 7155.56], [10322.188, 11532.86, "combined_combinatorial"], [10322.190108393994, 13293.65, "combined_combinatorial"], [10322.243108393994, 15811.82, "combined_combinatorial"], [10323.307108393994, 17487.34, "combined_combinatorial"], [10357.266108393995, 18296.88, "combined_combinatorial"], [10357.330673342183, 19094.77, "combined_combinatorial"], [10357.490920701259, 19959.79, "combined_combinatorial"], [10357.49692070126, 25628.52, "combined_combinatorial"], [10357.50292070126, 28022.96, "combined_combinatorial"], [10357.562920701259, 29654.23, "combined_combinatorial"], [10360.50192070126, 31248.2, "combined_combinatorial"], [10360.72492070126, 32769.45, "combined_combinatorial"], [10361.919920701259, 35071.92, "combined_combinatorial"], [10363.05992070126, 35846.66, "combined_combinatorial"], [10363.29692070126, 36532.73, "combined_combinatorial"], [10367.886723451067, 37422.29, "combined_combinatorial"], [10367.894958629098, 39087.37, "combined_combinatorial"], [10367.906480177804, 39938.48, "combined_combinatorial"], [10367.962480177805, 41609.1, "combined_combinatorial"], [10385.477, 42498.43, "combined_combinatorial"], [10385.501, 45187.41, "combined_combinatorial"], [10398.206480177803, 46933.6, "combined_combinatorial"], [10398.271045125995, 47770.49, "combined_combinatorial"], [10403.592409122379, 49323.1, "combined_combinatorial"], [10403.594409122377, 50088.22, "combined_combinatorial"], [10404.716950575308, 52940.71, "combined_combinatorial"], [10404.722950575308, 53711.14, "combined_combinatorial"], [10411.642920701259, 57255.21, "combined_combinatorial"], [10413.093288514989, 57942.89, "combined_combinatorial"], [10423.626615057074, 58848.42, "combined_combinatorial"], [10428.102261133983, 59682.53, "combined_combinatorial"], [10428.245782682687, 60550.33, "combined_combinatorial"], [10430.762, 61493.96, "combined_combinatorial"], [10436.021551930524, 63238.5, "combined_combinatorial"], [10436.959751424187, 64123.0, "combined_combinatorial"], [10436.965751424184, 68323.64, "combined_combinatorial"], [10436.971751424186, 71647.53, "combined_combinatorial"], [10437.031751424187, 73242.47, "combined_combinatorial"], [10437.330551930525, 74963.5, "combined_combinatorial"], [10438.033415041135, 75791.06, "combined_combinatorial"], [10438.782415041134, 77439.49, "combined_combinatorial"], [10438.817432051488, 79916.28, "combined_combinatorial"], [10438.819030424553, 82414.09, "combined_combinatorial"], [10438.825030424552, 84892.04, "combined_combinatorial"]], "upper_bounds": [[18149.02966851391, 7155.56]]}}