{
    "input parameters": [
        "14",
        "1",
        "300",
        "X",
        "300_300",
        "preprocessing"
    ],
    "instance": {
        "facilities": 300,
        "customers": 300
    },
    "times": {
        "total_time in s": 3600.1,
        "model_building_time in s": 59.81,
        "model_solving_time in s": 3540.29
    },
    "nodes": {
        "total": 109.0
    },
    "solution": {
        "LB": 4237.9198,
        "UB": 4927.4467,
        "gap in %": 0.14,
        "incumbent": [
            2,
            26,
            56,
            67,
            92,
            107,
            135,
            139,
            196,
            198,
            213,
            250,
            295,
            299
        ],
        "memory in MB": 3923.76
    },
    "bounds": {
        "lower_bounds": [
            [
                0.0,
                68.14206600189209
            ],
            [
                4136.434762090981,
                429.44918608665466
            ],
            [
                4143.012388886272,
                848.718132019043
            ],
            [
                4143.250153446938,
                858.8785190582275
            ],
            [
                4143.309870460557,
                862.2788619995117
            ],
            [
                4143.357121157861,
                864.0575950145721
            ],
            [
                4143.359749782705,
                864.8358669281006
            ],
            [
                4143.364504443578,
                866.1798059940338
            ],
            [
                4144.428173197346,
                1060.729602098465
            ],
            [
                4144.998754479586,
                1088.9180870056152
            ],
            [
                4145.024745843804,
                1091.7702400684357
            ],
            [
                4145.630054877064,
                1166.261351108551
            ],
            [
                4145.82609282225,
                1233.020488023758
            ],
            [
                4146.306380713676,
                1270.7607369422913
            ],
            [
                4146.316067512182,
                1277.4049270153046
            ],
            [
                4146.316982012442,
                1278.6293680667877
            ],
            [
                4146.562688898466,
                1307.8172399997711
            ],
            [
                4146.8895889233545,
                1342.8278799057007
            ],
            [
                4146.898795350872,
                1350.9216361045837
            ],
            [
                4146.97903276306,
                1375.1311020851135
            ],
            [
                4146.988228109352,
                1379.8837790489197
            ],
            [
                4146.995628146662,
                1398.0514509677887
            ],
            [
                4147.009342508098,
                1406.8416469097137
            ],
            [
                4147.374418162472,
                1420.648710012436
            ],
            [
                4147.485014395452,
                1426.057946920395
            ],
            [
                4147.529635488971,
                1427.2590849399567
            ],
            [
                4148.252951477139,
                1430.6359219551086
            ],
            [
                4148.289413812631,
                1432.0436010360718
            ],
            [
                4148.316580510833,
                1433.5680129528046
            ],
            [
                4148.354532234468,
                1436.2753880023956
            ],
            [
                4148.36731598712,
                1437.7038729190826
            ],
            [
                4148.423605295038,
                1439.649039030075
            ],
            [
                4148.427429661521,
                1440.5311450958252
            ],
            [
                4148.427987121182,
                1457.6531040668488
            ],
            [
                4148.428619704361,
                1465.3326621055603
            ],
            [
                4148.432490018471,
                1486.8686940670013
            ],
            [
                4148.43339026156,
                1490.2206709384918
            ],
            [
                4148.535760833151,
                1507.8831849098206
            ],
            [
                4148.5357636799945,
                1515.1371629238129
            ],
            [
                4148.80528551486,
                1528.7271649837494
            ],
            [
                4148.818970796797,
                1539.2897579669952
            ],
            [
                4148.951147264183,
                1554.207773923874
            ],
            [
                4148.953811091122,
                1560.8915688991547
            ],
            [
                4148.954043524612,
                1561.7287209033966
            ],
            [
                4149.347031464004,
                1583.0433070659637
            ],
            [
                4149.351224205627,
                1592.4784049987793
            ],
            [
                4149.351268432791,
                1593.293340921402
            ],
            [
                4149.6181984493605,
                1615.9715549945831
            ],
            [
                4149.618435585804,
                1622.6695110797882
            ],
            [
                4149.916210216183,
                1643.8027169704437
            ],
            [
                4149.926666094096,
                1652.7757890224457
            ],
            [
                4149.959636639522,
                1653.8911740779877
            ],
            [
                4150.024856725845,
                1655.0285320281982
            ],
            [
                4150.040008431146,
                1656.286546945572
            ],
            [
                4150.247833556419,
                1691.4153001308441
            ],
            [
                4150.24909440396,
                1723.7021989822388
            ],
            [
                4150.291799384252,
                1756.8357310295105
            ],
            [
                4150.292151370198,
                1766.876981973648
            ],
            [
                4150.386880672058,
                1803.7866299152374
            ],
            [
                4150.388008657997,
                1831.7153708934784
            ],
            [
                4150.489761115196,
                1851.4698400497437
            ],
            [
                4150.492180627066,
                1855.6065340042114
            ],
            [
                4150.492629843754,
                1856.3125779628754
            ],
            [
                4150.634024817101,
                1885.9724950790405
            ],
            [
                4150.640142741032,
                1913.7362520694733
            ],
            [
                4150.641112474923,
                1914.615000963211
            ],
            [
                4150.846143447134,
                1932.2412431240082
            ],
            [
                4150.849466098204,
                1940.2747220993042
            ],
            [
                4150.849504951651,
                1940.8704750537872
            ],
            [
                4150.970654248635,
                1971.4296169281006
            ],
            [
                4150.971788560363,
                2002.8167760372162
            ],
            [
                4151.089171621255,
                2019.501454114914
            ],
            [
                4151.132578804567,
