{
    "input parameters": [
        "14",
        "1",
        "300",
        "X",
        "300_300",
        "no_preprocessing"
    ],
    "instance": {
        "facilities": 300,
        "customers": 300
    },
    "times": {
        "total_time in s": 3600.07,
        "model_building_time in s": 18.21,
        "model_solving_time in s": 3581.86
    },
    "nodes": {
        "total": 13.0
    },
    "solution": {
        "LB": 4237.1364,
        "UB": 5049.3956,
        "gap in %": 0.16,
        "incumbent": [
            26,
            49,
            56,
            72,
            130,
            135,
            187,
            196,
            198,
            213,
            243,
            250,
            252,
            295,
            299
        ],
        "memory in MB": 3657.85
    },
    "bounds": {
        "lower_bounds": [
            [
                0.0,
                95.79901385307312
            ],
            [
                4134.272290876992,
                623.6293749809265
            ],
            [
                4141.599947921381,
                1310.5166809558868
            ],
            [
                4141.77918090434,
                1322.0233969688416
            ],
            [
                4141.887555951213,
                1373.4150240421295
            ],
            [
                4141.987220360284,
                1377.8397808074951
            ],
            [
                4142.173681270946,
                1380.1915848255157
            ],
            [
                4142.308074465033,
                1385.5138549804688
            ],
            [
                4142.436400249035,
                1389.419921875
            ],
            [
                4142.460836520142,
                1391.6220300197601
            ],
            [
                4142.556325431403,
                1393.6609258651733
            ],
            [
                4142.574046356666,
                1395.6447939872742
            ],
            [
                4142.764253204603,
                1400.5432288646698
            ],
            [
                4142.7699352643385,
                1402.2501618862152
            ],
            [
                4142.848357342042,
                1405.1673729419708
            ],
            [
                4142.853688952536,
                1406.2895460128784
            ],
            [
                4142.858819422368,
                1409.9263298511505
            ],
            [
                4145.048373403174,
                1704.5159928798676
            ],
            [
                4145.731067857919,
                1742.113049030304
            ],
            [
                4145.763480124122,
                1745.3588898181915
            ],
            [
                4145.782208878234,
                1748.154641866684
            ],
            [
                4145.78381251667,
                1749.674742937088
            ],
            [
                4145.79886242343,
                1751.3808419704437
            ],
            [
                4145.858223755005,
                1752.7729859352112
            ],
            [
                4146.949817738208,
                1978.925668001175
            ],
            [
                4147.061381260386,
                2019.6276578903198
            ],
            [
                4147.074066385249,
                2022.994658946991
            ],
            [
                4148.200281911355,
                2164.4391758441925
            ],
            [
                4148.224667612209,
                2172.4098818302155
            ],
            [
                4148.229420474814,
                2175.6173849105835
            ],
            [
                4148.367217644882,
                2255.7423939704895
            ],
            [
                4148.370127977769,
                2293.1463208198547
            ],
            [
                4149.051937165715,
                2335.0666019916534
            ],
            [
                4149.0799280009405,
                2342.253432035446
            ],
            [
                4149.100596682604,
                2344.93173289299
            ],
            [
                4149.100691239863,
                2346.037075996399
            ],
            [
                4149.466179139166,
                2397.577157020569
            ],
            [
                4149.470939161817,
                2427.5045058727264
            ],
            [
                4149.471158670351,
                2428.744518995285
            ],
            [
                4149.513925969511,
                2453.8852078914642
            ],
            [
                4149.517297099957,
                2460.9521849155426
            ],
            [
                4149.517471258616,
                2462.159096956253
            ],
            [
                4149.758350650256,
                2498.504137992859
            ],
            [
                4149.809377171568,
                2572.4182579517365
            ],
            [
                4149.81645837195,
                2574.1825659275055
            ],
            [
                4149.895169482053,
                2596.4290788173676
            ],
            [
                4149.900887177569,
                2606.361716032028
            ],
            [
                4149.902985704842,
                2608.1919589042664
            ],
            [
                4149.90354061566,
                2609.947168827057
            ],
            [
                4150.25612057173,
                2675.547201871872
            ],
            [
                4150.325995179095,
                2725.0248379707336
            ],
            [
                4150.328622861373,
                2727.3309049606323
            ],
            [
                4150.332205594785,
                2729.121546983719
            ],
            [
                4150.974179141075,
                2767.5967688560486
            ],
            [
                4151.007961356326,
                2778.245759010315
            ],
            [
                4151.033124684945,
                2779.881098985672
            ],
            [
                4151.0338395784665,
                2781.071007013321
            ],
            [
                4151.208844907035,
                2844.3958818912506
            ],
            [
                4151.224394677971,
                2848.2649829387665
            ],
            [
                4151.225241982949,
                2849.4229698181152
            ],
            [
                4151.227692028088,
                2875.296056985855
            ],
            [
                4151.2288108812145,
                2876.43030500412
            ],
            [
                4157.753732917237,
                3087.0097398757935
            ],
            [
                4180.482753975588,
                3296.607946872711
            ],
            [
                4180.484649380711,
                3316.8666009902954
            ],
            [
                4237.136385160798,
                3370.515973806381
            ]
        ],