{"input parameters": ["15", "0", "300", "X", "300_300", "Lagrangian"], "instance": {"facilities": 300, "customers": 300}, "times": {"total_time in s": 3619.74, "initialisation_time in s": 74.1, "node_selection_time in s": 0.06, "implied_demands_time in s": 1283.98, "bounds_time in s": 1781.69, "variable_selection in s": 357.17, "greedy_heuristics_time in s": 113.64, "other_time in s": 9.1}, "nodes": {"total": 89, "pruned": 22, "infeasible": 0, "finished": 0}, "solution": {"LB": 2256.5858, "UB": 2973.2604, "gap in %": 24.1, "incumbent": [7, 20, 21, 26, 35, 63, 77, 78, 151, 158, 160, 247, 293], "memory in MB": 500.48}, "bounds": {"lower_bounds": [[2235.274, 74.1], [2236.214, 536.26, "combined_combinatorial"], [2236.43, 947.98, "combined_combinatorial"], [2243.27, 2746.72, "combined_combinatorial"], [2243.42, 2890.34, "combined_combinatorial"], [2247.6600080125313, 3077.64, "combined_combinatorial"], [2248.1289633529395, 3189.56, "combined_combinatorial"], [2255.952101703845, 3342.21, "combined_combinatorial"], [2255.9606798179725, 3358.78, "combined_combinatorial"], [2255.996832892431, 3375.06, "combined_combinatorial"], [2256.564415937438, 3422.46, "combined_combinatorial"], [2256.5857980875044, 3453.2, "combined_combinatorial"]], "upper_bounds": [[3010.7484352846213, 74.1]]}}