{"input parameters": ["15", "0", "300", "X", "300_300", "no_Lagrangian"], "instance": {"facilities": 300, "customers": 300}, "times": {"total_time in s": 3600.44, "initialisation_time in s": 62.84, "node_selection_time in s": 0.11, "implied_demands_time in s": 2442.16, "bounds_time in s": 106.13, "variable_selection in s": 732.34, "greedy_heuristics_time in s": 237.52, "other_time in s": 19.35}, "nodes": {"total": 157, "pruned": 46, "infeasible": 0, "finished": 0}, "solution": {"LB": 2266.3999, "UB": 2973.2604, "gap in %": 23.77, "incumbent": [7, 20, 21, 26, 35, 63, 77, 78, 151, 158, 160, 247, 293], "memory in MB": 722.74}, "bounds": {"lower_bounds": [[2235.274, 62.84], [2236.214, 323.83, "combined_combinatorial"], [2236.43, 568.01, "combined_combinatorial"], [2243.27, 1698.7, "combined_combinatorial"], [2243.42, 1790.55, "combined_combinatorial"], [2247.6600080125313, 1912.8, "combined_combinatorial"], [2248.1289633529395, 1977.66, "combined_combinatorial"], [2255.952101703845, 2067.33, "combined_combinatorial"], [2255.9606798179725, 2076.43, "combined_combinatorial"], [2255.996832892431, 2085.42, "combined_combinatorial"], [2256.564415937438, 2113.65, "combined_combinatorial"], [2256.5857980875044, 2132.65, "combined_combinatorial"], [2256.670358589692, 2238.05, "combined_combinatorial"], [2256.752358589692, 2255.02, "combined_combinatorial"], [2256.953711518852, 2268.58, "combined_combinatorial"], [2257.712711518852, 2282.07, "combined_combinatorial"], [2258.0636911086167, 2322.17, "combined_combinatorial"], [2258.801691108617, 2361.38, "combined_combinatorial"], [2258.817542248161, 2374.18, "combined_combinatorial"], [2258.834508721854, 2433.47, "combined_combinatorial"], [2259.971993, 2464.7, "combined_combinatorial"], [2259.9811823254677, 2737.57, "combined_combinatorial"], [2260.7591823254675, 3261.12, "combined_combinatorial"], [2260.8411823254673, 3305.77, "combined_combinatorial"], [2260.9535148443924, 3323.63, "combined_combinatorial"], [2260.96133245763, 3436.71, "combined_combinatorial"], [2264.5482884163252, 3447.14, "combined_combinatorial"], [2264.5568665304527, 3457.59, "combined_combinatorial"], [2265.320866530453, 3467.74, "combined_combinatorial"], [2265.5913834546345, 3477.69, "combined_combinatorial"], [2266.3621121521005, 3492.1, "combined_combinatorial"], [2266.383821356664, 3520.33, "combined_combinatorial"], [2266.392399470791, 3574.78, "combined_combinatorial"], [2266.399916394973, 3600.44, "combined_combinatorial"]], "upper_bounds": [[3601.209128557414, 62.84]]}}