{
    "input parameters": [
        "15",
        "0",
        "700",
        "X",
        "700_700",
        "preprocessing"
    ],
    "instance": {
        "facilities": 700,
        "customers": 700
    },
    "times": {
        "total_time in s": 3600.88,
        "model_building_time in s": 1619.2,
        "model_solving_time in s": 1981.67
    },
    "nodes": {
        "total": 1.0
    },
    "solution": {
        "LB": 5155.556,
        "UB": 8103.0955,
        "gap in %": 0.36,
        "incumbent": [
            5,
            31,
            36,
            86,
            88,
            151,
            161,
            176,
            191,
            214,
            253,
            277,
            324,
            329,
            332,
            375,
            438,
            439,
            448,
            460,
            463,
            487,
            508,
            526,
            537,
            548,
            560,
            568,
            575,
            584,
            599,
            636,
            682,
            689,
            690,
            699
        ],
        "memory in MB": 5310.95
    },
    "bounds": {
        "lower_bounds": [
            [
                0.0,
                130.18557381629944
            ],
            [
                5155.55599515065,
                1528.7212879657745
            ]
        ],
        "upper_bounds": [
            [
                106022.69206741492,
                142.15988397598267
            ],
            [
                8187.643993314146,
                1529.2215738296509
            ],
            [
                8103.095539555481,
                1535.1920158863068
            ],
            [
                8103.095539530019,
                1981.2833378314972
            ]
        ]
    }
}