{"input parameters": ["15", "0", "1000", "X", "1000_1000", "Lagrangian"], "instance": {"facilities": 1000, "customers": 1000}, "times": {"total_time in s": 86463.17, "initialisation_time in s": 7885.59, "node_selection_time in s": 0.24, "implied_demands_time in s": 44320.53, "bounds_time in s": 26990.95, "variable_selection in s": 5509.68, "greedy_heuristics_time in s": 1708.29, "other_time in s": 47.88}, "nodes": {"total": 37, "pruned": 0, "infeasible": 0, "finished": 0}, "solution": {"LB": 7707.5099, "UB": 11816.7919, "gap in %": 34.77, "incumbent": [14, 36, 53, 100, 111, 121, 127, 128, 132, 136, 139, 177, 259, 319, 327, 331, 335, 352, 367, 386, 393, 402, 412, 453, 482, 483, 599, 622, 625, 658, 680, 715, 719, 790, 794, 812, 835, 837, 861, 891, 917, 940, 953, 962], "memory in MB": 3028.28}, "bounds": {"lower_bounds": [[7676.536, 7885.59], [7676.63371619656, 32021.0, "combined_combinatorial"], [7676.6439925862005, 33881.24, "combined_combinatorial"], [7677.0789925862, 38961.95, "combined_combinatorial"], [7677.538067062676, 41572.03, "combined_combinatorial"], [7678.588494941372, 43548.92, "combined_combinatorial"], [7706.2029925862, 46173.9, "combined_combinatorial"], [7706.2659925862, 49076.78, "combined_combinatorial"], [7706.524306233325, 51825.41, "combined_combinatorial"], [7706.5513489158275, 54516.74, "combined_combinatorial"], [7706.5613865562755, 68680.81, "combined_combinatorial"], [7706.573936811068, 79988.22, "combined_combinatorial"], [7707.509903230144, 84364.33, "combined_combinatorial"]], "upper_bounds": [[12082.240173703774, 7885.59]]}}