{
    "input parameters": [
        "15",
        "0",
        "500",
        "X",
        "500_500",
        "preprocessing"
    ],
    "instance": {
        "facilities": 500,
        "customers": 500
    },
    "times": {
        "total_time in s": 3600.07,
        "model_building_time in s": 540.49,
        "model_solving_time in s": 3059.57
    },
    "nodes": {
        "total": 50.0
    },
    "solution": {
        "LB": 3911.7018,
        "UB": 4774.2836,
        "gap in %": 0.18,
        "incumbent": [
            12,
            35,
            42,
            73,
            75,
            90,
            112,
            116,
            132,
            138,
            236,
            257,
            268,
            339,
            391,
            454,
            461,
            490,
            493
        ],
        "memory in MB": 3755.04
    },
    "bounds": {
        "lower_bounds": [
            [
                0.0,
                73.09965109825134
            ],
            [
                3860.2116663397924,
                550.7631239891052
            ],
            [
                3869.1992418650016,
                735.0885601043701
            ],
            [
                3873.9176389975305,
                1115.8757951259613
            ],
            [
                3874.99469688231,
                1134.7076499462128
            ],
            [
                3875.083021145573,
                1136.1148869991302
            ],
            [
                3875.093263385737,
                1136.9371600151062
            ],
            [
                3875.0977609918596,
                1137.3587081432343
            ],
            [
                3875.106714621745,
                1137.800873041153
            ],
            [
                3875.3467364205635,
                1141.1000621318817
            ],
            [
                3875.371005533352,
                1142.0044190883636
            ],
            [
                3875.377548890534,
                1142.7903690338135
            ],
            [
                3875.3803611975313,
                1143.325917005539
            ],
            [
                3875.4037046724475,
                1143.9736330509186
            ],
            [
                3875.4050456587865,
                1144.3651931285858
            ],
            [
                3878.5665170437774,
                1463.4078679084778
            ],
            [
                3879.2011405471612,
                1475.2738680839539
            ],
            [
                3879.202127233949,
                1476.205223083496
            ],
            [
                3881.9571182962814,
                1591.5481309890747
            ],
            [
                3882.21475972554,
                1598.8588240146637
            ],
            [
                3882.2383378960694,
                1600.2730550765991
            ],
            [
                3882.2501997252443,
                1601.4651699066162
            ],
            [
                3882.8880535868057,
                1641.7610521316528
            ],
            [
                3883.0056543216465,
                1654.1377229690552
            ],
            [
                3883.0143716766197,
                1655.1961679458618
            ],
            [
                3883.0145812516644,
                1655.8356881141663
            ],
            [
                3883.5793523666675,
                1678.8001511096954
            ],
            [
                3883.6024257000636,
                1683.2894840240479
            ],
            [
                3883.605433464133,
                1684.0238649845123
            ],
            [
                3883.9645063476532,
                1702.2412729263306
            ],
            [
                3883.97697521887,
                1712.143765926361
            ],
            [
                3883.977344729405,
                1712.7936689853668
            ],
            [
                3884.219967411623,
                1725.861400127411
            ],
            [
                3884.262143277309,
                1730.633052110672
            ],
            [
                3884.263153292744,
                1731.3597691059113
            ],
            [
                3884.5833258777084,
                1744.959629058838
            ],
            [
                3884.6149217602974,
                1755.9193289279938
            ],
            [
                3884.620317888175,
                1756.8853650093079
            ],
            [
                3884.621908605449,
                1757.9386150836945
            ],
            [
                3884.8034166795974,
                1768.6591839790344
            ],
            [
                3884.814805141067,
                1773.5212800502777
            ],
            [
                3884.8151582634564,
                1774.167690038681
            ],
            [
                3885.1416169016907,
                1788.5878241062164
            ],
            [
                3885.145781015538,
                1796.8717300891876
            ],
            [
                3885.1461827791304,
                1797.537013053894
            ],
            [
                3885.288401308631,
                1810.9670889377594
            ],
            [
                3885.3782017133585,
                1816.7291040420532
            ],
            [
                3885.378684093161,
                1817.3928020000458
            ],
            [
                3885.839691047493,
                1832.5316219329834
            ],
            [
                3886.0246041480877,
                1844.7781970500946
            ],
            [
                3886.033934762788,
                1845.6266310214996
            ],
            [
                3886.0342593213163,
                1846.3819580078125
            ],
            [
                3886.175032747658,
                1857.9453809261322
            ],
            [
                3886.1821073656156,
                1870.3231840133667
            ],
            [
                3886.1844567427365,
                1871.1668801307678
            ],
            [
                3886.35846523404,
                1884.9047479629517
            ],
            [
                3886.441706927905,
                1893.6737310886383
            ],
            [
                3886.4423879620717,
                1894.3655309677124
            ],
            [
                3886.529995425891,
                1908.2587759494781
            ],
            [
                3886.5340852995223,
                1917.408467054367
            ],
            [
                3886.534332077809,
                1918.059247970581
            ],
            [
                3886.5789361823176,
                1929.4449031352997
            ],
            [
                3886.582955316762,
                1941.0260870456696
            ],
            [
                3886.5831092235912,
                1941.699326992035
            ],
            [
                3886.6439541615605,
                1953.9361810684204
            ],
            [
                3886.6450141032574,
                1974.544049024582
            ],
            [
                3886.645196563088,
                1986.4393260478973
            ],
            [
                3886.6452145515836,
                1994.471410036087
            ],
            [
                3886.8323982519382,
                2014.1831879615784
            ],
            [
                3886.8463785742424,
                2024.9989120960236
            ],
            [
                3886.8480647771885,
                2025.7412641048431
            ],
            [
