{
    "input parameters": [
        "15",
        "0",
        "300",
        "X",
        "300_300",
        "no_preprocessing"
    ],
    "instance": {
        "facilities": 300,
        "customers": 300
    },
    "times": {
        "total_time in s": 3600.11,
        "model_building_time in s": 18.0,
        "model_solving_time in s": 3582.11
    },
    "nodes": {
        "total": 954.0
    },
    "solution": {
        "LB": 2524.2677,
        "UB": 2840.8902,
        "gap in %": 0.11,
        "incumbent": [
            7,
            20,
            35,
            63,
            78,
            90,
            158,
            160,
            167,
            187,
            282,
            293
        ],
        "memory in MB": 4021.62
    },
    "bounds": {
        "lower_bounds": [
            [
                0.0,
                57.26315402984619
            ],
            [
                2348.0499791729007,
                254.69808411598206
            ],
            [
                2351.7096653496283,
                558.9764180183411
            ],
            [
                2353.498513449163,
                598.2510631084442
            ],
            [
                2353.603367194274,
                610.1469051837921
            ],
            [
                2353.606297342935,
                611.4269471168518
            ],
            [
                2353.607489388501,
                612.490385055542
            ],
            [
                2354.755730983493,
                617.6713840961456
            ],
            [
                2355.1232466210736,
                1110.3002190589905
            ],
            [
                2355.405794882807,
                1116.8976771831512
            ],
            [
                2355.5022480191524,
                1118.9148969650269
            ],
            [
                2355.503190871167,
                1119.6218740940094
            ],
            [
                2356.466435574697,
                1142.8939700126648
            ],
            [
                2356.5491571830084,
                1170.6643121242523
            ],
            [
                2356.549373055963,
                1171.536600112915
            ],
            [
                2356.8694401740654,
                1177.5168731212616
            ],
            [
                2357.017707468208,
                1188.2453219890594
            ],
            [
                2357.044821098117,
                1189.6833701133728
            ],
            [
                2357.045342906223,
                1190.5823590755463
            ],
            [
                2357.0531834591497,
                1193.5027770996094
            ],
            [
                2357.1936921007064,
                1197.754107952118
            ],
            [
                2357.2024136946534,
                1199.076045036316
            ],
            [
                2358.1734040409488,
                1201.9499170780182
            ],
            [
                2376.7232906581494,
                1219.7471840381622
            ],
            [
                2389.6285011263803,
                1734.7733120918274
            ],
            [
                2393.767795962615,
                1747.8532691001892
            ],
            [
                2401.278761229261,
                1754.4519460201263
            ],
            [
                2401.326870055709,
                1908.3081440925598
            ],
            [
                2401.7584121189548,
                1984.9910349845886
            ],
            [
                2407.3775212690243,
                2100.5538971424103
            ],
            [
                2435.631692279587,
                2128.044681072235
            ],
            [
                2436.6104274289505,
                2141.0078690052032
            ],
            [
                2436.954851323614,
                2151.733409166336
            ],
            [
                2437.1927306267876,
                2188.8765890598297
            ],
            [
                2440.475776955024,
                2204.3647060394287
            ],
            [
                2443.641602551889,
                2243.59206700325
            ],
            [
                2443.718315087855,
                2274.7213361263275
            ],
            [
                2446.135032243868,
                2306.1327409744263
            ],
            [
                2457.731286106127,
                2358.1471099853516
            ],
            [
                2457.774533758079,
                2388.9545300006866
            ],
            [
                2463.1419400527298,
                2415.308566093445
            ],
            [
                2463.4569210429922,
                2445.0539050102234
            ],
            [
                2463.7138876585564,
                2482.4761221408844
            ],
            [
                2470.426328038553,
                2510.6836881637573
            ],
            [
                2474.3492104393076,
                2524.679512023926
            ],
            [
                2475.5278249017465,
                2538.3159890174866
            ],
            [
                2475.5622519255326,
                2539.5877470970154
            ],
            [
                2477.8164438863037,
                2553.9004051685333
            ],
            [
                2477.8529829460535,
                2562.229068040848
            ],
            [
                2478.0327409372135,
                2576.776782989502
            ],
            [
                2478.102840483504,
                2591.3978781700134
            ],
            [
                2480.8688383680487,
                2601.1334471702576
            ],
            [
                2481.8384429091293,
                2616.6199691295624
            ],
            [
                2488.2794808366657,
                2629.6842980384827
            ],
            [
                2489.7543815017602,
                2644.3284499645233
            ],
            [
                2492.3512318969347,
                2648.5595111846924
            ],
            [
                2495.967053653227,
                2659.6413781642914
            ],
            [
                2496.1213353362327,
                2678.4456810951233
            ],
            [
                2497.923999544599,
                2686.7475900650024
            ],
            [
                2498.4535504412297,
                2701.623347043991
            ],
            [
                2499.2932624219147,
                2709.884073972702
            ],
            [
                2499.656163374584,
                2722.1959960460663
            ],
            [
                2500.60723317922,
                2738.324625968933
            ],
            [
                2500.773983643196,
                2744.4141659736633
            ],
            [
                2503.3435962680555,
                2762.3120770454407
            ],
            [
                2503.357897219706,
                2770.064414024353
            ],
            [
                2505.157065803449,
                2782.820811986923
            ],
            [
                2508.2923616800767,
                2819.4892621040344
            ],
            [
                2509.4098943169893,
                2850.32715010643
            ],
            [
                2515.406697354783,
                2855.772912979126
            ],
            [
                2517.596673470807,
                2868.578688144684
            ],
            [
                2519.496600234925,
                2874.976109981537
            ],
            [
                2519.52978901177,
