{"input parameters": ["15", "0", "500", "X", "500_500", "no_Lagrangian"], "instance": {"facilities": 500, "customers": 500}, "times": {"total_time in s": 3736.91, "initialisation_time in s": 474.77, "node_selection_time in s": 0.03, "implied_demands_time in s": 2594.27, "bounds_time in s": 40.95, "variable_selection in s": 482.02, "greedy_heuristics_time in s": 137.84, "other_time in s": 7.02}, "nodes": {"total": 23, "pruned": 1, "infeasible": 0, "finished": 0}, "solution": {"LB": 3646.958, "UB": 5279.4704, "gap in %": 30.92, "incumbent": [12, 73, 79, 90, 95, 112, 132, 138, 176, 189, 214, 236, 257, 268, 285, 339, 391, 461, 478, 490], "memory in MB": 683.93}, "bounds": {"lower_bounds": [[3549.902, 474.77], [3550.226, 817.99, "combined_combinatorial"], [3551.777, 987.84, "combined_combinatorial"], [3554.465, 1330.79, "combined_combinatorial"], [3611.0691298555857, 1807.31, "combined_combinatorial"], [3616.5311298555857, 1949.23, "combined_combinatorial"], [3616.963129855586, 2090.78, "combined_combinatorial"], [3628.3183752723344, 2372.03, "combined_combinatorial"], [3642.106, 2533.7, "combined_combinatorial"], [3642.174, 2694.04, "combined_combinatorial"], [3645.430588225492, 3298.43, "combined_combinatorial"], [3646.958, 3448.49, "combined_combinatorial"]], "upper_bounds": [[5453.289064021179, 474.77]]}}