{"input parameters": ["15", "0", "500", "X", "500_500", "Lagrangian"], "instance": {"facilities": 500, "customers": 500}, "times": {"total_time in s": 3710.08, "initialisation_time in s": 633.6, "node_selection_time in s": 0.02, "implied_demands_time in s": 1312.65, "bounds_time in s": 1404.42, "variable_selection in s": 285.72, "greedy_heuristics_time in s": 70.21, "other_time in s": 3.45}, "nodes": {"total": 12, "pruned": 0, "infeasible": 0, "finished": 0}, "solution": {"LB": 3616.5311, "UB": 4869.5374, "gap in %": 25.73, "incumbent": [12, 42, 53, 73, 75, 79, 90, 112, 116, 132, 138, 257, 311, 339, 391, 420, 454, 461, 490, 493], "memory in MB": 521.01}, "bounds": {"lower_bounds": [[3549.902, 633.6], [3550.226, 1280.85, "combined_combinatorial"], [3551.777, 1601.88, "combined_combinatorial"], [3554.465, 2235.86, "combined_combinatorial"], [3611.0691298555857, 3146.92, "combined_combinatorial"], [3616.5311298555857, 3432.61, "combined_combinatorial"]], "upper_bounds": [[5082.594785576847, 633.6]]}}