{"input parameters": ["15", "0", "1000", "X", "1000_1000", "no_Lagrangian"], "instance": {"facilities": 1000, "customers": 1000}, "times": {"total_time in s": 86458.06, "initialisation_time in s": 7941.37, "node_selection_time in s": 0.38, "implied_demands_time in s": 64311.23, "bounds_time in s": 435.55, "variable_selection in s": 10444.16, "greedy_heuristics_time in s": 3233.26, "other_time in s": 92.11}, "nodes": {"total": 63, "pruned": 0, "infeasible": 0, "finished": 0}, "solution": {"LB": 7723.7703, "UB": 11816.7919, "gap in %": 34.64, "incumbent": [14, 36, 53, 100, 111, 121, 127, 128, 132, 136, 139, 177, 259, 319, 327, 331, 335, 352, 367, 386, 393, 402, 412, 453, 482, 483, 599, 622, 625, 658, 680, 715, 719, 790, 794, 812, 835, 837, 861, 891, 917, 940, 953, 962], "memory in MB": 4695.12}, "bounds": {"lower_bounds": [[7676.536, 7941.37], [7676.63371619656, 22429.22, "combined_combinatorial"], [7676.6439925862005, 23790.15, "combined_combinatorial"], [7677.0789925862, 26406.57, "combined_combinatorial"], [7677.538067062676, 27625.14, "combined_combinatorial"], [7678.588494941372, 28828.51, "combined_combinatorial"], [7706.2029925862, 30105.24, "combined_combinatorial"], [7706.2659925862, 31378.66, "combined_combinatorial"], [7706.524306233325, 32564.36, "combined_combinatorial"], [7706.5513489158275, 33749.66, "combined_combinatorial"], [7706.5613865562755, 43192.67, "combined_combinatorial"], [7706.573936811068, 49047.36, "combined_combinatorial"], [7707.509903230144, 51348.51, "combined_combinatorial"], [7707.543903230146, 59356.62, "combined_combinatorial"], [7707.574477282514, 68348.07, "combined_combinatorial"], [7707.909477282514, 69452.25, "combined_combinatorial"], [7716.523, 71964.82, "combined_combinatorial"], [7716.642, 76193.83, "combined_combinatorial"], [7717.101074476477, 77522.54, "combined_combinatorial"], [7718.151502355173, 79384.77, "combined_combinatorial"], [7722.908339663704, 81323.06, "combined_combinatorial"], [7723.770306082781, 86458.06, "combined_combinatorial"]], "upper_bounds": [[12482.519412092704, 7941.37]]}}