{
    "input parameters": [
        "15",
        "1",
        "300",
        "X",
        "300_300",
        "preprocessing"
    ],
    "instance": {
        "facilities": 300,
        "customers": 300
    },
    "times": {
        "total_time in s": 3600.09,
        "model_building_time in s": 61.02,
        "model_solving_time in s": 3539.07
    },
    "nodes": {
        "total": 247.0
    },
    "solution": {
        "LB": 3005.4793,
        "UB": 3419.357,
        "gap in %": 0.12,
        "incumbent": [
            7,
            20,
            26,
            63,
            77,
            78,
            90,
            158,
            160,
            247,
            293
        ],
        "memory in MB": 4121.06
    },
    "bounds": {
        "lower_bounds": [
            [
                0.0,
                60.34766602516174
            ],
            [
                2875.809049148474,
                444.5092430114746
            ],
            [
                2885.167132975086,
                608.1017441749573
            ],
            [
                2885.6856960048744,
                615.8957331180573
            ],
            [
                2885.7227465501455,
                624.7264530658722
            ],
            [
                2890.630622932353,
                899.3463890552521
            ],
            [
                2890.9242181812856,
                905.2158060073853
            ],
            [
                2891.0259880690473,
                907.0760259628296
            ],
            [
                2891.0310316384594,
                908.784873008728
            ],
            [
                2895.515590837268,
                1087.6178350448608
            ],
            [
                2896.4584231072504,
                1097.0046181678772
            ],
            [
                2897.0830625139324,
                1099.303787946701
            ],
            [
                2897.258625847679,
                1101.5756521224976
            ],
            [
                2902.411153969759,
                1175.5872781276703
            ],
            [
                2902.963076918659,
                1188.9738759994507
            ],
            [
                2903.0256467547315,
                1190.8081250190735
            ],
            [
                2903.027567063432,
                1191.6168961524963
            ],
            [
                2904.109576556817,
                1234.9074771404266
            ],
            [
                2904.4957315952292,
                1251.9940969944
            ],
            [
                2904.5555383018755,
                1253.6298940181732
            ],
            [
                2904.560943874327,
                1254.9487099647522
            ],
            [
                2906.736927875277,
                1293.786169052124
            ],
            [
                2907.2293411697715,
                1299.2435100078583
            ],
            [
                2907.3957231902946,
                1301.1051461696625
            ],
            [
                2907.5026885468246,
                1303.011636018753
            ],
            [
                2907.6863476078834,
                1305.0136711597443
            ],
            [
                2907.7087560784157,
                1306.088261127472
            ],
            [
                2907.7247303798326,
                1307.0141689777374
            ],
            [
                2907.7251072097756,
                1307.8453941345215
            ],
            [
                2908.6555697505687,
                1340.0678451061249
            ],
            [
                2908.894594636261,
                1355.3205060958862
            ],
            [
                2909.3034901645715,
                1357.4448580741882
            ],
            [
                2909.5505267297317,
                1360.6867451667786
            ],
            [
                2909.715505737444,
                1362.047024011612
            ],
            [
                2909.8801504397757,
                1364.3967130184174
            ],
            [
                2910.312769385446,
                1366.9685859680176
            ],
            [
                2910.4102312892983,
                1368.6971249580383
            ],
            [
                2910.4982959077547,
                1370.7011470794678
            ],
            [
                2910.5965725347846,
                1371.7419521808624
            ],
            [
                2910.811139388472,
                1372.9874429702759
            ],
            [
                2910.9719561079246,
                1374.1218919754028
            ],
            [
                2911.026378714089,
                1375.2471570968628
            ],
            [
                2911.0361240033035,
                1375.990515947342
            ],
            [
                2911.038739900598,
                1376.5162041187286
            ],
            [
                2912.4892621128265,
                1401.7736611366272
            ],
            [
                2912.69052936887,
                1405.779618024826
            ],
            [
                2912.713916978694,
                1406.754544019699
            ],
            [
                2912.714436784538,
                1407.4339661598206
            ],
            [
                2914.4404115224656,
                1444.9295670986176
            ],
            [
                2914.8791354543437,
                1462.954707145691
            ],
            [
                2915.0877195946505,
                1464.9688580036163
            ],
            [
                2915.184332736976,
                1465.9055390357971
            ],
            [
                2915.189205727886,
                1466.5451481342316
            ],
            [
                2916.122089477503,
                1483.1188659667969
            ],
            [
                2916.1616145413313,
                1486.330824136734
            ],
            [
                2916.194231920649,
                1487.0881650447845
            ],
            [
                2916.1942901531993,
                1487.636393070221
            ],
            [
                2917.491287678388,
                1509.8275971412659
            ],
            [
                2917.828330516711,
                1523.0616869926453
            ],
            [
                2918.0671149514505,
                1524.6066250801086
            ],
            [
                2918.184521292785,
                1525.475447177887
            ],
            [
                2918.439525562975,
                1526.8993360996246
            ],
            [
                2918.4877380019175,
                1527.7449281215668
            ],
            [
                2918.5907614304424,
                1528.5480949878693
            ],
            [
                2918.623048871717,
                1529.2150750160217
            ],
            [
                2918.650165929529,
                1530.5048160552979
            ],
            [
                2918.6515078196976,
                1531.0923709869385
            ],
            [
                2919.288786365869,
                1543.2210149765015
            ],
            [
                2919.4792380229924,
                1546.863296031952
            ],
            [
                2919.5005450990793,
                1547.735002040863
            ],
            [
                2919.5006595804393,
                1548.2783379554749
            ],
            [
                2920.9713265103223,
                1568.633423089981
            ],
            [
                2921.1254816435835,
                1584.3905889987946
