{"input parameters": ["16", "0", "1000", "X", "1000_1000", "Lagrangian"], "instance": {"facilities": 1000, "customers": 1000}, "times": {"total_time in s": 87313.46, "initialisation_time in s": 7752.14, "node_selection_time in s": 0.2, "implied_demands_time in s": 46239.83, "bounds_time in s": 26073.45, "variable_selection in s": 5637.26, "greedy_heuristics_time in s": 1567.38, "other_time in s": 43.2}, "nodes": {"total": 36, "pruned": 0, "infeasible": 0, "finished": 0}, "solution": {"LB": 7586.043, "UB": 11273.1659, "gap in %": 32.71, "incumbent": [75, 126, 130, 135, 172, 188, 197, 210, 211, 214, 233, 236, 240, 260, 269, 282, 288, 320, 443, 448, 450, 477, 593, 598, 601, 679, 687, 689, 696, 724, 727, 733, 784, 800, 835, 852, 887, 907, 912, 932, 948, 982, 984], "memory in MB": 2957.74}, "bounds": {"lower_bounds": [[7567.669, 7752.14], [7567.835, 15340.76, "combined_combinatorial"], [7570.481, 20404.78, "combined_combinatorial"], [7574.859, 22921.27, "combined_combinatorial"], [7574.946, 25437.62, "combined_combinatorial"], [7577.544223832243, 52686.93, "combined_combinatorial"], [7577.59212226212, 59272.56, "combined_combinatorial"], [7577.72012226212, 61446.53, "combined_combinatorial"], [7577.94912226212, 67908.9, "combined_combinatorial"], [7577.951153756693, 70066.56, "combined_combinatorial"], [7581.741043865581, 74558.42, "combined_combinatorial"], [7583.668043865581, 76864.94, "combined_combinatorial"], [7583.700043865581, 79178.97, "combined_combinatorial"], [7586.043012881922, 81311.22, "combined_combinatorial"]], "upper_bounds": [[11421.456241825197, 7752.14]]}}