{"input parameters": ["16", "0", "1000", "X", "1000_1000", "no_Lagrangian"], "instance": {"facilities": 1000, "customers": 1000}, "times": {"total_time in s": 86593.04, "initialisation_time in s": 7341.81, "node_selection_time in s": 0.28, "implied_demands_time in s": 67456.14, "bounds_time in s": 337.74, "variable_selection in s": 8926.82, "greedy_heuristics_time in s": 2466.18, "other_time in s": 64.07}, "nodes": {"total": 55, "pruned": 0, "infeasible": 0, "finished": 0}, "solution": {"LB": 7591.214, "UB": 11421.4562, "gap in %": 33.54, "incumbent": [75, 126, 130, 135, 172, 188, 197, 210, 211, 214, 233, 236, 260, 269, 282, 288, 320, 443, 448, 450, 456, 467, 477, 593, 598, 601, 679, 687, 696, 724, 727, 733, 784, 800, 835, 852, 887, 907, 912, 932, 948, 982, 984], "memory in MB": 4107.48}, "bounds": {"lower_bounds": [[7567.669, 7341.81], [7567.835, 12357.07, "combined_combinatorial"], [7570.481, 15619.69, "combined_combinatorial"], [7574.859, 17291.49, "combined_combinatorial"], [7574.946, 18902.59, "combined_combinatorial"], [7577.544223832243, 36674.18, "combined_combinatorial"], [7577.59212226212, 40766.88, "combined_combinatorial"], [7577.72012226212, 42208.48, "combined_combinatorial"], [7577.94912226212, 46251.39, "combined_combinatorial"], [7577.951153756693, 47620.73, "combined_combinatorial"], [7581.741043865581, 50427.23, "combined_combinatorial"], [7583.668043865581, 51969.31, "combined_combinatorial"], [7583.700043865581, 53408.14, "combined_combinatorial"], [7586.043012881922, 54727.06, "combined_combinatorial"], [7586.945894881921, 59981.68, "combined_combinatorial"], [7587.017043865581, 61430.34, "combined_combinatorial"], [7587.026877424312, 62952.08, "combined_combinatorial"], [7588.488542686661, 67189.57, "combined_combinatorial"], [7588.499392017794, 68557.75, "combined_combinatorial"], [7589.961406703954, 69926.78, "combined_combinatorial"], [7590.236942759037, 71477.62, "combined_combinatorial"], [7590.247537295108, 72911.35, "combined_combinatorial"], [7590.256881172161, 75832.99, "combined_combinatorial"], [7591.214, 78858.99, "combined_combinatorial"]], "upper_bounds": [[11421.456241825197, 7341.81]]}}