{"input parameters": ["16", "0", "300", "X", "300_300", "no_Lagrangian"], "instance": {"facilities": 300, "customers": 300}, "times": {"total_time in s": 3603.46, "initialisation_time in s": 63.37, "node_selection_time in s": 0.08, "implied_demands_time in s": 2525.31, "bounds_time in s": 102.31, "variable_selection in s": 700.26, "greedy_heuristics_time in s": 195.95, "other_time in s": 16.18}, "nodes": {"total": 126, "pruned": 8, "infeasible": 0, "finished": 0}, "solution": {"LB": 2295.6838, "UB": 3301.9418, "gap in %": 30.47, "incumbent": [13, 42, 60, 79, 94, 133, 162, 169, 186, 191, 211, 270, 275, 288], "memory in MB": 752.77}, "bounds": {"lower_bounds": [[2259.697, 63.37], [2265.943, 313.66, "combined_combinatorial"], [2266.189, 901.19, "combined_combinatorial"], [2269.145847844659, 1262.7, "combined_combinatorial"], [2269.166207227249, 1329.76, "combined_combinatorial"], [2269.212207227249, 1362.4, "combined_combinatorial"], [2273.726, 1679.27, "combined_combinatorial"], [2274.615, 2474.58, "combined_combinatorial"], [2274.986207227249, 2653.91, "combined_combinatorial"], [2275.6894649451497, 2823.07, "combined_combinatorial"], [2275.6977619073537, 2848.0, "combined_combinatorial"], [2278.787943, 2890.47, "combined_combinatorial"], [2284.515257717901, 2925.39, "combined_combinatorial"], [2290.3117619073537, 2949.55, "combined_combinatorial"], [2290.5079068091914, 3304.7, "combined_combinatorial"], [2292.7337619073537, 3341.62, "combined_combinatorial"], [2294.0989937823397, 3357.84, "combined_combinatorial"], [2294.616761907354, 3526.85, "combined_combinatorial"], [2295.683761907354, 3585.76, "combined_combinatorial"]], "upper_bounds": [[3464.825750899937, 63.37]]}}