{
    "input parameters": [
        "16",
        "0",
        "700",
        "X",
        "700_700",
        "preprocessing"
    ],
    "instance": {
        "facilities": 700,
        "customers": 700
    },
    "times": {
        "total_time in s": 3600.64,
        "model_building_time in s": 1922.51,
        "model_solving_time in s": 1678.13
    },
    "nodes": {
        "total": 1.0
    },
    "solution": {
        "LB": 5323.6602,
        "UB": 7666.6745,
        "gap in %": 0.31,
        "incumbent": [
            37,
            45,
            54,
            73,
            85,
            128,
            142,
            167,
            178,
            182,
            232,
            329,
            333,
            335,
            352,
            366,
            374,
            377,
            388,
            392,
            413,
            440,
            473,
            508,
            524,
            540,
            568,
            573,
            577,
            598,
            618,
            621,
            644,
            666
        ],
        "memory in MB": 4758.71
    },
    "bounds": {
        "lower_bounds": [
            [
                0.0,
                137.6331751346588
            ],
            [
                5323.660225300123,
                1245.535794019699
            ]
        ],
        "upper_bounds": [
            [
                104655.57043183876,
                151.41340804100037
            ],
            [
                8060.914090313401,
                1246.0498061180115
            ],
            [
                7666.674493581296,
                1250.5521931648254
            ]
        ]
    }
}