{
    "input parameters": [
        "16",
        "0",
        "300",
        "X",
        "300_300",
        "no_preprocessing"
    ],
    "instance": {
        "facilities": 300,
        "customers": 300
    },
    "times": {
        "total_time in s": 3600.07,
        "model_building_time in s": 18.4,
        "model_solving_time in s": 3581.68
    },
    "nodes": {
        "total": 473.0
    },
    "solution": {
        "LB": 2541.9691,
        "UB": 2970.0233,
        "gap in %": 0.14,
        "incumbent": [
            60,
            73,
            79,
            94,
            151,
            162,
            169,
            193,
            202,
            219,
            222,
            237,
            275,
            288
        ],
        "memory in MB": 4256.52
    },
    "bounds": {
        "lower_bounds": [
            [
                0.0,
                48.40173697471619
            ],
            [
                2431.0251734801586,
                251.99604606628418
            ],
            [
                2435.792034706263,
                524.0718410015106
            ],
            [
                2435.803942948654,
                555.6767840385437
            ],
            [
                2435.815605670639,
                556.9079780578613
            ],
            [
                2435.8257741652137,
                559.1803889274597
            ],
            [
                2435.8258483093773,
                559.9046828746796
            ],
            [
                2439.772073221356,
                701.0484089851379
            ],
            [
                2441.6788158934796,
                713.0534188747406
            ],
            [
                2442.470847461203,
                720.7241339683533
            ],
            [
                2443.123744806998,
                723.128634929657
            ],
            [
                2443.242921128563,
                755.1160180568695
            ],
            [
                2443.2963251120495,
                757.8780670166016
            ],
            [
                2443.298500653239,
                759.4461109638214
            ],
            [
                2445.5674643127104,
                847.3850889205933
            ],
            [
                2446.084522145146,
                872.142569065094
            ],
            [
                2446.093192680577,
                873.815248966217
            ],
            [
                2446.0938654326415,
                875.179475069046
            ],
            [
                2447.743436286088,
                956.4182028770447
            ],
            [
                2448.1590560359023,
                965.022852897644
            ],
            [
                2448.3061649437327,
                968.547159910202
            ],
            [
                2448.328916691025,
                969.592031955719
            ],
            [
                2448.3295420098802,
                970.5583338737488
            ],
            [
                2448.5950618035763,
                1017.8748440742493
            ],
            [
                2448.6732315301733,
                1034.4288659095764
            ],
            [
                2448.6762627164494,
                1035.517895936966
            ],
            [
                2449.1453624873125,
                1062.801523923874
            ],
            [
                2449.1535149277215,
                1067.3010969161987
            ],
            [
                2449.15362016981,
                1068.777018070221
            ],
            [
                2449.285837271273,
                1090.6763279438019
            ],
            [
                2449.3096247025874,
                1105.9975109100342
            ],
            [
                2449.3096870894938,
                1106.9588649272919
            ],
            [
                2449.407503953715,
                1120.6179330348969
            ],
            [
                2449.634401568453,
                1124.5953419208527
            ],
            [
                2449.7666166724407,
                1125.7703030109406
            ],
            [
                2449.767841691372,
                1126.6870748996735
            ],
            [
                2449.9074849234453,
                1145.0146028995514
            ],
            [
                2449.922334662612,
                1163.7045290470123
            ],
            [
                2449.925064200322,
                1164.6805770397186
            ],
            [
                2449.9257872655085,
                1165.6389570236206
            ],
            [
                2449.926211302585,
                1176.4532198905945
            ],
            [
                2450.2643578354887,
                1675.4792540073395
            ],
            [
                2450.5059188647992,
                1694.9481239318848
            ],
            [
                2450.6262648807797,
                1696.2875320911407
            ],
            [
                2450.6826073851735,
                1701.1513168811798
            ],
            [
                2450.7399374808947,
                1703.537976026535
            ],
            [
                2450.7659380632963,
                1704.5986850261688
            ],
            [
                2450.7793043793595,
                1705.0415329933167
            ],
            [
                2450.7806494056454,
                1705.2926778793335
            ],
            [
                2454.271736670077,
                1711.5200638771057
            ],
            [
                2454.465280573481,
                1714.8720030784607
            ],
            [
                2454.5279446600653,
                1716.0251379013062
            ],
            [
                2454.5380572120853,
                1716.710100889206
            ],
            [
                2454.5414147833576,
                1717.1283938884735
            ],
            [
                2455.8191306912386,
                1720.745449066162
            ],
            [
                2455.8851856757174,
                1727.25554895401
            ],
            [
                2455.953583406333,
                1728.100979089737
            ],
            [
                2455.9646311790734,
                1736.2344689369202
            ],
            [
                2455.9647380667993,
                1736.8607108592987
            ],
            [
                2456.919338058958,
                1742.26659989357
            ],
            [
                2457.0262767423383,
                1745.645467042923
            ],
            [
                2457.0301879307854,
                1746.3255350589752
            ],
            [
                2457.0320843798536,
                1747.2065529823303
            ],
            [
                2457.6245127816364,
                1749.6593520641327
            ],
            [
                2457.6443477518774,
                1753.1619250774384
            ],
            [
                2457.6470116404366,
                1754.2562749385834
            ],
            [
                2457.7457218508266,
                1755.8328330516815
            ],
            [
                2457.756676438147,
                1758.0116820335388
            ],
            [
                2457.7953875025805,
                1758.4707810878754
            ],
            [
                2457.7965098377067,
                1758.8720519542694
            ],
            [
                2458.0415832192293,
                1760.715914964676
            ],
            [
                2458.074640996279,
                1763.5776779651642
            ],
            [
