{"input parameters": ["16", "0", "300", "X", "300_300", "Lagrangian"], "instance": {"facilities": 300, "customers": 300}, "times": {"total_time in s": 3607.13, "initialisation_time in s": 79.95, "node_selection_time in s": 0.04, "implied_demands_time in s": 1231.78, "bounds_time in s": 1879.69, "variable_selection in s": 323.08, "greedy_heuristics_time in s": 86.08, "other_time in s": 6.5}, "nodes": {"total": 59, "pruned": 7, "infeasible": 0, "finished": 0}, "solution": {"LB": 2273.726, "UB": 3086.8314, "gap in %": 26.34, "incumbent": [60, 73, 79, 133, 159, 162, 169, 186, 191, 211, 270, 288], "memory in MB": 391.3}, "bounds": {"lower_bounds": [[2259.697, 79.95], [2265.943, 550.29, "combined_combinatorial"], [2266.189, 1573.32, "combined_combinatorial"], [2269.145847844659, 2187.22, "combined_combinatorial"], [2269.166207227249, 2308.73, "combined_combinatorial"], [2269.212207227249, 2366.84, "combined_combinatorial"], [2273.726, 2935.59, "combined_combinatorial"]], "upper_bounds": [[3086.831397739636, 79.95]]}}