{
    "input parameters": [
        "16",
        "0",
        "300",
        "X",
        "300_300",
        "preprocessing"
    ],
    "instance": {
        "facilities": 300,
        "customers": 300
    },
    "times": {
        "total_time in s": 3600.03,
        "model_building_time in s": 52.86,
        "model_solving_time in s": 3547.18
    },
    "nodes": {
        "total": 3196.0
    },
    "solution": {
        "LB": 2601.5114,
        "UB": 2970.0233,
        "gap in %": 0.12,
        "incumbent": [
            60,
            73,
            79,
            94,
            151,
            162,
            169,
            193,
            202,
            219,
            222,
            237,
            275,
            288
        ],
        "memory in MB": 1951.28
    },
    "bounds": {
        "lower_bounds": [
            [
                0.0,
                21.619297981262207
            ],
            [
                2431.025173480161,
                127.77790689468384
            ],
            [
                2432.6372386221815,
                138.71785879135132
            ],
            [
                2432.6660613096706,
                145.6816267967224
            ],
            [
                2433.4429839664062,
                147.5902898311615
            ],
            [
                2433.470148077897,
                148.212171792984
            ],
            [
                2433.6265255492135,
                148.69887685775757
            ],
            [
                2433.6266552775996,
                148.8210048675537
            ],
            [
                2438.372196873915,
                155.30670595169067
            ],
            [
                2438.3785645981307,
                155.89070796966553
            ],
            [
                2438.4236065862797,
                155.98990988731384
            ],
            [
                2438.536193829218,
                156.15822386741638
            ],
            [
                2441.41068838143,
                160.1129388809204
            ],
            [
                2441.4254954536996,
                161.51692700386047
            ],
            [
                2441.75668800903,
                161.80328798294067
            ],
            [
                2441.7634656323144,
                162.91827297210693
            ],
            [
                2442.549990732848,
                163.8512098789215
            ],
            [
                2442.562364432297,
                164.46380591392517
            ],
            [
                2443.285123356206,
                165.76102900505066
            ],
            [
                2443.287068006368,
                166.30769991874695
            ],
            [
                2443.941828621203,
                167.6121768951416
            ],
            [
                2443.9446035586298,
                168.60791683197021
            ],
            [
                2444.62689856403,
                169.36184096336365
            ],
            [
                2444.643582614829,
                170.32680583000183
            ],
            [
                2445.125993697275,
                172.0991017818451
            ],
            [
                2445.127946587424,
                172.7082769870758
            ],
            [
                2445.163287979193,
                172.9430079460144
            ],
            [
                2445.4801840775413,
                174.0048689842224
            ],
            [
                2445.483722840009,
                174.6801619529724
            ],
            [
                2445.504773665701,
                174.89386582374573
            ],
            [
                2445.5075262086175,
                175.01923489570618
            ],
            [
                2446.21560020808,
                176.32969999313354
            ],
            [
                2446.2283325010953,
                177.23333477973938
            ],
            [
                2446.7867980363108,
                177.83422589302063
            ],
            [
                2446.7948961566553,
                178.25032091140747
            ],
            [
                2447.0151598121743,
                178.61842799186707
            ],
            [
                2447.4298293710895,
                179.66192889213562
            ],
            [
                2447.444163734289,
                180.16888189315796
            ],
            [
                2448.1521717224823,
                181.56998896598816
            ],
            [
                2448.1649930177277,
                182.04988884925842
            ],
            [
                2448.3740775728647,
                183.1395618915558
            ],
            [
                2448.3741115349676,
                183.63887286186218
            ],
            [
                2448.4089618567687,
                183.9045729637146
            ],
            [
                2448.4255747834436,
                184.10343384742737
            ],
            [
                2449.339365790108,
                185.75448489189148
            ],
            [
                2449.3440120100563,
                186.29234790802002
            ],
            [
                2449.3579216378685,
                186.492684841156
            ],
            [
                2449.358553742256,
                186.6297869682312
            ],
            [
                2449.6415520554683,
                187.51413488388062
            ],
            [
                2449.6685308817573,
                187.9822928905487
            ],
            [
                2449.79737728925,
                343.3356328010559
            ],
            [
                2449.934519429231,
                343.88638281822205
            ],
            [
                2449.9347230687063,
                343.98695182800293
            ],
            [
                2449.997694184984,
                347.8906137943268
            ],
            [
                2449.9978978442614,
                349.185870885849
            ],
            [
                2450.0440081778956,
                349.6709280014038
            ],
            [
                2450.0462911889426,
                350.08846497535706
            ],
            [
                2450.2705652727827,
                352.18244981765747
            ],
            [
                2450.278501107628,
                352.66392183303833
            ],
            [
                2450.4346394703166,
                353.67775082588196
            ],
            [
                2450.443874744117,
                354.18309688568115
            ],
            [
                2450.444181188527,
                361.70919585227966
            ],
            [
                2450.445190079477,
                362.0829918384552
            ],
            [
                2450.446933870047,
                410.77813386917114
            ],
            [
                2454.4938505657797,
                419.3990089893341
            ],
            [
                2454.4950015518816,
                428.7262330055237
            ],
            [
                2474.8159701979685,
                439.64480090141296
            ],
            [
                2474.905145599234,
                460.09581995010376
            ],
            [
                2478.7832021820914,
                461.2494568824768
            ],
            [
                2478.8028486704043,
                519.1723849773407
            ],
            [
                2495.6451633513598,
                554.0073487758636
            ],
            [
                2495.6604180453355,
                598.947940826416
            ],
            [
