{"input parameters": ["16", "0", "500", "X", "500_500", "no_Lagrangian"], "instance": {"facilities": 500, "customers": 500}, "times": {"total_time in s": 3668.69, "initialisation_time in s": 493.3, "node_selection_time in s": 0.03, "implied_demands_time in s": 2516.32, "bounds_time in s": 39.47, "variable_selection in s": 461.69, "greedy_heuristics_time in s": 151.59, "other_time in s": 6.29}, "nodes": {"total": 23, "pruned": 0, "infeasible": 0, "finished": 0}, "solution": {"LB": 3892.2496, "UB": 6008.2717, "gap in %": 35.22, "incumbent": [32, 75, 99, 104, 123, 130, 146, 157, 172, 191, 193, 212, 239, 245, 261, 321, 341, 380, 395, 427, 434, 461, 469], "memory in MB": 700.83}, "bounds": {"lower_bounds": [[3888.028, 493.3], [3888.089, 2161.9, "combined_combinatorial"], [3888.14279256372, 2304.42, "combined_combinatorial"], [3888.160091073003, 2445.99, "combined_combinatorial"], [3892.2495709826585, 2727.01, "combined_combinatorial"]], "upper_bounds": [[6195.773718984707, 493.3]]}}