{
    "input parameters": [
        "16",
        "0",
        "500",
        "X",
        "500_500",
        "preprocessing"
    ],
    "instance": {
        "facilities": 500,
        "customers": 500
    },
    "times": {
        "total_time in s": 3600.07,
        "model_building_time in s": 533.97,
        "model_solving_time in s": 3066.1
    },
    "nodes": {
        "total": 1.0
    },
    "solution": {
        "LB": 4288.4442,
        "UB": 5747.6211,
        "gap in %": 0.25,
        "incumbent": [
            20,
            32,
            52,
            75,
            104,
            115,
            123,
            130,
            146,
            157,
            191,
            193,
            195,
            202,
            230,
            245,
            325,
            341,
            373,
            393,
            395,
            417,
            427,
            469
        ],
        "memory in MB": 3762.52
    },
    "bounds": {
        "lower_bounds": [
            [
                0.0,
                62.97602891921997
            ],
            [
                4237.622534203534,
                665.9932880401611
            ],
            [
                4247.267201127933,
                1293.9979560375214
            ],
            [
                4247.537109050399,
                1386.1929640769958
            ],
            [
                4247.59852486905,
                1388.446357011795
            ],
            [
                4247.616430631229,
                1389.5342500209808
            ],
            [
                4254.012197499274,
                1585.8754889965057
            ],
            [
                4255.08804431108,
                1595.7719130516052
            ],
            [
                4255.185867355838,
                1597.9895250797272
            ],
            [
                4255.201832835273,
                1599.6844580173492
            ],
            [
                4259.277934345415,
                1740.2046089172363
            ],
            [
                4259.794457204243,
                1804.0219860076904
            ],
            [
                4259.81986107952,
                1805.4941511154175
            ],
            [
                4259.823495339227,
                1806.6508660316467
            ],
            [
                4263.135003901411,
                1874.5832159519196
            ],
            [
                4263.51445777101,
                1887.1724519729614
            ],
            [
                4263.559433317397,
                1889.367753982544
            ],
            [
                4264.394080749636,
                1969.9104459285736
            ],
            [
                4264.558288939728,
                2032.6375539302826
            ],
            [
                4264.558576482141,
                2033.5253551006317
            ],
            [
                4265.12752947305,
                2073.4049079418182
            ],
            [
                4265.19368700298,
                2085.283543109894
            ],
            [
                4265.2002137703275,
                2086.7634069919586
            ],
            [
                4265.200283014395,
                2087.637861967087
            ],
            [
                4265.871338160761,
                2152.7473669052124
            ],
            [
                4266.079806025071,
                2158.0269401073456
            ],
            [
                4266.113165863072,
                2159.364366054535
            ],
            [
                4266.11638065356,
                2160.381187915802
            ],
            [
                4266.1195601438785,
                2161.0690519809723
            ],
            [
                4266.120325739737,
                2161.940309047699
            ],
            [
                4268.452088026621,
                2194.3841710090637
            ],
            [
                4268.511369819212,
                2204.5669469833374
            ],
            [
                4268.714802021281,
                2227.344358921051
            ],
            [
                4268.791276946308,
                2232.1598629951477
            ],
            [
                4268.820936321313,
                2233.7007870674133
            ],
            [
                4268.822392980363,
                2234.517646074295
            ],
            [
                4269.114698436962,
                2253.8285620212555
            ],
            [
                4269.149995724796,
                2262.772311925888
            ],
            [
                4269.155055673839,
                2263.746997117996
            ],
            [
                4269.156956163,
                2264.6208131313324
            ],
            [
                4269.4342573620725,
                2281.623414039612
            ],
            [
                4269.700913928322,
                2286.707844018936
            ],
            [
                4269.784863366252,
                2288.158308982849
            ],
            [
                4269.787370557284,
                2289.0906019210815
            ],
            [
                4270.017396435811,
                2305.0292689800262
            ],
            [
                4270.043243257883,
                2326.601049900055
            ],
            [
                4270.048871783904,
                2327.6076259613037
            ],
            [
                4270.395061304254,
                2344.4645631313324
            ],
            [
                4270.440556984764,
                2347.8584871292114
            ],
            [
                4270.4423084986465,
                2348.7030119895935
            ],
            [
                4270.514669488367,
                2372.9453949928284
            ],
            [
                4270.523586523291,
                2382.0851991176605
            ],
            [
                4270.953306599099,
                2397.251135110855
            ],
            [
                4271.013345282832,
                2401.6758930683136
            ],
            [
                4271.0148426617425,
                2402.574590921402
            ],
            [
                4271.2648015636,
                2416.237016916275
            ],
            [
                4271.2656672568455,
                2424.130602121353
            ],
            [
                4271.465071051205,
                2438.630140066147
            ],
            [
                4271.465681700499,
                2440.895392894745
            ],
            [
                4271.569819993443,
                2454.622174978256
            ],
            [
                4271.608513194962,
                2464.6359689235687
            ],
            [
                4271.609594860675,
                2465.5535790920258
            ],
            [
                4271.667901057171,
                2477.4428820610046
            ],
            [
                4271.668542873938,
                2481.25435090065
            ],
            [
                4271.955784863499,
                2498.1401319503784
            ],
            [
                4271.964844275996,
                2507.1787049770355
            ],
            [
                4271.967515559941,
                2508.035850048065
            ],
            [
                4272.130104225259,
                2522.8432700634003
            ],
            [
                4272.1943555257985,
                2526.500338077545
            ],
            [
                4272.25504721202,
                2528.407747030258
            ],
            [
                4272.288634254082,
                2529.5575110912323
            ],
