{
    "input parameters": [
        "16",
        "1",
        "300",
        "X",
        "300_300",
        "preprocessing"
    ],
    "instance": {
        "facilities": 300,
        "customers": 300
    },
    "times": {
        "total_time in s": 3600.13,
        "model_building_time in s": 61.56,
        "model_solving_time in s": 3538.57
    },
    "nodes": {
        "total": 84.0
    },
    "solution": {
        "LB": 3003.1524,
        "UB": 3752.1946,
        "gap in %": 0.2,
        "incumbent": [
            13,
            45,
            60,
            73,
            94,
            114,
            151,
            162,
            169,
            191,
            193,
            237,
            258,
            285,
            288,
            299
        ],
        "memory in MB": 3403.38
    },
    "bounds": {
        "lower_bounds": [
            [
                0.0,
                57.26306104660034
            ],
            [
                2914.251708555776,
                430.1860890388489
            ],
            [
                2923.205107712357,
                777.2443790435791
            ],
            [
                2923.964910334952,
                789.64777302742
            ],
            [
                2924.196365297886,
                794.7689681053162
            ],
            [
                2924.2406617712754,
                805.3432312011719
            ],
            [
                2924.246635243355,
                806.2212331295013
            ],
            [
                2927.2802421410815,
                956.9548101425171
            ],
            [
                2927.651175148968,
                964.0788741111755
            ],
            [
                2927.6899538555235,
                967.759877204895
            ],
            [
                2927.702912449818,
                969.2766880989075
            ],
            [
                2927.731478206026,
                971.6898720264435
            ],
            [
                2930.6277874933826,
                1088.9666001796722
            ],
            [
                2931.1049493592873,
                1100.3587141036987
            ],
            [
                2931.740935031933,
                1106.3138620853424
            ],
            [
                2931.86217743527,
                1109.118746995926
            ],
            [
                2931.9286444689506,
                1110.9199221134186
            ],
            [
                2931.9707774987046,
                1112.6041841506958
            ],
            [
                2931.970806054691,
                1113.220451116562
            ],
            [
                2933.8600755374723,
                1198.731460094452
            ],
            [
                2934.4961857263047,
                1209.228434085846
            ],
            [
                2934.7103899248823,
                1212.3549840450287
            ],
            [
                2934.7126395613427,
                1213.3375480175018
            ],
            [
                2934.719046692907,
                1215.5573511123657
            ],
            [
                2934.7191289697043,
                1216.4302020072937
            ],
            [
                2936.101288102223,
                1288.1109490394592
            ],
            [
                2936.4005533730933,
                1322.3466670513153
            ],
            [
                2936.4196906138786,
                1324.6810281276703
            ],
            [
                2937.3441201309906,
                1370.9556670188904
            ],
            [
                2937.5490933684646,
                1379.564682006836
            ],
            [
                2937.9335102043046,
                1383.2646510601044
            ],
            [
                2938.064877143211,
                1385.6315031051636
            ],
            [
                2938.0721303217933,
                1387.5660090446472
            ],
            [
                2938.8769647412837,
                1437.901836156845
            ],
            [
                2939.0797803057794,
                1469.394418001175
            ],
            [
                2939.300008373101,
                1472.4303510189056
            ],
            [
                2939.302661125882,
                1473.3702611923218
            ],
            [
                2939.3026653491806,
                1474.2319750785828
            ],
            [
                2940.3570173839817,
                1519.1654300689697
            ],
            [
                2940.631109952352,
                1531.0022480487823
            ],
            [
                2940.854164517799,
                1535.176460981369
            ],
            [
                2940.892717153692,
                1536.263090133667
            ],
            [
                2940.9109663801664,
                1537.274924993515
            ],
            [
                2941.6695334110814,
                1586.4166572093964
            ],
            [
                2942.033345411017,
                1654.4755101203918
            ],
            [
                2942.081286486766,
                1655.8938031196594
            ],
            [
                2942.082958185643,
                1656.7308011054993
            ],
            [
                2943.8796290682594,
                1688.848294019699
            ],
            [
                2944.7231692319297,
                1701.2287220954895
            ],
            [
                2944.867213817881,
                1702.9388751983643
            ],
            [
                2944.922318576485,
                1703.9758501052856
            ],
            [
                2944.9251030319124,
                1704.5626680850983
            ],
            [
                2945.5467416638053,
                1761.6708481311798
            ],
            [
                2945.6191877790607,
                1764.696969985962
            ],
            [
                2945.6273424208403,
                1765.3861629962921
            ],
            [
                2945.6417792942516,
                1766.3763570785522
            ],
            [
                2945.642272005573,
                1766.954733133316
            ],
            [
                2946.0004396059135,
                1793.84792304039
            ],
            [
                2946.450607166178,
                1798.5302240848541
            ],
            [
                2946.7264188330455,
                1800.141755104065
            ],
            [
                2946.881697754928,
                1801.5811760425568
            ],
            [
                2946.912491087573,
                1802.7025990486145
            ],
            [
                2946.921100821962,
                1803.769888162613
            ],
            [
                2946.934083169208,
                1804.4427661895752
            ],
            [
                2946.93729731979,
                1805.1537041664124
            ],
            [
                2947.3831193730443,
                1821.3203110694885
            ],
            [
                2947.46338841143,
                1859.3572120666504
            ],
            [
                2947.4888572359146,
                1860.7654821872711
            ],
            [
                2947.4948098489126,
                1861.5390419960022
            ],
            [
                2947.502153949184,
                1862.3226430416107
            ],
            [
                2947.5116339749175,
                1863.088016986847
            ],
            [
                2947.5145621587917,
                1863.7933270931244
            ],
