{
    "input parameters": [
        "16",
        "1",
        "300",
        "X",
        "300_300",
        "no_preprocessing"
    ],
    "instance": {
        "facilities": 300,
        "customers": 300
    },
    "times": {
        "total_time in s": 3600.17,
        "model_building_time in s": 18.02,
        "model_solving_time in s": 3582.15
    },
    "nodes": {
        "total": 18.0
    },
    "solution": {
        "LB": 3001.2926,
        "UB": 3632.6038,
        "gap in %": 0.17,
        "incumbent": [
            13,
            42,
            57,
            73,
            79,
            162,
            169,
            207,
            237,
            245,
            275,
            288
        ],
        "memory in MB": 3989.7
    },
    "bounds": {
        "lower_bounds": [
            [
                0.0,
                61.3223991394043
            ],
            [
                2908.767250136173,
                530.8875710964203
            ],
            [
                2919.580418260542,
                739.2049031257629
            ],
            [
                2920.8064453505676,
                757.7233901023865
            ],
            [
                2921.2618523826272,
                767.9709241390228
            ],
            [
                2921.31575683173,
                772.5452790260315
            ],
            [
                2921.3316569630156,
                777.1867411136627
            ],
            [
                2921.362052727411,
                781.5786581039429
            ],
            [
                2921.3678393154405,
                783.2349150180817
            ],
            [
                2921.3680435757406,
                784.3030750751495
            ],
            [
                2924.373913037507,
                1223.394387960434
            ],
            [
                2924.9541841968194,
                1235.4695179462433
            ],
            [
                2925.5184549896353,
                1241.4783549308777
            ],
            [
                2925.5715255425293,
                1244.9386370182037
            ],
            [
                2925.5784364147617,
                1247.8513870239258
            ],
            [
                2925.5788687211602,
                1248.9647829532623
            ],
            [
                2927.7239740215655,
                1445.4733159542084
            ],
            [
                2927.993646810795,
                1485.095027923584
            ],
            [
                2928.030091623366,
                1486.7842619419098
            ],
            [
                2928.090740690988,
                1490.687747001648
            ],
            [
                2928.1094713652433,
                1492.497158050537
            ],
            [
                2928.133254135421,
                1494.354658126831
            ],
            [
                2930.3403628308456,
                1600.2715411186218
            ],
            [
                2930.794358750781,
                1607.2504630088806
            ],
            [
                2931.2802817787783,
                1614.2819550037384
            ],
            [
                2931.4072415969154,
                1617.4715299606323
            ],
            [
                2931.739956132931,
                1620.7306680679321
            ],
            [
                2931.7676877765302,
                1623.892158985138
            ],
            [
                2931.782380253314,
                1625.1418781280518
            ],
            [
                2933.447122391988,
                1711.874104976654
            ],
            [
                2933.964073950326,
                1748.4096779823303
            ],
            [
                2934.2982871607405,
                1757.4919810295105
            ],
            [
                2934.380011549386,
                1761.3296389579773
            ],
            [
                2934.415065665003,
                1763.6511359214783
            ],
            [
                2934.4478368332425,
                1764.8534049987793
            ],
            [
                2934.4549165924777,
                1767.2496740818024
            ],
            [
                2934.4549240180245,
                1768.0754671096802
            ],
            [
                2935.3799244709103,
                1829.1294729709625
            ],
            [
                2935.7291778621966,
                1835.7583849430084
            ],
            [
                2935.7693444139622,
                1839.6087141036987
            ],
            [
                2935.769694096615,
                1840.7725489139557
            ],
            [
                2937.1956967199426,
                1911.6258480548859
            ],
            [
                2937.7753500723493,
                1948.6515440940857
            ],
            [
                2937.9585838133885,
                1951.283977985382
            ],
            [
                2938.0528217141677,
                1952.853229045868
            ],
            [
                2938.0615861704177,
                1953.8415229320526
            ],
            [
                2938.0616669769784,
                1954.6759741306305
            ],
            [
                2940.7286151476687,
                1989.908663034439
            ],
            [
                2941.4361878627437,
                1997.3215820789337
            ],
            [
                2941.4847276495284,
                1998.7170140743256
            ],
            [
                2941.4879095674974,
                1999.4547300338745
            ],
            [
                2941.8778133620376,
                2057.784604072571
            ],
            [
                2941.973398658243,
                2114.8032319545746
            ],
            [
                2942.030930403996,
                2116.1893351078033
            ],
            [
                2942.1198975597813,
                2117.3976299762726
            ],
            [
                2942.182791473485,
                2118.715513944626
            ],
            [
                2942.1961757332583,
                2119.6695189476013
            ],
            [
                2942.2051815839536,
                2120.6293790340424
            ],
            [
                2942.2092601842733,
                2121.48224902153
            ],
            [
                2942.209450452503,
                2122.178451061249
            ],
            [
                2942.8829810513707,
                2155.1979961395264
            ],
            [
                2943.224086942697,
                2162.8910360336304
            ],
            [
                2943.4263739180988,
                2164.615214109421
            ],
            [
                2943.535777578039,
                2166.260656118393
            ],
            [
                2943.5993578112348,
                2167.591747045517
            ],
            [
                2943.637572461007,
                2168.4953830242157
            ],
            [
                2943.648507907591,
                2169.822000026703
            ],
            [
                2943.6498018517004,
                2170.572277069092
            ],
            [
                2943.975827149247,
                2221.3106241226196
            ],
            [
                2944.1355118257898,
                2246.5285811424255
            ],
            [
                2944.1671543125376,
                2247.9347760677338
            ],
            [
                2944.236409801419,
                2250.007349014282
            ],
            [
                2944.2407042406744,
