{
    "input parameters": [
        "17",
        "0",
        "500",
        "X",
        "500_500",
        "preprocessing"
    ],
    "instance": {
        "facilities": 500,
        "customers": 500
    },
    "times": {
        "total_time in s": 3600.06,
        "model_building_time in s": 531.52,
        "model_solving_time in s": 3068.54
    },
    "nodes": {
        "total": 487.0
    },
    "solution": {
        "LB": 4371.1128,
        "UB": 5329.8043,
        "gap in %": 0.18,
        "incumbent": [
            9,
            11,
            21,
            48,
            65,
            66,
            72,
            94,
            95,
            160,
            206,
            220,
            228,
            320,
            364,
            380,
            433,
            440,
            459,
            468,
            484
        ],
        "memory in MB": 2947.39
    },
    "bounds": {
        "lower_bounds": [
            [
                0.0,
                58.28279900550842
            ],
            [
                4271.778510370995,
                563.828250169754
            ],
            [
                4274.519945915481,
                593.6439950466156
            ],
            [
                4274.588645397243,
                606.9222371578217
            ],
            [
                4275.075288677968,
                612.8187570571899
            ],
            [
                4275.127488756564,
                619.4547870159149
            ],
            [
                4276.295501882731,
                626.4890689849854
            ],
            [
                4276.303761403432,
                627.6968991756439
            ],
            [
                4278.14649996855,
                636.5785381793976
            ],
            [
                4278.1521040241605,
                637.9603431224823
            ],
            [
                4278.244657748151,
                640.3158020973206
            ],
            [
                4278.978951866737,
                648.0573220252991
            ],
            [
                4278.9849362292225,
                651.32715010643
            ],
            [
                4279.83783821943,
                657.7811369895935
            ],
            [
                4279.856916117421,
                659.0289371013641
            ],
            [
                4279.9258923038715,
                660.1688230037689
            ],
            [
                4279.925994697019,
                660.448194026947
            ],
            [
                4280.885522103334,
                665.3380630016327
            ],
            [
                4280.889111779516,
                667.5796961784363
            ],
            [
                4281.16781519963,
                670.2652320861816
            ],
            [
                4281.172055218613,
                671.6310951709747
            ],
            [
                4282.510667862432,
                678.0798330307007
            ],
            [
                4282.529522477591,
                680.241317987442
            ],
            [
                4282.666637677176,
                682.6958870887756
            ],
            [
                4282.693402121151,
                683.9282011985779
            ],
            [
                4284.541996547291,
                690.5459380149841
            ],
            [
                4284.542331852074,
                691.7433412075043
            ],
            [
                4284.54595565386,
                691.8756730556488
            ],
            [
                4286.372627671695,
                698.2023150920868
            ],
            [
                4286.4126750971345,
                700.5395011901855
            ],
            [
                4286.943256583423,
                702.0735061168671
            ],
            [
                4286.946361947809,
                704.3205361366272
            ],
            [
                4287.367165070283,
                707.2881619930267
            ],
            [
                4287.386857781378,
                708.5742001533508
            ],
            [
                4287.407058124273,
                710.4216752052307
            ],
            [
                4287.432635770267,
                714.1019840240479
            ],
            [
                4287.463831491687,
                714.884957075119
            ],
            [
                4287.48630314263,
                806.2332570552826
            ],
            [
                4287.5067408149025,
                855.2085440158844
            ],
            [
                4306.907315676708,
                866.4064791202545
            ],
            [
                4316.911221461065,
                915.3387711048126
            ],
            [
                4317.050176899599,
                967.1636130809784
            ],
            [
                4330.825385699598,
                971.9007501602173
            ],
            [
                4330.834016834232,
                1767.2747390270233
            ],
            [
                4351.624375365567,
                2023.5160810947418
            ],
            [
                4351.667907068567,
                2038.3118591308594
            ],
            [
                4358.464975316352,
                2042.8657121658325
            ],
            [
                4363.667546444923,
                2271.003841161728
            ],
            [
                4363.890596543387,
                2505.2579782009125
            ],
            [
                4371.1128001633,
                2770.532116174698
            ]
        ],
        "upper_bounds": [
            [
                154120.22590082395,
                58.81750297546387
            ],
            [
                128247.62984738097,
                564.5670821666718
            ],
            [
                126279.53191169199,
                564.8955512046814
            ],
            [
                7509.495092884933,
                595.3373529911041
            ],
            [
                7385.291153538976,
                614.0179731845856
            ],
            [
                7003.01261744613,
                627.67844414711
            ],
            [
                6848.715736786786,
                637.9406361579895
            ],
            [
                6143.409623920504,
                649.3013050556183
            ],
            [
                5926.19079092386,
                666.5791330337524
            ],
            [
                5840.180293558576,
                671.6131451129913
            ],
            [
                5584.030554219389,
                805.0507290363312
            ],
            [
                5470.485269768702,
                1271.3608260154724
            ],
            [
                5329.804301637498,
                1383.4110860824585
            ]
        ]
    }
}