{"input parameters": ["17", "0", "1000", "X", "1000_1000", "no_Lagrangian"], "instance": {"facilities": 1000, "customers": 1000}, "times": {"total_time in s": 87266.84, "initialisation_time in s": 7331.42, "node_selection_time in s": 0.43, "implied_demands_time in s": 64362.41, "bounds_time in s": 537.67, "variable_selection in s": 11680.37, "greedy_heuristics_time in s": 3254.63, "other_time in s": 99.92}, "nodes": {"total": 81, "pruned": 0, "infeasible": 0, "finished": 0}, "solution": {"LB": 7577.9813, "UB": 11960.8303, "gap in %": 36.64, "incumbent": [3, 9, 28, 61, 100, 118, 140, 145, 217, 225, 247, 253, 278, 284, 299, 307, 313, 336, 342, 362, 367, 432, 439, 448, 485, 489, 508, 575, 613, 624, 629, 655, 667, 708, 719, 735, 770, 883, 884, 908, 911, 914, 919, 922, 930], "memory in MB": 5882.24}, "bounds": {"lower_bounds": [[7495.168, 7331.42], [7495.258, 15533.75, "combined_combinatorial"], [7495.285, 16818.29, "combined_combinatorial"], [7539.494, 20478.6, "combined_combinatorial"], [7539.556, 24869.99, "combined_combinatorial"], [7539.726, 39657.94, "combined_combinatorial"], [7542.6034124978605, 54384.74, "combined_combinatorial"], [7542.6051095281655, 55269.98, "combined_combinatorial"], [7542.634700687931, 57834.7, "combined_combinatorial"], [7542.666367204884, 58682.21, "combined_combinatorial"], [7542.6843538957455, 59566.44, "combined_combinatorial"], [7544.6713538957465, 63092.96, "combined_combinatorial"], [7544.8183538957455, 63913.61, "combined_combinatorial"], [7544.8700123512, 64817.3, "combined_combinatorial"], [7544.910027242861, 65610.77, "combined_combinatorial"], [7544.928374727951, 67273.45, "combined_combinatorial"], [7545.100022729236, 68160.15, "combined_combinatorial"], [7545.90927328469, 68876.23, "combined_combinatorial"], [7556.442414804887, 69723.95, "combined_combinatorial"], [7560.356414804887, 70420.17, "combined_combinatorial"], [7560.547050853514, 71512.43, "combined_combinatorial"], [7560.552028267938, 72502.49, "combined_combinatorial"], [7560.573642503207, 73514.85, "combined_combinatorial"], [7560.641414804887, 75330.71, "combined_combinatorial"], [7560.716642503207, 76435.56, "combined_combinatorial"], [7566.430556823517, 78518.56, "combined_combinatorial"], [7566.440214107499, 79589.61, "combined_combinatorial"], [7568.395454195125, 82476.84, "combined_combinatorial"], [7569.002113555138, 83456.11, "combined_combinatorial"], [7577.981345153519, 85388.34, "combined_combinatorial"]], "upper_bounds": [[13091.023428472623, 7331.42]]}}