{
    "input parameters": [
        "17",
        "0",
        "300",
        "X",
        "300_300",
        "preprocessing"
    ],
    "instance": {
        "facilities": 300,
        "customers": 300
    },
    "times": {
        "total_time in s": 3600.02,
        "model_building_time in s": 50.72,
        "model_solving_time in s": 3549.3
    },
    "nodes": {
        "total": 2914.0
    },
    "solution": {
        "LB": 3040.9149,
        "UB": 3560.0688,
        "gap in %": 0.15,
        "incumbent": [
            10,
            19,
            107,
            112,
            119,
            122,
            150,
            179,
            196,
            219,
            245,
            262,
            266
        ],
        "memory in MB": 1724.26
    },
    "bounds": {
        "lower_bounds": [
            [
                0.0,
                18.314031839370728
            ],
            [
                2857.714161180727,
                130.32352995872498
            ],
            [
                2858.288726452299,
                137.06108498573303
            ],
            [
                2858.3026869370733,
                137.75048899650574
            ],
            [
                2858.405221116265,
                138.47120881080627
            ],
            [
                2858.6529954249636,
                144.36005902290344
            ],
            [
                2858.67203813919,
                147.57322096824646
            ],
            [
                2859.423333022052,
                148.4863739013672
            ],
            [
                2859.4859976572457,
                151.00517892837524
            ],
            [
                2859.657395927169,
                151.5655448436737
            ],
            [
                2859.716027911891,
                152.0317108631134
            ],
            [
                2860.007372197675,
                179.29740285873413
            ],
            [
                2881.8558339525985,
                210.2685968875885
            ],
            [
                2881.9642719075805,
                216.75184202194214
            ],
            [
                2895.7638343918707,
                222.735857963562
            ],
            [
                2895.8653791170855,
                225.78570890426636
            ],
            [
                2902.779744106142,
                231.23798894882202
            ],
            [
                2932.853129757589,
                238.41006994247437
            ],
            [
                2932.87639521665,
                240.60074400901794
            ],
            [
                2936.005128307305,
                349.150593996048
            ],
            [
                2942.1138970505995,
                399.2242019176483
            ],
            [
                2943.235525631075,
                442.411584854126
            ],
            [
                2943.2967560700004,
                509.6699240207672
            ],
            [
                2943.4446225296942,
                557.3494620323181
            ],
            [
                2943.509084559129,
                616.4956119060516
            ],
            [
                2948.1547804654415,
                667.3311378955841
            ],
            [
                2949.581999067433,
                717.2140319347382
            ],
            [
                2949.690777578272,
                1125.5405559539795
            ],
            [
                2971.0954417286066,
                1807.622053861618
            ],
            [
                2971.9037810100267,
                1903.4737679958344
            ],
            [
                2982.7485524134077,
                2013.6481568813324
            ],
            [
                2982.8285726690888,
                2119.2118878364563
            ],
            [
                2991.851712321242,
                2236.0198538303375
            ],
            [
                2992.298797716388,
                2304.4484050273895
            ],
            [
                2996.0406578880797,
                2347.0067739486694
            ],
            [
                2996.0651832698536,
                2370.4782679080963
            ],
            [
                2997.5650528925144,
                2534.231854915619
            ],
            [
                2997.6075474347135,
                2586.933537006378
            ],
            [
                2997.651092531805,
                2588.6756658554077
            ],
            [
                2997.654978645906,
                2616.645781993866
            ],
            [
                3000.0219332042443,
                2696.4413108825684
            ],
            [
                3004.1761921420484,
                2721.4914338588715
            ],
            [
                3004.278184670675,
                2759.3614258766174
            ],
            [
                3005.3278404818475,
                2879.843775987625
            ],
            [
                3005.331615620839,
                2897.826210975647
            ],
            [
                3014.8507897043514,
                2926.3740928173065
            ],
            [
                3018.3350930552006,
                2949.7402908802032
            ],
            [
                3019.763227035077,
                2985.6319279670715
            ],
            [
                3020.3837261378485,
                3013.85285282135
            ],
            [
                3020.4070243540164,
                3028.7377138137817
            ],
            [
                3020.482432601361,
                3051.614390850067
            ],
            [
                3021.9685878272103,
                3064.2088499069214
            ],
            [
                3023.1121284843543,
                3077.005117893219
            ],
            [
                3023.2834282085646,
                3093.787029981613
            ],
            [
                3023.6660050552987,
                3129.6412060260773
            ],
            [
                3024.711773547602,
                3142.1395099163055
            ],
            [
                3025.1192031329756,
                3153.2634057998657
            ],
            [
                3026.9419998474377,
                3182.798080921173
            ],
            [
                3026.9836436456367,
                3189.3081748485565
            ],
            [
                3028.6851081382774,
                3202.4670808315277
            ],
            [
                3030.91093022052,
                3251.522241830826
            ],
            [
                3032.849780924472,
                3256.099079847336
            ],
            [
                3033.21173419327,
                3315.716229915619
            ],
            [
                3033.297338595572,
                3398.800925016403
            ],
            [
                3035.644104152196,
                3438.8997988700867
            ],
            [
                3037.6434505135308,
                3447.6598358154297
            ],
            [
                3037.7640280268733,
                3473.9040439128876
            ],
            [
                3038.912947335304,
                3483.662838935852
            ],
            [
                3040.831414517197,
                3524.1646609306335
            ],
            [
                3040.9149333553296,
                3540.156574010849
            ]
        ],