{
    "input parameters": [
        "17",
        "0",
        "300",
        "X",
        "300_300",
        "no_preprocessing"
    ],
    "instance": {
        "facilities": 300,
        "customers": 300
    },
    "times": {
        "total_time in s": 3600.07,
        "model_building_time in s": 18.29,
        "model_solving_time in s": 3581.78
    },
    "nodes": {
        "total": 523.0
    },
    "solution": {
        "LB": 2926.5517,
        "UB": 3531.2563,
        "gap in %": 0.17,
        "incumbent": [
            10,
            19,
            74,
            89,
            103,
            107,
            113,
            122,
            148,
            205,
            245,
            262,
            288
        ],
        "memory in MB": 3950.04
    },
    "bounds": {
        "lower_bounds": [
            [
                0.0,
                48.021727085113525
            ],
            [
                2858.8330341769138,
                319.0961821079254
            ],
            [
                2867.945498862718,
                606.1319561004639
            ],
            [
                2870.0602065457824,
                842.1154298782349
            ],
            [
                2870.305977401718,
                853.57386302948
            ],
            [
                2870.564502425283,
                1511.0486090183258
            ],
            [
                2870.755071497833,
                1513.2118771076202
            ],
            [
                2870.78644234267,
                1514.0218250751495
            ],
            [
                2870.7870675440204,
                1514.4599599838257
            ],
            [
                2870.7873331851565,
                1523.2431240081787
            ],
            [
                2870.795636911122,
                1528.2373778820038
            ],
            [
                2871.17047233256,
                1532.9546899795532
            ],
            [
                2871.1707557172094,
                1534.0793719291687
            ],
            [
                2871.172228130926,
                1534.2585599422455
            ],
            [
                2871.173793147513,
                1541.5062251091003
            ],
            [
                2871.1740790187782,
                1542.213977098465
            ],
            [
                2871.1754109287826,
                1628.3668899536133
            ],
            [
                2873.8509835030745,
                1667.8600780963898
            ],
            [
                2873.851220715101,
                1690.1510820388794
            ],
            [
                2885.169135010731,
                1695.281054019928
            ],
            [
                2885.207196337496,
                1725.5831298828125
            ],
            [
                2889.098069132417,
                1734.3838739395142
            ],
            [
                2889.108510939464,
                1762.0995199680328
            ],
            [
                2892.960596111731,
                1763.138869047165
            ],
            [
                2893.0465523696043,
                2374.511143922806
            ],
            [
                2894.4947595300087,
                2687.6500079631805
            ],
            [
                2894.7385406481644,
                2860.1921598911285
            ],
            [
                2915.792275328781,
                3049.7617869377136
            ],
            [
                2915.8364217120165,
                3099.755488872528
            ],
            [
                2918.9767136964556,
                3253.9973669052124
            ],
            [
                2919.111189730754,
                3409.466854095459
            ],
            [
                2926.551716542376,
                3519.4363119602203
            ]
        ],
        "upper_bounds": [
            [
                52033.36040062679,
                51.00114989280701
            ],
            [
                52021.7682521676,
                51.52805995941162
            ],
            [
                3993.274287423899,
                319.40336203575134
            ],
            [
                3975.3640489025584,
                345.56256794929504
            ],
            [
                3824.012604069898,
                692.4818110466003
            ],
            [
                3693.0310245092705,
                2780.76651597023
            ],
            [
                3560.0687841530876,
                3159.861603975296
            ],
            [
                3531.2562696507903,
                3475.552864074707
            ]
        ]
    }
}