{"input parameters": ["17", "0", "700", "X", "700_700", "no_Lagrangian"], "instance": {"facilities": 700, "customers": 700}, "times": {"total_time in s": 3941.69, "initialisation_time in s": 1816.34, "node_selection_time in s": 0.01, "implied_demands_time in s": 1727.77, "bounds_time in s": 19.84, "variable_selection in s": 298.37, "greedy_heuristics_time in s": 76.27, "other_time in s": 3.09}, "nodes": {"total": 7, "pruned": 0, "infeasible": 0, "finished": 0}, "solution": {"LB": 5346.7102, "UB": 8081.5548, "gap in %": 33.84, "incumbent": [16, 34, 38, 44, 51, 54, 64, 75, 111, 119, 128, 153, 160, 234, 265, 320, 324, 349, 363, 366, 380, 389, 411, 459, 462, 524, 615, 677, 686, 695], "memory in MB": 596.64}, "bounds": {"lower_bounds": [[5336.153, 1816.34], [5337.273, 2719.2, "combined_combinatorial"], [5346.710205604002, 3566.59, "combined_combinatorial"]], "upper_bounds": [[8081.5548313204445, 1816.34]]}}