{"input parameters": ["17", "0", "300", "X", "300_300", "no_Lagrangian"], "instance": {"facilities": 300, "customers": 300}, "times": {"total_time in s": 3619.06, "initialisation_time in s": 62.29, "node_selection_time in s": 0.13, "implied_demands_time in s": 2398.57, "bounds_time in s": 133.1, "variable_selection in s": 748.88, "greedy_heuristics_time in s": 255.86, "other_time in s": 20.24}, "nodes": {"total": 162, "pruned": 10, "infeasible": 0, "finished": 0}, "solution": {"LB": 2706.5558, "UB": 3582.7127, "gap in %": 24.46, "incumbent": [10, 19, 74, 89, 103, 107, 113, 122, 148, 150, 205, 245, 262], "memory in MB": 941.69}, "bounds": {"lower_bounds": [[2651.813, 62.29], [2653.976, 276.18, "combined_combinatorial"], [2654.27, 416.27, "combined_combinatorial"], [2654.789, 450.83, "combined_combinatorial"], [2654.881, 518.02, "combined_combinatorial"], [2655.122, 615.85, "combined_combinatorial"], [2655.383, 680.52, "combined_combinatorial"], [2656.976, 744.69, "combined_combinatorial"], [2657.244, 1503.22, "combined_combinatorial"], [2660.198725319052, 1523.49, "combined_combinatorial"], [2660.459725319052, 1622.55, "combined_combinatorial"], [2663.5476632189525, 1680.77, "combined_combinatorial"], [2663.675663218952, 1700.03, "combined_combinatorial"], [2663.689219483835, 1718.96, "combined_combinatorial"], [2685.759639085271, 1736.29, "combined_combinatorial"], [2686.3316390852706, 1753.33, "combined_combinatorial"], [2690.243639085271, 1867.01, "combined_combinatorial"], [2691.4256390852706, 1913.68, "combined_combinatorial"], [2692.3675680977562, 2016.45, "combined_combinatorial"], [2692.5915680977564, 2044.59, "combined_combinatorial"], [2692.647219483835, 2118.14, "combined_combinatorial"], [2693.6482194838354, 2312.63, "combined_combinatorial"], [2695.7965680977563, 2326.28, "combined_combinatorial"], [2695.8965680977562, 2339.6, "combined_combinatorial"], [2697.0182194838353, 2395.69, "combined_combinatorial"], [2697.114568097756, 2611.74, "combined_combinatorial"], [2699.5685680977563, 2686.59, "combined_combinatorial"], [2700.166568097756, 2757.78, "combined_combinatorial"], [2700.1785680977564, 2768.86, "combined_combinatorial"], [2700.574568097756, 2779.58, "combined_combinatorial"], [2705.7075265870517, 2825.65, "combined_combinatorial"], [2706.2617834146804, 2857.41, "combined_combinatorial"], [2706.5557834146803, 3012.39, "combined_combinatorial"]], "upper_bounds": [[3943.5207556778373, 62.29]]}}