{"input parameters": ["17", "0", "1000", "X", "1000_1000", "Lagrangian"], "instance": {"facilities": 1000, "customers": 1000}, "times": {"total_time in s": 87218.36, "initialisation_time in s": 7676.89, "node_selection_time in s": 0.24, "implied_demands_time in s": 42126.76, "bounds_time in s": 28647.06, "variable_selection in s": 6799.24, "greedy_heuristics_time in s": 1913.57, "other_time in s": 54.59}, "nodes": {"total": 47, "pruned": 0, "infeasible": 0, "finished": 0}, "solution": {"LB": 7542.6051, "UB": 12037.6064, "gap in %": 37.34, "incumbent": [3, 9, 52, 61, 100, 103, 145, 153, 225, 247, 253, 278, 284, 299, 307, 336, 342, 362, 432, 468, 485, 489, 493, 575, 585, 588, 609, 613, 626, 629, 655, 659, 667, 719, 735, 746, 751, 764, 770, 881, 883, 897, 919, 922, 954], "memory in MB": 3722.88}, "bounds": {"lower_bounds": [[7495.168, 7676.89], [7495.258, 21264.3, "combined_combinatorial"], [7495.285, 23129.85, "combined_combinatorial"], [7539.494, 28716.73, "combined_combinatorial"], [7539.556, 36369.44, "combined_combinatorial"], [7539.726, 59975.46, "combined_combinatorial"], [7542.6034124978605, 84313.9, "combined_combinatorial"], [7542.6051095281655, 85798.3, "combined_combinatorial"]], "upper_bounds": [[12037.606374182718, 7676.89]]}}