{"input parameters": ["17", "0", "300", "X", "300_300", "Lagrangian"], "instance": {"facilities": 300, "customers": 300}, "times": {"total_time in s": 3627.08, "initialisation_time in s": 73.1, "node_selection_time in s": 0.07, "implied_demands_time in s": 1230.94, "bounds_time in s": 1816.27, "variable_selection in s": 375.59, "greedy_heuristics_time in s": 121.77, "other_time in s": 9.33}, "nodes": {"total": 90, "pruned": 2, "infeasible": 0, "finished": 0}, "solution": {"LB": 2692.6472, "UB": 3582.7127, "gap in %": 24.84, "incumbent": [10, 19, 74, 89, 103, 107, 113, 122, 148, 150, 205, 245, 262], "memory in MB": 617.0}, "bounds": {"lower_bounds": [[2651.813, 73.1], [2653.976, 454.68, "combined_combinatorial"], [2654.27, 703.46, "combined_combinatorial"], [2654.789, 762.7, "combined_combinatorial"], [2654.881, 873.94, "combined_combinatorial"], [2655.122, 1035.01, "combined_combinatorial"], [2655.383, 1140.51, "combined_combinatorial"], [2656.976, 1244.62, "combined_combinatorial"], [2657.244, 2451.56, "combined_combinatorial"], [2660.198725319052, 2485.95, "combined_combinatorial"], [2660.459725319052, 2654.14, "combined_combinatorial"], [2663.5476632189525, 2751.79, "combined_combinatorial"], [2663.675663218952, 2784.27, "combined_combinatorial"], [2663.689219483835, 2816.05, "combined_combinatorial"], [2685.759639085271, 2845.41, "combined_combinatorial"], [2686.3316390852706, 2874.69, "combined_combinatorial"], [2690.243639085271, 3069.0, "combined_combinatorial"], [2691.4256390852706, 3147.41, "combined_combinatorial"], [2692.3675680977562, 3318.69, "combined_combinatorial"], [2692.5915680977564, 3363.85, "combined_combinatorial"], [2692.647219483835, 3481.51, "combined_combinatorial"]], "upper_bounds": [[3834.6525905685885, 73.1]]}}