{"input parameters": ["17", "0", "500", "X", "500_500", "no_Lagrangian"], "instance": {"facilities": 500, "customers": 500}, "times": {"total_time in s": 3678.84, "initialisation_time in s": 489.32, "node_selection_time in s": 0.03, "implied_demands_time in s": 2510.35, "bounds_time in s": 42.17, "variable_selection in s": 481.61, "greedy_heuristics_time in s": 148.49, "other_time in s": 6.87}, "nodes": {"total": 25, "pruned": 0, "infeasible": 0, "finished": 0}, "solution": {"LB": 4001.4048, "UB": 5914.2722, "gap in %": 32.34, "incumbent": [9, 11, 21, 65, 66, 72, 94, 95, 162, 187, 220, 227, 228, 280, 318, 365, 380, 421, 433, 440, 468, 484], "memory in MB": 767.82}, "bounds": {"lower_bounds": [[3987.178, 489.32], [4000.0914950411543, 3338.02, "combined_combinatorial"], [4001.3557687151374, 3454.02, "combined_combinatorial"], [4001.40478122331, 3569.8, "combined_combinatorial"]], "upper_bounds": [[6189.583727070551, 489.32]]}}