{"input parameters": ["17", "1", "300", "X", "300_300", "no_Lagrangian"], "instance": {"facilities": 300, "customers": 300}, "times": {"total_time in s": 3602.16, "initialisation_time in s": 70.74, "node_selection_time in s": 0.08, "implied_demands_time in s": 2541.87, "bounds_time in s": 138.54, "variable_selection in s": 613.36, "greedy_heuristics_time in s": 225.74, "other_time in s": 11.83}, "nodes": {"total": 112, "pruned": 0, "infeasible": 0, "finished": 0}, "solution": {"LB": 2893.6495, "UB": 4441.0377, "gap in %": 34.84, "incumbent": [10, 15, 19, 74, 107, 113, 122, 150, 196, 202, 245, 262, 266], "memory in MB": 519.08}, "bounds": {"lower_bounds": [[2670.249, 70.74], [2671.913, 205.18, "combined_combinatorial"], [2722.531, 469.67, "combined_combinatorial"], [2796.253, 1042.91, "combined_combinatorial"], [2796.715, 1165.97, "combined_combinatorial"], [2816.244, 1348.53, "combined_combinatorial"], [2817.633, 1468.02, "combined_combinatorial"], [2822.5614960000003, 2016.36, "combined_combinatorial"], [2824.899496, 2040.8, "combined_combinatorial"], [2825.2294960000004, 2113.95, "combined_combinatorial"], [2845.527465, 2187.76, "combined_combinatorial"], [2848.1324649999997, 2266.67, "combined_combinatorial"], [2848.4124650000003, 2368.79, "combined_combinatorial"], [2848.799465, 2493.78, "combined_combinatorial"], [2849.008465, 2542.79, "combined_combinatorial"], [2849.0384649999996, 2710.01, "combined_combinatorial"], [2881.170465, 3026.81, "combined_combinatorial"], [2881.3604649999997, 3070.03, "combined_combinatorial"], [2881.378465, 3091.37, "combined_combinatorial"], [2881.571465, 3112.77, "combined_combinatorial"], [2891.651961, 3127.96, "combined_combinatorial"], [2893.406961, 3142.9, "combined_combinatorial"], [2893.649496, 3533.16, "combined_combinatorial"]], "upper_bounds": [[4849.146103, 70.74]]}}