{
    "input parameters": [
        "17",
        "1",
        "300",
        "X",
        "300_300",
        "no_preprocessing"
    ],
    "instance": {
        "facilities": 300,
        "customers": 300
    },
    "times": {
        "total_time in s": 3600.09,
        "model_building_time in s": 18.41,
        "model_solving_time in s": 3581.68
    },
    "nodes": {
        "total": 31.0
    },
    "solution": {
        "LB": 3454.5882,
        "UB": 4103.9219,
        "gap in %": 0.16,
        "incumbent": [
            1,
            10,
            15,
            19,
            74,
            107,
            112,
            119,
            122,
            196,
            237,
            245,
            262
        ],
        "memory in MB": 4416.35
    },
    "bounds": {
        "lower_bounds": [
            [
                0.0,
                48.941911935806274
            ],
            [
                3368.2915006311155,
                504.62080907821655
            ],
            [
                3377.820696844212,
                931.8541309833527
            ],
            [
                3377.8376998530152,
                939.4972779750824
            ],
            [
                3377.850968200933,
                941.1770601272583
            ],
            [
                3377.8793028424802,
                947.1537160873413
            ],
            [
                3377.8798846576888,
                948.2368800640106
            ],
            [
                3379.562016620605,
                1134.7552909851074
            ],
            [
                3380.108778066302,
                1150.6522769927979
            ],
            [
                3381.880188893391,
                1256.0846540927887
            ],
            [
                3381.907862728838,
                1266.4906859397888
            ],
            [
                3381.9215617776226,
                1269.1632959842682
            ],
            [
                3381.922922739643,
                1270.591871023178
            ],
            [
                3382.6350788960135,
                1333.4991121292114
            ],
            [
                3382.640811769769,
                1341.9869151115417
            ],
            [
                3382.6437849241493,
                1343.521320104599
            ],
            [
                3383.44547967473,
                1386.3890919685364
            ],
            [
                3383.45895124801,
                1396.9462890625
            ],
            [
                3383.462641617439,
                1400.0725419521332
            ],
            [
                3383.4630259313913,
                1401.0204401016235
            ],
            [
                3383.7104206325043,
                1427.9014840126038
            ],
            [
                3383.7105343577236,
                1432.9620449543
            ],
            [
                3384.1941699017348,
                1460.4284150600433
            ],
            [
                3384.1998032369347,
                1469.5073668956757
            ],
            [
                3384.587711037505,
                1492.9068639278412
            ],
            [
                3384.6567536516086,
                1499.0401079654694
            ],
            [
                3384.659220241822,
                1500.3997750282288
            ],
            [
                3384.9187447681525,
                1524.072056055069
            ],
            [
                3384.933252196954,
                1531.4990680217743
            ],
            [
                3385.2489146122257,
                1552.0369770526886
            ],
            [
                3385.3079028354864,
                1559.7485139369965
            ],
            [
                3385.32069647295,
                1561.709265947342
            ],
            [
                3385.5364484567576,
                1591.1483190059662
            ],
            [
                3385.5697623716674,
                1599.9225490093231
            ],
            [
                3385.771305185879,
                1627.8948369026184
            ],
            [
                3385.79312171876,
                1641.472934961319
            ],
            [
                3385.797926209007,
                1643.3536970615387
            ],
            [
                3386.645923952141,
                1671.2243978977203
            ],
            [
                3386.7510715122853,
                1684.0481050014496
            ],
            [
                3386.8161842806076,
                1685.807114124298
            ],
            [
                3386.822392811582,
                1687.2138559818268
            ],
            [
                3387.204933162497,
                1717.2031819820404
            ],
            [
                3387.2120555650185,
                1723.6617860794067
            ],
            [
                3387.269406965125,
                1748.2985639572144
            ],
            [
                3387.3448021796457,
                1756.9368081092834
            ],
            [
                3387.3644980233125,
                1759.1286029815674
            ],
            [
                3387.36510381652,
                1760.1198370456696
            ],
            [
                3388.323716092374,
                1781.1499099731445
            ],
            [
                3388.3978761576964,
                1822.230143070221
            ],
            [
                3388.410810024313,
                1823.9101870059967
            ],
            [
                3388.497080625095,
                1843.746122121811
            ],
            [
                3388.5135710391955,
                1855.117700099945
            ],
            [
                3388.5136538663705,
                1856.3122789859772
            ],
            [
                3388.7538621437507,
                1897.8587639331818
            ],
            [
                3388.7561831770913,
                1900.9295320510864
            ],
            [
                3388.756700343844,
                1902.2023730278015
            ],
            [
                3388.7752752403126,
                1928.494590997696
            ],
            [
                3388.777974012484,
                1941.130716085434
            ],
            [
                3388.802349106376,
                1955.2000489234924
            ],
            [
                3388.9249306646475,
                1961.462345123291
            ],
            [
                3388.925238168858,
                1962.6842670440674
            ],
            [
                3389.0489151702045,
                1978.6459500789642
            ],
            [
                3389.0549143947514,
                1994.4976959228516
            ],
            [
                3389.469665963902,
                2010.6673440933228
            ],
            [
                3389.480796646232,
                2014.2935359477997
            ],
            [
                3389.483813283727,
                2015.7293939590454
            ],
            [
                3389.4839697079674,
                2016.985533952713
            ],
            [
                3389.717048003276,
                2042.3775780200958
            ],
            [
                3389.722554700346,
                2057.5442159175873
            ],
            [
                3389.9898708294954,
                2098.498059988022
            ],
            [
                3390.002165480704,
                2101.7045500278473
            ],
            [
                3390.0024208888162,
                2102.921893119812
            ],
            [
                3390.1760280340977,
