{
    "input parameters": [
        "17",
        "1",
        "300",
        "X",
        "300_300",
        "preprocessing"
    ],
    "instance": {
        "facilities": 300,
        "customers": 300
    },
    "times": {
        "total_time in s": 3600.13,
        "model_building_time in s": 61.0,
        "model_solving_time in s": 3539.13
    },
    "nodes": {
        "total": 100.0
    },
    "solution": {
        "LB": 3420.0521,
        "UB": 4103.9219,
        "gap in %": 0.17,
        "incumbent": [
            1,
            10,
            15,
            19,
            74,
            107,
            112,
            119,
            122,
            196,
            237,
            245,
            262
        ],
        "memory in MB": 3456.65
    },
    "bounds": {
        "lower_bounds": [
            [
                0.0,
                63.13994288444519
            ],
            [
                3370.9651234113353,
                468.26917004585266
            ],
            [
                3378.3247489147216,
                825.2707569599152
            ],
            [
                3379.6973296804535,
                958.9053130149841
            ],
            [
                3379.8168564076886,
                964.961128950119
            ],
            [
                3379.9386801619607,
                968.0086460113525
            ],
            [
                3380.0272716607287,
                972.2488729953766
            ],
            [
                3380.0301628784523,
                973.2303838729858
            ],
            [
                3381.7129790147947,
                1025.994871854782
            ],
            [
                3381.7898706408273,
                1088.8452758789062
            ],
            [
                3381.7907118744956,
                1090.3995740413666
            ],
            [
                3383.7752769381736,
                1147.1276478767395
            ],
            [
                3383.7879905494433,
                1152.5252809524536
            ],
            [
                3384.3695057764635,
                1229.283942937851
            ],
            [
                3384.3807678665567,
                1294.3977499008179
            ],
            [
                3384.969060138447,
                1324.4217278957367
            ],
            [
                3385.378093162308,
                1395.9287140369415
            ],
            [
                3385.443791836026,
                1402.0524439811707
            ],
            [
                3385.444286600844,
                1403.2059860229492
            ],
            [
                3385.520101659837,
                1426.9532239437103
            ],
            [
                3385.7247097132386,
                1447.5849540233612
            ],
            [
                3385.7394095200098,
                1451.4696490764618
            ],
            [
                3385.741724301467,
                1452.6949880123138
            ],
            [
                3385.9158498906913,
                1466.0817649364471
            ],
            [
                3385.917227120557,
                1471.412316083908
            ],
            [
                3385.9556892296614,
                1483.9590330123901
            ],
            [
                3385.955877292909,
                1486.39870095253
            ],
            [
                3385.989100628266,
                1497.5779728889465
            ],
            [
                3386.0000207170933,
                1511.3458919525146
            ],
            [
                3386.029065595216,
                1513.9580409526825
            ],
            [
                3386.2866004341045,
                1524.3835489749908
            ],
            [
                3386.2910020944805,
                1534.7416110038757
            ],
            [
                3386.586190162704,
                1545.94686794281
            ],
            [
                3386.5913619899675,
                1548.8360829353333
            ],
            [
                3386.59318118272,
                1562.7415080070496
            ],
            [
                3386.59555291133,
                1563.7187550067902
            ],
            [
                3392.346831290778,
                1669.3868498802185
            ],
            [
                3399.982848747055,
                1843.4873988628387
            ],
            [
                3400.0077000316905,
                1936.4993739128113
            ],
            [
                3410.661418641041,
                1968.4070980548859
            ],
            [
                3410.70474559059,
                2083.7310240268707
            ],
            [
                3419.0021478738176,
                2093.1414320468903
            ],
            [
                3419.1801585272433,
                2113.5812780857086
            ],
            [
                3420.052074856561,
                2116.1172139644623
            ]
        ],
        "upper_bounds": [
            [
                53622.292574,
                66.19807696342468
            ],
            [
                6109.15708,
                468.50384187698364
            ],
            [
                5108.9203099999995,
                472.7715320587158
            ],
            [
                4552.832591,
                475.1313328742981
            ],
            [
                4434.598834,
                961.0983459949493
            ],
            [
                4431.640411,
                1329.7915110588074
            ],
            [
                4428.456366,
                1533.8147659301758
            ],
            [
                4137.757315000001,
                1641.4384698867798
            ],
            [
                4103.921885,
                1669.1377320289612
            ]
        ]
    }
}