{
    "input parameters": [
        "18",
        "0",
        "300",
        "X",
        "300_300",
        "no_preprocessing"
    ],
    "instance": {
        "facilities": 300,
        "customers": 300
    },
    "times": {
        "total_time in s": 3600.08,
        "model_building_time in s": 19.22,
        "model_solving_time in s": 3580.86
    },
    "nodes": {
        "total": 602.0
    },
    "solution": {
        "LB": 2794.9009,
        "UB": 3260.877,
        "gap in %": 0.14,
        "incumbent": [
            8,
            56,
            76,
            95,
            96,
            138,
            146,
            157,
            171,
            193,
            195,
            197,
            202,
            221
        ],
        "memory in MB": 3470.46
    },
    "bounds": {
        "lower_bounds": [
            [
                0.0,
                74.83713293075562
            ],
            [
                2683.3315686255246,
                358.2786419391632
            ],
            [
                2689.8346314759374,
                665.7857818603516
            ],
            [
                2692.631128468333,
                782.5132298469543
            ],
            [
                2693.748482042011,
                800.2964868545532
            ],
            [
                2693.8328496291406,
                802.0400350093842
            ],
            [
                2698.312171172037,
                864.2105658054352
            ],
            [
                2698.6072417539403,
                871.833144903183
            ],
            [
                2698.7518335269324,
                874.466835975647
            ],
            [
                2698.7763758351825,
                877.2692120075226
            ],
            [
                2699.446785894446,
                888.2723219394684
            ],
            [
                2699.7935210871747,
                894.5513188838959
            ],
            [
                2699.837192538661,
                896.216197013855
            ],
            [
                2700.1308297590417,
                922.2556719779968
            ],
            [
                2700.138978274471,
                925.3053369522095
            ],
            [
                2700.140393524452,
                926.9292500019073
            ],
            [
                2705.229501351325,
                948.8090448379517
            ],
            [
                2705.520010853437,
                953.7989099025726
            ],
            [
                2706.5551280279933,
                965.7847118377686
            ],
            [
                2706.625201326441,
                968.9656879901886
            ],
            [
                2706.6312533840974,
                970.2587559223175
            ],
            [
                2706.9982426459537,
                1271.990399837494
            ],
            [
                2707.217927854161,
                1277.7538998126984
            ],
            [
                2707.3470093084356,
                1279.5872678756714
            ],
            [
                2707.351438138386,
                1281.80424284935
            ],
            [
                2707.3518454552227,
                1282.8859949111938
            ],
            [
                2707.8928944338027,
                1297.1990189552307
            ],
            [
                2707.906411734564,
                1316.15372300148
            ],
            [
                2707.9206738686835,
                1317.599485874176
            ],
            [
                2707.922196262746,
                1318.687933921814
            ],
            [
                2708.203294292255,
                1324.138923883438
            ],
            [
                2708.2268818687203,
                1327.7684547901154
            ],
            [
                2708.2337730648605,
                1329.05810880661
            ],
            [
                2708.23463056169,
                1330.0986108779907
            ],
            [
                2708.752072919793,
                1335.4008629322052
            ],
            [
                2708.7841956632087,
                1348.135163784027
            ],
            [
                2708.7851833555324,
                1349.446175813675
            ],
            [
                2709.009543365737,
                1352.0051629543304
            ],
            [
                2709.0120394250425,
                1358.9114530086517
            ],
            [
                2709.0121126002246,
                1360.91104388237
            ],
            [
                2709.3295626806485,
                1364.5827729701996
            ],
            [
                2709.8410276424065,
                1794.7943499088287
            ],
            [
                2709.842055621647,
                1795.304664850235
            ],
            [
                2709.8563274597814,
                1795.6956939697266
            ],
            [
                2709.8626871132983,
                1803.1432349681854
            ],
            [
                2712.790267003296,
                1824.375818014145
            ],
            [
                2715.348094864908,
                1880.797219991684
            ],
            [
                2715.3660807191923,
                1889.4209978580475
            ],
            [
                2739.121833946858,
                1906.9850549697876
            ],
            [
                2739.1388298470947,
                1912.8697838783264
            ],
            [
                2750.141925454692,
                1923.1054909229279
            ],
            [
                2750.1436004327074,
                2094.3408467769623
            ],
            [
                2754.03873264159,
                2183.6607189178467
            ],
            [
                2754.0977055318053,
                2261.157387971878
            ],
            [
                2762.130920589328,
                2336.0478048324585
            ],
            [
                2762.1911087126196,
                2498.9454708099365
            ],
            [
                2765.0443000332843,
                2548.3878269195557
            ],
            [
                2766.856547390399,
                2597.5580339431763
            ],
            [
                2774.70013950839,
                2678.8066878318787
            ],
            [
                2784.525518000212,
                2746.1516139507294
            ],
            [
                2784.649723051113,
                2858.217507839203
            ],
            [
                2789.3347576886526,
                2922.7486159801483
            ],
            [
                2789.6365384725837,
                2980.001585960388
            ],
            [
                2794.6884726982535,
                3013.760185956955
            ],
            [
                2794.9009464624587,
                3116.0555448532104
            ]
        ],
        "upper_bounds": [
            [
                40168.24998870497,
                78.66817688941956
            ],
            [
                3618.727066876112,
                358.58900690078735
            ],
            [
                3612.4707042297377,
                756.1116309165955
            ],
            [
                3557.1862200014752,
                785.997612953186
            ],
            [
                3349.023923087673,
                891.4368369579315
            ],
            [
                3260.8769580250155,
                951.3174769878387
            ]
        ]
    }
}