{"input parameters": ["18", "0", "300", "X", "300_300", "Lagrangian"], "instance": {"facilities": 300, "customers": 300}, "times": {"total_time in s": 3607.93, "initialisation_time in s": 74.96, "node_selection_time in s": 0.07, "implied_demands_time in s": 1170.49, "bounds_time in s": 1873.67, "variable_selection in s": 379.14, "greedy_heuristics_time in s": 99.5, "other_time in s": 10.1}, "nodes": {"total": 100, "pruned": 9, "infeasible": 0, "finished": 0}, "solution": {"LB": 2574.1881, "UB": 3381.7234, "gap in %": 23.88, "incumbent": [8, 76, 80, 95, 96, 138, 146, 157, 171, 193, 195, 197, 202, 221], "memory in MB": 622.09}, "bounds": {"lower_bounds": [[2543.802, 74.96], [2543.818, 772.14, "combined_combinatorial"], [2543.935342005381, 2070.17, "combined_combinatorial"], [2545.058342005381, 2248.74, "combined_combinatorial"], [2547.239357391161, 2476.22, "combined_combinatorial"], [2547.978357391161, 2504.75, "combined_combinatorial"], [2548.0229155996876, 2532.78, "combined_combinatorial"], [2548.4447792083793, 2558.64, "combined_combinatorial"], [2548.8077792083795, 2584.43, "combined_combinatorial"], [2549.6274117963967, 2635.2, "combined_combinatorial"], [2571.375342005381, 3220.79, "combined_combinatorial"], [2572.634342005381, 3283.18, "combined_combinatorial"], [2573.0562056140734, 3310.48, "combined_combinatorial"], [2573.439205614073, 3337.35, "combined_combinatorial"], [2573.523205614073, 3364.04, "combined_combinatorial"], [2574.165838202091, 3389.95, "combined_combinatorial"], [2574.1881226316877, 3467.0, "combined_combinatorial"]], "upper_bounds": [[3381.7233962060627, 74.96]]}}