{
    "input parameters": [
        "18",
        "0",
        "300",
        "X",
        "300_300",
        "preprocessing"
    ],
    "instance": {
        "facilities": 300,
        "customers": 300
    },
    "times": {
        "total_time in s": 3600.03,
        "model_building_time in s": 56.51,
        "model_solving_time in s": 3543.52
    },
    "nodes": {
        "total": 4649.0
    },
    "solution": {
        "LB": 2855.4417,
        "UB": 3260.877,
        "gap in %": 0.12,
        "incumbent": [
            8,
            56,
            76,
            95,
            96,
            138,
            146,
            157,
            171,
            193,
            195,
            197,
            202,
            221
        ],
        "memory in MB": 1736.78
    },
    "bounds": {
        "lower_bounds": [
            [
                0.0,
                24.312833070755005
            ],
            [
                2683.331568625525,
                126.5267870426178
            ],
            [
                2686.17413289356,
                138.3469729423523
            ],
            [
                2686.188340754238,
                143.83194708824158
            ],
            [
                2686.7425981493575,
                145.2581570148468
            ],
            [
                2686.780488985625,
                148.83601117134094
            ],
            [
                2691.1424271652713,
                153.18068408966064
            ],
            [
                2691.1452545296625,
                156.30671215057373
            ],
            [
                2694.4647406364024,
                160.36980509757996
            ],
            [
                2694.4787296493846,
                160.91753816604614
            ],
            [
                2694.507433375208,
                161.42614102363586
            ],
            [
                2694.508227075653,
                161.6362500190735
            ],
            [
                2695.0519984346474,
                164.09930205345154
            ],
            [
                2695.0835742579434,
                164.57075595855713
            ],
            [
                2695.3056833575565,
                166.07638907432556
            ],
            [
                2695.316327948588,
                166.66797995567322
            ],
            [
                2696.2488119925943,
                167.99960112571716
            ],
            [
                2696.5190512304753,
                168.57901906967163
            ],
            [
                2696.5515386026923,
                171.10366106033325
            ],
            [
                2697.1638773459467,
                197.8791799545288
            ],
            [
                2702.4047785005105,
                217.29206204414368
            ],
            [
                2702.4079570073927,
                222.06018614768982
            ],
            [
                2708.05138199816,
                223.852530002594
            ],
            [
                2708.2648207072034,
                230.5787889957428
            ],
            [
                2711.4082123901385,
                231.16483998298645
            ],
            [
                2711.417261269926,
                441.29969096183777
            ],
            [
                2712.073624744906,
                493.0807011127472
            ],
            [
                2722.3034650444247,
                533.8126690387726
            ],
            [
                2722.3396916978227,
                561.5870571136475
            ],
            [
                2722.3474438739304,
                601.6735939979553
            ],
            [
                2731.3136544990543,
                646.4416980743408
            ],
            [
                2753.155453716821,
                707.5586559772491
            ],
            [
                2753.311357611956,
                755.1816880702972
            ],
            [
                2758.4899986595337,
                790.6454541683197
            ],
            [
                2760.0759204939623,
                827.7718811035156
            ],
            [
                2760.083984231986,
                1272.179291009903
            ],
            [
                2760.562091571517,
                1734.9816491603851
            ],
            [
                2762.8657900228923,
                1751.909091949463
            ],
            [
                2762.8904179514197,
                1782.7994940280914
            ],
            [
                2768.846648235883,
                1813.2658801078796
            ],
            [
                2774.639520510003,
                1841.1440501213074
            ],
            [
                2776.0735347524583,
                1856.9602391719818
            ],
            [
                2776.186656201222,
                1878.5352931022644
            ],
            [
                2776.8262347316513,
                1901.029109954834
            ],
            [
                2776.9822063391944,
                1938.39679312706
            ],
            [
                2776.9852673305554,
                1982.6517791748047
            ],
            [
                2788.016233313331,
                2010.4279861450195
            ],
            [
                2789.510020896441,
                2035.812735080719
            ],
            [
                2789.559884341363,
                2063.3514461517334
            ],
            [
                2791.1579560140917,
                2078.7228541374207
            ],
            [
                2791.43976555586,
                2097.5668909549713
            ],
            [
                2791.4680494516792,
                2112.9736609458923
            ],
            [
                2791.6026947259356,
                2127.3215680122375
            ],
            [
                2793.380564163062,
                2136.4270100593567
            ],
            [
                2795.7979750663544,
                2160.2962231636047
            ],
            [
                2795.8015607164275,
                2188.8518450260162
            ],
            [
                2797.78209375759,
                2200.1226840019226
            ],
            [
                2797.7953746435737,
                2215.2597301006317
            ],
            [
                2798.683478480165,
                2246.315150976181
            ],
            [
                2799.683828670691,
                2257.0656180381775
            ],
            [
                2803.905565224309,
                2274.2299399375916
            ],
            [
                2804.981731019211,
                2297.5839550495148
            ],
            [
                2805.176916838786,
                2316.6278059482574
            ],
            [
                2805.280937057348,
                2334.5111091136932
            ],
            [
                2805.89172233853,
                2352.4318170547485
            ],
            [
                2806.140358229732,
                2361.174378156662
            ],
            [
                2806.3619953829866,
                2369.7252621650696
            ],
            [
                2807.3524036907065,
                2385.6289501190186
            ],
            [
                2812.4633568601753,
                2412.378858089447
            ],
            [
                2812.4855446748224,
                2432.0441291332245
            ],
            [
                2813.5164405242454,
                2441.1465849876404
            ],
            [
                2814.9840819951833,
                2455.090844154358
            ],
            [
