{
    "input parameters": [
        "18",
        "0",
        "500",
        "X",
        "500_500",
        "preprocessing"
    ],
    "instance": {
        "facilities": 500,
        "customers": 500
    },
    "times": {
        "total_time in s": 3600.07,
        "model_building_time in s": 532.85,
        "model_solving_time in s": 3067.22
    },
    "nodes": {
        "total": 29.0
    },
    "solution": {
        "LB": 4471.1038,
        "UB": 5578.7654,
        "gap in %": 0.2,
        "incumbent": [
            8,
            25,
            39,
            46,
            52,
            61,
            77,
            79,
            142,
            197,
            205,
            207,
            291,
            309,
            324,
            344,
            365,
            371,
            376,
            413,
            427
        ],
        "memory in MB": 3662.84
    },
    "bounds": {
        "lower_bounds": [
            [
                0.0,
                72.32042694091797
            ],
            [
                4419.4436629205975,
                624.6915440559387
            ],
            [
                4434.819733666614,
                1173.4290409088135
            ],
            [
                4434.900628188506,
                1206.5716650485992
            ],
            [
                4434.989175634133,
                1208.7017588615417
            ],
            [
                4435.000121685709,
                1209.9098708629608
            ],
            [
                4436.5008731615435,
                1373.4705209732056
            ],
            [
                4436.721560995707,
                1379.1366510391235
            ],
            [
                4436.83851347407,
                1383.452518939972
            ],
            [
                4436.848546251498,
                1385.201987028122
            ],
            [
                4436.871370662694,
                1386.3340389728546
            ],
            [
                4436.879097177802,
                1387.1692249774933
            ],
            [
                4436.881782684129,
                1388.1605088710785
            ],
            [
                4436.886593375429,
                1391.126767873764
            ],
            [
                4436.886757336465,
                1392.0840940475464
            ],
            [
                4439.58953143855,
                1474.9759368896484
            ],
            [
                4440.0568364847695,
                1517.261085987091
            ],
            [
                4440.123361931921,
                1520.8841650485992
            ],
            [
                4440.124216982333,
                1522.1833708286285
            ],
            [
                4443.1095732924705,
                1612.5958259105682
            ],
            [
                4443.421566185644,
                1623.365180015564
            ],
            [
                4443.462155442498,
                1625.7101819515228
            ],
            [
                4443.471482508299,
                1627.1310288906097
            ],
            [
                4443.471523466732,
                1628.0655789375305
            ],
            [
                4444.278407489576,
                1707.9465458393097
            ],
            [
                4444.578321286853,
                1757.0882399082184
            ],
            [
                4444.661173982287,
                1758.9108529090881
            ],
            [
                4444.691364740876,
                1760.310189962387
            ],
            [
                4444.701309692453,
                1761.7000288963318
            ],
            [
                4444.743760618843,
                1763.4276139736176
            ],
            [
                4444.760811913944,
                1764.6202628612518
            ],
            [
                4444.76682245083,
                1766.0205130577087
            ],
            [
                4444.770872514322,
                1767.2201540470123
            ],
            [
                4444.77327823853,
                1768.4091000556946
            ],
            [
                4445.959374572796,
                1810.6980319023132
            ],
            [
                4446.134278102887,
                1825.4219589233398
            ],
            [
                4446.163499421502,
                1826.9678070545197
            ],
            [
                4446.167070457056,
                1828.0852539539337
            ],
            [
                4446.170252836484,
                1829.2188448905945
            ],
            [
                4446.424832614,
                1879.7827279567719
            ],
            [
                4446.469124361002,
                1926.8707509040833
            ],
            [
                4446.5200852338585,
                1928.7821278572083
            ],
            [
                4446.526832155265,
                1930.0051748752594
            ],
            [
                4446.7001569215345,
                1958.2711379528046
            ],
            [
                4446.711210439165,
                1964.4431419372559
            ],
            [
                4446.716645460062,
                1965.6056978702545
            ],
            [
                4446.717709869838,
                1966.3784010410309
            ],
            [
                4446.836338122573,
                2005.2000448703766
            ],
            [
                4447.155189067518,
                2010.9361400604248
            ],
            [
                4447.2556391216285,
                2014.7449488639832
            ],
            [
                4447.271115467414,
                2016.2800028324127
            ],
            [
                4447.27356112436,
                2017.597244977951
            ],
            [
                4447.310463540667,
                2035.3891439437866
            ],
            [
                4447.339847779477,
                2041.0001230239868
            ],
            [
                4447.339978615483,
                2041.9974999427795
            ],
            [
                4447.848953492414,
                2060.842483997345
            ],
            [
                4448.306998497378,
                2114.1847648620605
            ],
            [
                4448.601464978127,
                2116.5856120586395
            ],
            [
                4448.7662781211675,
                2118.0102128982544
            ],
            [
                4449.56518917236,
                2121.969647884369
            ],
            [
                4449.624779613252,
                2124.225921869278
            ],
            [
                4449.640059436117,
                2125.2132589817047
            ],
            [
                4449.833777652258,
                2140.051516056061
            ],
            [
                4449.84186454282,
                2152.095484018326
            ],
            [
                4450.3367729770525,
                2195.963492870331
            ],
            [
                4450.4392583777735,
                2200.057699918747
            ],
            [
                4450.487620009093,
                2201.78102183342
            ],
            [
                4450.490541092778,
                2202.667172908783
            ],
            [
                4450.731755185666,
                2226.7031910419464
            ],
            [
                4450.798751900555,
                2293.0919778347015
            ],
            [
                4450.810408484893,
                2294.2267060279846
            ],
            [
                4450.81070737069,
