{"input parameters": ["18", "0", "500", "X", "500_500", "no_Lagrangian"], "instance": {"facilities": 500, "customers": 500}, "times": {"total_time in s": 3710.16, "initialisation_time in s": 485.87, "node_selection_time in s": 0.03, "implied_demands_time in s": 2575.93, "bounds_time in s": 42.73, "variable_selection in s": 479.34, "greedy_heuristics_time in s": 119.85, "other_time in s": 6.4}, "nodes": {"total": 24, "pruned": 0, "infeasible": 0, "finished": 0}, "solution": {"LB": 4125.1188, "UB": 6064.5338, "gap in %": 31.98, "incumbent": [8, 25, 39, 46, 52, 61, 77, 79, 82, 114, 142, 205, 207, 291, 306, 324, 365, 371, 376, 394, 418, 427], "memory in MB": 723.47}, "bounds": {"lower_bounds": [[4085.228, 485.87], [4085.508, 1327.03, "combined_combinatorial"], [4086.075198, 1636.88, "combined_combinatorial"], [4086.077800332842, 2484.11, "combined_combinatorial"], [4125.118800332842, 2899.33, "combined_combinatorial"]], "upper_bounds": [[6064.533813880029, 485.87]]}}