{"input parameters": ["18", "0", "1000", "X", "1000_1000", "no_Lagrangian"], "instance": {"facilities": 1000, "customers": 1000}, "times": {"total_time in s": 87397.84, "initialisation_time in s": 7931.63, "node_selection_time in s": 0.3, "implied_demands_time in s": 67249.51, "bounds_time in s": 355.27, "variable_selection in s": 8930.03, "greedy_heuristics_time in s": 2861.83, "other_time in s": 69.27}, "nodes": {"total": 51, "pruned": 0, "infeasible": 0, "finished": 0}, "solution": {"LB": 7303.2073, "UB": 11423.2812, "gap in %": 36.07, "incumbent": [16, 61, 69, 87, 99, 125, 136, 137, 138, 166, 174, 204, 295, 320, 356, 497, 508, 531, 544, 560, 565, 576, 665, 671, 699, 706, 738, 743, 775, 791, 813, 830, 831, 836, 856, 864, 878, 899, 924, 927, 946, 974, 988], "memory in MB": 3858.05}, "bounds": {"lower_bounds": [[7302.39, 7931.63], [7303.207256655897, 84576.78, "combined_combinatorial"]], "upper_bounds": [[11719.871076477144, 7931.63]]}}