{"input parameters": ["18", "0", "300", "X", "300_300", "no_Lagrangian"], "instance": {"facilities": 300, "customers": 300}, "times": {"total_time in s": 3620.47, "initialisation_time in s": 62.74, "node_selection_time in s": 0.13, "implied_demands_time in s": 2370.58, "bounds_time in s": 119.4, "variable_selection in s": 821.29, "greedy_heuristics_time in s": 222.69, "other_time in s": 23.63}, "nodes": {"total": 194, "pruned": 15, "infeasible": 0, "finished": 0}, "solution": {"LB": 2616.5619, "UB": 3414.3181, "gap in %": 23.37, "incumbent": [8, 76, 80, 96, 108, 138, 146, 157, 171, 195, 197, 202, 221], "memory in MB": 1068.33}, "bounds": {"lower_bounds": [[2543.802, 62.74], [2543.818, 462.56, "combined_combinatorial"], [2543.935342005381, 1230.58, "combined_combinatorial"], [2545.058342005381, 1335.77, "combined_combinatorial"], [2547.239357391161, 1470.76, "combined_combinatorial"], [2547.978357391161, 1487.05, "combined_combinatorial"], [2548.0229155996876, 1503.16, "combined_combinatorial"], [2548.4447792083793, 1517.42, "combined_combinatorial"], [2548.8077792083795, 1531.65, "combined_combinatorial"], [2549.6274117963967, 1559.68, "combined_combinatorial"], [2571.375342005381, 1885.74, "combined_combinatorial"], [2572.634342005381, 1923.42, "combined_combinatorial"], [2573.0562056140734, 1938.88, "combined_combinatorial"], [2573.439205614073, 1954.22, "combined_combinatorial"], [2573.523205614073, 1969.34, "combined_combinatorial"], [2574.165838202091, 1984.26, "combined_combinatorial"], [2574.1881226316877, 2028.08, "combined_combinatorial"], [2576.3040203590044, 2220.49, "combined_combinatorial"], [2576.3347649839434, 2249.93, "combined_combinatorial"], [2576.3662855888592, 2259.36, "combined_combinatorial"], [2577.7582855888595, 2268.62, "combined_combinatorial"], [2578.0272855888593, 2277.77, "combined_combinatorial"], [2585.2805559836256, 2294.44, "combined_combinatorial"], [2590.714285588859, 2303.53, "combined_combinatorial"], [2590.7273559698697, 2312.58, "combined_combinatorial"], [2592.1075713694054, 2354.57, "combined_combinatorial"], [2592.313741490357, 2369.34, "combined_combinatorial"], [2592.358299698883, 2383.73, "combined_combinatorial"], [2592.579850182132, 2401.15, "combined_combinatorial"], [2596.377617518554, 2436.35, "combined_combinatorial"], [2597.7369155996876, 2469.92, "combined_combinatorial"], [2598.630915599687, 2485.63, "combined_combinatorial"], [2599.1059155996873, 2515.86, "combined_combinatorial"], [2599.4549155996874, 2530.52, "combined_combinatorial"], [2600.856553567319, 2558.81, "combined_combinatorial"], [2601.007389236186, 2572.57, "combined_combinatorial"], [2601.2803892361862, 2599.41, "combined_combinatorial"], [2601.584865567912, 2687.4, "combined_combinatorial"], [2601.590865567912, 2703.09, "combined_combinatorial"], [2601.635423776438, 2718.68, "combined_combinatorial"], [2601.755423776438, 2734.14, "combined_combinatorial"], [2601.798731294575, 2749.63, "combined_combinatorial"], [2601.905731294575, 2795.1, "combined_combinatorial"], [2601.9588501690705, 2810.06, "combined_combinatorial"], [2604.7751, 2910.38, "combined_combinatorial"], [2605.792224322481, 3032.07, "combined_combinatorial"], [2605.7994054805117, 3060.19, "combined_combinatorial"], [2613.1895559836257, 3076.66, "combined_combinatorial"], [2613.8117261045772, 3108.55, "combined_combinatorial"], [2614.4566175185537, 3125.83, "combined_combinatorial"], [2615.599301502045, 3153.07, "combined_combinatorial"], [2616.557872913797, 3209.03, "combined_combinatorial"], [2616.561881128656, 3386.88, "combined_combinatorial"]], "upper_bounds": [[3637.5422556688727, 62.74]]}}