{"input parameters": ["18", "0", "500", "X", "500_500", "Lagrangian"], "instance": {"facilities": 500, "customers": 500}, "times": {"total_time in s": 3833.97, "initialisation_time in s": 775.31, "node_selection_time in s": 0.02, "implied_demands_time in s": 1333.22, "bounds_time in s": 1385.13, "variable_selection in s": 280.2, "greedy_heuristics_time in s": 56.73, "other_time in s": 3.37}, "nodes": {"total": 10, "pruned": 0, "infeasible": 0, "finished": 0}, "solution": {"LB": 4086.0752, "UB": 6064.5338, "gap in %": 32.62, "incumbent": [8, 25, 39, 46, 52, 61, 77, 79, 82, 114, 142, 205, 207, 291, 306, 324, 365, 371, 376, 394, 418, 427], "memory in MB": 457.83}, "bounds": {"lower_bounds": [[4085.228, 775.31], [4085.508, 2777.62, "combined_combinatorial"], [4086.075198, 3498.05, "combined_combinatorial"]], "upper_bounds": [[6064.533813880029, 775.31]]}}