{"input parameters": ["18", "0", "700", "X", "700_700", "no_Lagrangian"], "instance": {"facilities": 700, "customers": 700}, "times": {"total_time in s": 3608.78, "initialisation_time in s": 1800.94, "node_selection_time in s": 0.01, "implied_demands_time in s": 1473.02, "bounds_time in s": 15.87, "variable_selection in s": 260.17, "greedy_heuristics_time in s": 56.11, "other_time in s": 2.67}, "nodes": {"total": 6, "pruned": 0, "infeasible": 0, "finished": 0}, "solution": {"LB": 4984.7605, "UB": 7503.9918, "gap in %": 33.57, "incumbent": [105, 139, 141, 184, 203, 208, 278, 280, 299, 305, 346, 355, 366, 375, 431, 447, 464, 478, 486, 532, 545, 582, 587, 591, 651, 667, 672, 696], "memory in MB": 544.75}, "bounds": {"lower_bounds": [[4983.378, 1800.94], [4984.760534999999, 3179.31, "combined_combinatorial"]], "upper_bounds": [[7534.236167550758, 1800.94]]}}