{
    "input parameters": [
        "18",
        "1",
        "300",
        "X",
        "300_300",
        "no_preprocessing"
    ],
    "instance": {
        "facilities": 300,
        "customers": 300
    },
    "times": {
        "total_time in s": 3600.08,
        "model_building_time in s": 19.67,
        "model_solving_time in s": 3580.42
    },
    "nodes": {
        "total": 17.0
    },
    "solution": {
        "LB": 3303.7348,
        "UB": 3850.2359,
        "gap in %": 0.14,
        "incumbent": [
            8,
            76,
            95,
            96,
            135,
            136,
            146,
            171,
            195,
            197,
            202,
            226,
            248
        ],
        "memory in MB": 3495.73
    },
    "bounds": {
        "lower_bounds": [
            [
                0.0,
                64.08015489578247
            ],
            [
                3225.7983375554027,
                476.87039589881897
            ],
            [
                3237.8010841984988,
                860.7697238922119
            ],
            [
                3237.9950242622767,
                925.1634459495544
            ],
            [
                3241.146477162226,
                1104.2819859981537
            ],
            [
                3242.30033514759,
                1115.484601020813
            ],
            [
                3242.352712558374,
                1118.1202609539032
            ],
            [
                3242.3563988267006,
                1119.493854045868
            ],
            [
                3242.3580443663996,
                1120.770798921585
            ],
            [
                3244.4014322857865,
                1258.8220100402832
            ],
            [
                3244.6795458333795,
                1337.8106200695038
            ],
            [
                3244.698581583338,
                1340.8530130386353
            ],
            [
                3245.340828155102,
                1411.6057538986206
            ],
            [
                3245.5419549874355,
                1423.3895859718323
            ],
            [
                3245.5454859043243,
                1425.3153269290924
            ],
            [
                3245.5510236157907,
                1426.4305188655853
            ],
            [
                3245.5510529710687,
                1427.8546378612518
            ],
            [
                3246.0226017411114,
                1510.2787780761719
            ],
            [
                3246.138395512476,
                1515.9217519760132
            ],
            [
                3246.241831222898,
                1524.4655239582062
            ],
            [
                3246.2902512723995,
                1527.3569920063019
            ],
            [
                3246.311602740361,
                1530.1219959259033
            ],
            [
                3246.3127921110904,
                1531.3762440681458
            ],
            [
                3247.0112207282614,
                1573.4111530780792
            ],
            [
                3247.1772137860594,
                1588.4777789115906
            ],
            [
                3247.3607158013897,
                1593.175241947174
            ],
            [
                3247.400938608664,
                1597.1658260822296
            ],
            [
                3247.464952211927,
                1601.6727130413055
            ],
            [
                3247.5013676337503,
                1603.839725971222
            ],
            [
                3247.508939165338,
                1607.1124930381775
            ],
            [
                3247.5122463272673,
                1608.5036289691925
            ],
            [
                3247.995801010902,
                1642.8190999031067
            ],
            [
                3248.0314220704595,
                1648.3610348701477
            ],
            [
                3248.0396974724567,
                1649.7359759807587
            ],
            [
                3248.0397800044975,
                1650.8854460716248
            ],
            [
                3248.835764839004,
                1699.2812139987946
            ],
            [
                3248.9143880455445,
                1713.3505928516388
            ],
            [
                3248.9335782805147,
                1715.059681892395
            ],
            [
                3249.1825382846005,
                1744.7442400455475
            ],
            [
                3249.266688478096,
                1751.061269044876
            ],
            [
                3249.3303064825363,
                1755.0108790397644
            ],
            [
                3249.3514956456715,
                1757.8775799274445
            ],
            [
                3249.358252668095,
                1759.26558303833
            ],
            [
                3249.3601137060027,
                1760.5938708782196
            ],
            [
                3249.9218254862244,
                1789.5182678699493
            ],
            [
                3250.00911912879,
                1809.8069729804993
            ],
            [
                3250.0799691730635,
                1813.2691819667816
            ],
            [
                3250.09553315703,
                1815.186635017395
            ],
            [
                3250.1034640551875,
                1816.69882106781
            ],
            [
                3250.1110324030806,
                1818.677043914795
            ],
            [
                3250.5963943818183,
                1852.4446358680725
            ],
            [
                3250.7285309295303,
                1863.7800529003143
            ],
            [
                3250.738899867623,
                1865.2689740657806
            ],
            [
                3250.740226476906,
                1866.4993629455566
            ],
            [
                3252.066453198211,
                1908.9903829097748
            ],
            [
                3252.1332360463925,
                1918.82177400589
            ],
            [
                3252.1391398817577,
                1920.2195880413055
            ],
            [
                3252.398837186367,
                1949.5602340698242
            ],
            [
                3252.4222820193017,
                1962.1814439296722
            ],
            [
                3252.430795474592,
                1963.9932780265808
            ],
            [
                3252.8202654062015,
                1990.2022578716278
            ],
            [
                3252.8684925076354,
                2001.660567998886
            ],
            [
                3252.877932458907,
                2003.583834886551
            ],
            [
                3252.878207295278,
                2005.2342150211334
            ],
            [
                3253.454622168746,
                2032.4813508987427
            ],
            [
                3253.5285658321636,
                2047.7666900157928
            ],
            [
                3253.5398268641493,
                2050.2861449718475
            ],
            [
                3253.5413641501714,
                2051.5316829681396
            ],
            [
                3254.1557990552565,
                2077.5299179553986
            ],
            [
                3254.3408368331034,
                2088.83109498024
            ],
            [
                3254.351561699133,
                2092.6080269813538
            ],
            [
                3254.579273931977,
                2118.3032710552216
            ],
            [
