{
    "input parameters": [
        "18",
        "1",
        "300",
        "X",
        "300_300",
        "preprocessing"
    ],
    "instance": {
        "facilities": 300,
        "customers": 300
    },
    "times": {
        "total_time in s": 3600.06,
        "model_building_time in s": 66.97,
        "model_solving_time in s": 3533.1
    },
    "nodes": {
        "total": 1.0
    },
    "solution": {
        "LB": 3261.047,
        "UB": 3837.5711,
        "gap in %": 0.15,
        "incumbent": [
            95,
            96,
            108,
            135,
            136,
            146,
            171,
            181,
            195,
            197,
            202,
            248
        ],
        "memory in MB": 3636.79
    },
    "bounds": {
        "lower_bounds": [
            [
                0.0,
                53.72473096847534
            ],
            [
                3226.7973527128447,
                409.8521590232849
            ],
            [
                3238.2890998380326,
                811.7980878353119
            ],
            [
                3238.7616181459157,
                824.8601539134979
            ],
            [
                3239.1045822078336,
                828.7731308937073
            ],
            [
                3239.1054470783542,
                829.668340921402
            ],
            [
                3241.5399340285862,
                1010.2492558956146
            ],
            [
                3242.786193436191,
                1023.9739367961884
            ],
            [
                3243.5267796118105,
                1035.4518949985504
            ],
            [
                3243.54753601635,
                1038.0663838386536
            ],
            [
                3243.5750683843576,
                1040.188756942749
            ],
            [
                3243.5822761757204,
                1041.8238530158997
            ],
            [
                3243.583461660946,
                1043.0468649864197
            ],
            [
                3245.7294428297587,
                1125.342325925827
            ],
            [
                3246.503799588321,
                1151.121435880661
            ],
            [
                3246.6136611588267,
                1154.6328020095825
            ],
            [
                3246.7442516670703,
                1158.210842847824
            ],
            [
                3246.7478960822154,
                1159.7233448028564
            ],
            [
                3248.752195368899,
                1225.750242948532
            ],
            [
                3248.8914692679823,
                1242.2752549648285
            ],
            [
                3249.0048171055405,
                1246.4965989589691
            ],
            [
                3249.0778523214435,
                1248.0386259555817
            ],
            [
                3249.084089853351,
                1249.2164759635925
            ],
            [
                3249.0899686288503,
                1250.6080288887024
            ],
            [
                3249.9281403392774,
                1301.6591348648071
            ],
            [
                3250.2190638987067,
                1333.2472479343414
            ],
            [
                3250.236690267375,
                1334.522169828415
            ],
            [
                3250.2382590462835,
                1335.5096039772034
            ],
            [
                3250.6957391374735,
                1375.3819198608398
            ],
            [
                3250.827807261752,
                1383.5204730033875
            ],
            [
                3250.839592970044,
                1386.51122879982
            ],
            [
                3250.8442360674903,
                1387.9240980148315
            ],
            [
                3250.8443117901215,
                1388.8499698638916
            ],
            [
                3251.6860756832925,
                1428.4202208518982
            ],
            [
                3251.7458341854976,
                1448.949553012848
            ],
            [
                3251.750158810399,
                1450.038433790207
            ],
            [
                3251.7564337334206,
                1451.2318348884583
            ],
            [
                3251.7566541342126,
                1451.978542804718
            ],
            [
                3252.308901526143,
                1477.9431908130646
            ],
            [
                3252.3508167827513,
                1493.124972820282
            ],
            [
                3252.802078684463,
                1522.8881409168243
            ],
            [
                3252.8532100052334,
                1593.1351130008698
            ],
            [
                3252.859004109467,
                1594.334806919098
            ],
            [
                3252.859015139769,
                1595.264792919159
            ],
            [
                3253.7352479440683,
                1624.8489727973938
            ],
            [
                3253.76521781816,
                1636.4403808116913
            ],
            [
                3253.7684714572442,
                1637.4684708118439
            ],
            [
                3254.052904203549,
                1700.7105967998505
            ],
            [
                3254.0999510570136,
                1713.6374080181122
            ],
            [
                3254.1084944554227,
                1714.7734518051147
            ],
            [
                3254.3522242315494,
                1745.3768169879913
            ],
            [
                3254.502505535352,
                1753.2553169727325
            ],
            [
                3254.5656921386476,
                1756.7061018943787
            ],
            [
                3254.5825441516226,
                1758.630031824112
            ],
            [
                3254.587138265511,
                1759.8061289787292
            ],
            [
                3254.759476013922,
                1781.7303040027618
            ],
            [
                3254.765237068796,
                1796.1163380146027
            ],
            [
                3254.766834140131,
                1796.8905158042908
            ],
            [
                3255.2618161277474,
                1821.0409388542175
            ],
            [
                3255.33808372151,
                1832.819710969925
            ],
            [
                3255.341913115189,
                1834.0576829910278
            ],
            [
                3255.343905511764,
                1835.495131969452
            ],
            [
                3255.7214767092596,
                1859.4293580055237
            ],
            [
                3255.8147188825933,
                1872.0238959789276
            ],
            [
                3255.8209031631127,
                1873.1565868854523
            ],
            [
                3255.8229900514652,
                1874.6444509029388
            ],
            [
                3256.1504322750834,
                1894.7915108203888
            ],
            [
                3256.1704396168802,
                1901.4167549610138
            ],
            [
                3256.1764159982718,
                1902.5840330123901
            ],
            [
                3256.177837450067,
                1903.5893290042877
            ],
            [
                3256.516278832086,
                1925.7813618183136
            ],
            [
                3256.5470910596923,
                1929.756758928299
            ],
            [
                3256.5556554794484,
