{"input parameters": ["19", "0", "1000", "X", "1000_1000", "no_Lagrangian"], "instance": {"facilities": 1000, "customers": 1000}, "times": {"total_time in s": 87383.75, "initialisation_time in s": 8939.93, "node_selection_time in s": 0.3, "implied_demands_time in s": 66545.28, "bounds_time in s": 378.0, "variable_selection in s": 8849.09, "greedy_heuristics_time in s": 2600.58, "other_time in s": 70.56}, "nodes": {"total": 54, "pruned": 0, "infeasible": 0, "finished": 0}, "solution": {"LB": 7556.5965, "UB": 11174.1459, "gap in %": 32.37, "incumbent": [21, 51, 59, 66, 67, 68, 77, 81, 102, 213, 237, 263, 274, 308, 309, 314, 335, 361, 455, 460, 515, 543, 559, 632, 669, 773, 811, 823, 832, 833, 849, 880, 894, 919, 926, 933, 936, 967, 978, 982], "memory in MB": 4020.76}, "bounds": {"lower_bounds": [[7522.732, 8939.93], [7522.919, 28195.32, "combined_combinatorial"], [7527.467, 44195.74, "combined_combinatorial"], [7528.307, 53362.89, "combined_combinatorial"], [7528.343, 54556.03, "combined_combinatorial"], [7528.397, 55909.33, "combined_combinatorial"], [7528.821, 57107.83, "combined_combinatorial"], [7531.914, 59630.18, "combined_combinatorial"], [7534.12, 62094.35, "combined_combinatorial"], [7542.72375962681, 63218.12, "combined_combinatorial"], [7543.131759626809, 64373.16, "combined_combinatorial"], [7544.975759626809, 66812.98, "combined_combinatorial"], [7545.806630558773, 68153.04, "combined_combinatorial"], [7556.478825634748, 72675.96, "combined_combinatorial"], [7556.518870857462, 74192.81, "combined_combinatorial"], [7556.593885942571, 77155.04, "combined_combinatorial"], [7556.596515995681, 80095.61, "combined_combinatorial"]], "upper_bounds": [[12192.703347600918, 8939.93]]}}