{"input parameters": ["19", "0", "500", "X", "500_500", "no_Lagrangian"], "instance": {"facilities": 500, "customers": 500}, "times": {"total_time in s": 3711.87, "initialisation_time in s": 482.16, "node_selection_time in s": 0.03, "implied_demands_time in s": 2531.24, "bounds_time in s": 40.35, "variable_selection in s": 493.8, "greedy_heuristics_time in s": 157.61, "other_time in s": 6.69}, "nodes": {"total": 25, "pruned": 0, "infeasible": 0, "finished": 0}, "solution": {"LB": 3385.1211, "UB": 5035.6288, "gap in %": 32.78, "incumbent": [9, 56, 61, 140, 146, 181, 235, 237, 263, 266, 297, 312, 318, 331, 340, 383, 385, 387, 391, 429, 463, 480], "memory in MB": 748.41}, "bounds": {"lower_bounds": [[3363.714, 482.16], [3363.786, 978.05, "combined_combinatorial"], [3363.831, 1469.04, "combined_combinatorial"], [3369.313095056328, 1770.93, "combined_combinatorial"], [3369.3540156024696, 1910.16, "combined_combinatorial"], [3381.522934791503, 2183.89, "combined_combinatorial"], [3381.541175580748, 2318.67, "combined_combinatorial"], [3381.701175580748, 2451.99, "combined_combinatorial"], [3381.723223977353, 2583.26, "combined_combinatorial"], [3381.765897581852, 2713.56, "combined_combinatorial"], [3381.9698975818524, 2971.18, "combined_combinatorial"], [3385.121086001558, 3097.65, "combined_combinatorial"]], "upper_bounds": [[5269.756514032326, 482.16]]}}