{
    "input parameters": [
        "19",
        "0",
        "500",
        "X",
        "500_500",
        "preprocessing"
    ],
    "instance": {
        "facilities": 500,
        "customers": 500
    },
    "times": {
        "total_time in s": 3600.06,
        "model_building_time in s": 524.45,
        "model_solving_time in s": 3075.61
    },
    "nodes": {
        "total": 367.0
    },
    "solution": {
        "LB": 3728.9587,
        "UB": 4556.9985,
        "gap in %": 0.18,
        "incumbent": [
            9,
            56,
            61,
            112,
            146,
            208,
            219,
            235,
            237,
            266,
            274,
            297,
            318,
            340,
            383,
            385,
            391,
            397,
            413,
            429,
            463
        ],
        "memory in MB": 3683.48
    },
    "bounds": {
        "lower_bounds": [
            [
                0.0,
                62.614224910736084
            ],
            [
                3643.2413929715813,
                474.61560702323914
            ],
            [
                3651.2499891004445,
                843.8647940158844
            ],
            [
                3651.348214454096,
                895.3595039844513
            ],
            [
                3651.5208234587417,
                899.6418609619141
            ],
            [
                3652.9153640822774,
                1018.5626058578491
            ],
            [
                3653.563566345046,
                1031.2453780174255
            ],
            [
                3653.6183671323665,
                1032.1268119812012
            ],
            [
                3653.6291922067476,
                1032.8571588993073
            ],
            [
                3653.6840536156774,
                1033.6330008506775
            ],
            [
                3654.3761735221187,
                1111.1594760417938
            ],
            [
                3654.639415700065,
                1147.3489990234375
            ],
            [
                3654.642488552408,
                1148.026829957962
            ],
            [
                3654.642634644263,
                1148.6613929271698
            ],
            [
                3654.8938655249494,
                1179.7926969528198
            ],
            [
                3655.008094665744,
                1190.7990958690643
            ],
            [
                3655.011810759267,
                1191.5996129512787
            ],
            [
                3655.0118876564406,
                1192.2113828659058
            ],
            [
                3655.258118042149,
                1221.0525109767914
            ],
            [
                3655.2591376699356,
                1251.1120309829712
            ],
            [
                3655.3288244955065,
                1271.7147369384766
            ],
            [
                3655.3319894407236,
                1276.5395500659943
            ],
            [
                3655.3339936017023,
                1298.7308859825134
            ],
            [
                3655.343812657,
                1331.5165860652924
            ],
            [
                3667.461630866142,
                1455.8760719299316
            ],
            [
                3670.5480744372812,
                1579.4080169200897
            ],
            [
                3679.095961067462,
                1596.450402021408
            ],
            [
                3679.25658294508,
                1621.8067898750305
            ],
            [
                3690.230357650407,
                1649.7139840126038
            ],
            [
                3697.5132716456988,
                1669.6038219928741
            ],
            [
                3697.5379452322454,
                1988.7333488464355
            ],
            [
                3703.960237248999,
                2324.713677883148
            ],
            [
                3706.490480767952,
                2568.0903329849243
            ],
            [
                3714.619625053945,
                2735.714019060135
            ],
            [
                3728.958732586781,
                2983.7816689014435
            ]
        ],
        "upper_bounds": [
            [
                74244.13463262947,
                69.03710389137268
            ],
            [
                5097.521247660526,
                474.87861704826355
            ],
            [
                5069.052069278725,
                844.4094698429108
            ],
            [
                4737.977406176378,
                894.3364779949188
            ],
            [
                4734.543295404408,
                1188.3659930229187
            ],
            [
                4655.9359085579645,
                1250.675586938858
            ],
            [
                4556.998518020522,
                1893.2921080589294
            ]
        ]
    }
}