{
    "input parameters": [
        "19",
        "0",
        "300",
        "X",
        "300_300",
        "preprocessing"
    ],
    "instance": {
        "facilities": 300,
        "customers": 300
    },
    "times": {
        "total_time in s": 3600.03,
        "model_building_time in s": 57.72,
        "model_solving_time in s": 3542.31
    },
    "nodes": {
        "total": 1770.0
    },
    "solution": {
        "LB": 2601.4092,
        "UB": 3022.3274,
        "gap in %": 0.14,
        "incumbent": [
            11,
            90,
            105,
            142,
            196,
            205,
            209,
            221,
            248,
            249,
            284,
            297
        ],
        "memory in MB": 1956.08
    },
    "bounds": {
        "lower_bounds": [
            [
                0.0,
                20.56893301010132
            ],
            [
                2421.2544984335095,
                171.81585502624512
            ],
            [
                2421.8738376475812,
                182.2231090068817
            ],
            [
                2421.8808421060717,
                189.0992419719696
            ],
            [
                2422.2523465733534,
                190.20188093185425
            ],
            [
                2422.31042672027,
                194.1909580230713
            ],
            [
                2423.2981827917697,
                196.45013999938965
            ],
            [
                2423.3176877533033,
                200.65398907661438
            ],
            [
                2423.82914408802,
                203.0132029056549
            ],
            [
                2423.834529359524,
                203.57982993125916
            ],
            [
                2424.0397106083265,
                205.61702489852905
            ],
            [
                2424.05555167887,
                206.65714406967163
            ],
            [
                2424.355391411126,
                207.8373110294342
            ],
            [
                2424.3994461306156,
                209.49103903770447
            ],
            [
                2424.493316704143,
                210.30845499038696
            ],
            [
                2424.50846601168,
                212.29072308540344
            ],
            [
                2424.6289302176256,
                212.89040398597717
            ],
            [
                2424.6424037349498,
                218.57115197181702
            ],
            [
                2424.6508700425584,
                218.99142694473267
            ],
            [
                2424.803643451962,
                244.22903203964233
            ],
            [
                2444.840996997724,
                281.5929970741272
            ],
            [
                2445.2949648535487,
                299.67765498161316
            ],
            [
                2450.4900783623084,
                302.53323888778687
            ],
            [
                2450.6744793610865,
                312.82916593551636
            ],
            [
                2458.9133121201703,
                313.7082369327545
            ],
            [
                2459.663520041523,
                317.5529839992523
            ],
            [
                2459.830170306779,
                323.7934889793396
            ],
            [
                2486.6497729364405,
                445.6568100452423
            ],
            [
                2487.314292098395,
                490.2134208679199
            ],
            [
                2490.3387492033635,
                529.2283630371094
            ],
            [
                2490.3836680981817,
                594.5844430923462
            ],
            [
                2496.4779101032477,
                626.9222419261932
            ],
            [
                2498.084660812101,
                673.3939919471741
            ],
            [
                2509.9783669639805,
                707.5195798873901
            ],
            [
                2513.8176592593945,
                757.6053650379181
            ],
            [
                2528.4081637536547,
                759.2765760421753
            ],
            [
                2530.127271796697,
                803.6434950828552
            ],
            [
                2530.967882495773,
                887.0293109416962
            ],
            [
                2531.1986545223226,
                936.2444829940796
            ],
            [
                2537.513559234623,
                981.5165948867798
            ],
            [
                2540.362349966906,
                1029.2550730705261
            ],
            [
                2541.3765630068074,
                1121.7057139873505
            ],
            [
                2548.3877825228597,
                1155.7039840221405
            ],
            [
                2548.998846232641,
                1173.4477670192719
            ],
            [
                2560.3441471871056,
                3151.4904708862305
            ],
            [
                2560.430939735182,
                3197.5512039661407
            ],
            [
                2560.4468541331908,
                3198.4916059970856
            ],
            [
                2567.450882810768,
                3238.8206849098206
            ],
            [
                2573.4530400033923,
                3263.8320479393005
            ],
            [
                2577.894493926279,
                3289.221512079239
            ],
            [
                2585.7214323286094,
                3313.285392999649
            ],
            [
                2585.799147381588,
                3325.5934538841248
            ],
            [
                2587.303046608656,
                3349.571345090866
            ],
            [
                2595.693233093361,
                3383.992373943329
            ],
            [
                2598.866722895552,
                3399.0477480888367
            ],
            [
                2599.365890277633,
                3449.621664047241
            ],
            [
                2599.369128589688,
                3486.900727033615
            ],
            [
                2599.649202738221,
                3503.7813160419464
            ],
            [
                2600.494168171478,
                3518.5838329792023
            ],
            [
                2601.409163008451,
                3540.1140489578247
            ]
        ],
        "upper_bounds": [
            [
                89733.20724750795,
                20.854928970336914
            ],
            [
                77437.53611623967,
                172.20360708236694
            ],
            [
                72520.54573431255,
                172.37785506248474
            ],
            [
                3503.6332652771007,
                183.15391206741333
            ],
            [
                3195.899058922286,
                190.82321691513062
            ],
            [
                3096.166565246367,
                461.3354580402374
            ],
            [
                3083.423587325458,
                601.0635850429535
            ],
            [
                3022.3274460388316,
                1139.7676038742065
            ]
        ]
    }
}