{"input parameters": ["19", "0", "500", "X", "500_500", "Lagrangian"], "instance": {"facilities": 500, "customers": 500}, "times": {"total_time in s": 3766.85, "initialisation_time in s": 634.4, "node_selection_time in s": 0.02, "implied_demands_time in s": 1342.24, "bounds_time in s": 1412.46, "variable_selection in s": 294.95, "greedy_heuristics_time in s": 79.28, "other_time in s": 3.5}, "nodes": {"total": 12, "pruned": 0, "infeasible": 0, "finished": 0}, "solution": {"LB": 3369.354, "UB": 4869.4559, "gap in %": 30.81, "incumbent": [9, 43, 56, 61, 146, 208, 219, 235, 255, 266, 297, 312, 318, 340, 383, 385, 391, 397, 413, 429, 463, 498], "memory in MB": 506.13}, "bounds": {"lower_bounds": [[3363.714, 634.4], [3363.786, 1609.05, "combined_combinatorial"], [3363.831, 2581.57, "combined_combinatorial"], [3369.313095056328, 3193.91, "combined_combinatorial"], [3369.3540156024696, 3485.32, "combined_combinatorial"]], "upper_bounds": [[4869.455874454807, 634.4]]}}