{"input parameters": ["19", "0", "300", "X", "300_300", "Lagrangian"], "instance": {"facilities": 300, "customers": 300}, "times": {"total_time in s": 3600.13, "initialisation_time in s": 79.51, "node_selection_time in s": 0.06, "implied_demands_time in s": 1221.9, "bounds_time in s": 1821.73, "variable_selection in s": 359.23, "greedy_heuristics_time in s": 108.12, "other_time in s": 9.57}, "nodes": {"total": 92, "pruned": 18, "infeasible": 0, "finished": 0}, "solution": {"LB": 2299.9926, "UB": 3171.5894, "gap in %": 27.48, "incumbent": [90, 111, 147, 171, 191, 195, 205, 231, 239, 248, 249, 288, 297], "memory in MB": 527.62}, "bounds": {"lower_bounds": [[2223.034, 79.51], [2226.746, 1273.64, "combined_combinatorial"], [2227.8, 2185.93, "combined_combinatorial"], [2241.361180836978, 2601.78, "combined_combinatorial"], [2242.077533473741, 2630.53, "combined_combinatorial"], [2248.581533473741, 2658.51, "combined_combinatorial"], [2259.4002229329267, 2818.96, "combined_combinatorial"], [2259.4038880965663, 2889.69, "combined_combinatorial"], [2259.41380620049, 3019.88, "combined_combinatorial"], [2260.154754898926, 3256.5, "combined_combinatorial"], [2268.426754898926, 3316.1, "combined_combinatorial"], [2269.106754898926, 3329.97, "combined_combinatorial"], [2299.9926072778276, 3506.77, "combined_combinatorial"]], "upper_bounds": [[3271.3410430581707, 79.51]]}}