{"input parameters": ["19", "0", "300", "X", "300_300", "no_Lagrangian"], "instance": {"facilities": 300, "customers": 300}, "times": {"total_time in s": 3608.66, "initialisation_time in s": 63.18, "node_selection_time in s": 0.11, "implied_demands_time in s": 2448.84, "bounds_time in s": 111.23, "variable_selection in s": 740.63, "greedy_heuristics_time in s": 224.37, "other_time in s": 20.29}, "nodes": {"total": 162, "pruned": 43, "infeasible": 0, "finished": 0}, "solution": {"LB": 2307.4555, "UB": 3096.1666, "gap in %": 25.47, "incumbent": [90, 105, 147, 191, 195, 205, 239, 248, 249, 284, 288, 297], "memory in MB": 760.74}, "bounds": {"lower_bounds": [[2223.034, 63.18], [2226.746, 739.29, "combined_combinatorial"], [2227.8, 1296.17, "combined_combinatorial"], [2241.361180836978, 1557.71, "combined_combinatorial"], [2242.077533473741, 1574.84, "combined_combinatorial"], [2248.581533473741, 1591.66, "combined_combinatorial"], [2259.4002229329267, 1687.62, "combined_combinatorial"], [2259.4038880965663, 1729.57, "combined_combinatorial"], [2259.41380620049, 1807.78, "combined_combinatorial"], [2260.154754898926, 1952.19, "combined_combinatorial"], [2268.426754898926, 1991.26, "combined_combinatorial"], [2269.106754898926, 1999.9, "combined_combinatorial"], [2299.9926072778276, 2105.71, "combined_combinatorial"], [2300.0226072778273, 2175.08, "combined_combinatorial"], [2300.0314734269277, 2201.63, "combined_combinatorial"], [2300.061473426928, 2214.22, "combined_combinatorial"], [2300.655473426928, 2226.59, "combined_combinatorial"], [2300.701473426928, 2250.98, "combined_combinatorial"], [2300.747473426928, 2275.3, "combined_combinatorial"], [2300.7546923776085, 2287.24, "combined_combinatorial"], [2300.7842875859674, 2299.1, "combined_combinatorial"], [2300.7888052422522, 2310.73, "combined_combinatorial"], [2300.800971259979, 2321.84, "combined_combinatorial"], [2303.047971259979, 2354.43, "combined_combinatorial"], [2304.8403278585183, 2468.41, "combined_combinatorial"], [2304.846327858518, 2614.87, "combined_combinatorial"], [2304.8583278585184, 2643.35, "combined_combinatorial"], [2304.864327858518, 2930.94, "combined_combinatorial"], [2305.4523278585184, 3148.5, "combined_combinatorial"], [2306.042327858518, 3331.23, "combined_combinatorial"], [2306.2863278585182, 3375.35, "combined_combinatorial"], [2307.4554565627313, 3405.8, "combined_combinatorial"], [2307.455496491352, 3466.36, "combined_combinatorial"]], "upper_bounds": [[3271.3410430581707, 63.18]]}}