{
    "input parameters": [
        "19",
        "0",
        "300",
        "X",
        "300_300",
        "no_preprocessing"
    ],
    "instance": {
        "facilities": 300,
        "customers": 300
    },
    "times": {
        "total_time in s": 3600.08,
        "model_building_time in s": 19.67,
        "model_solving_time in s": 3580.41
    },
    "nodes": {
        "total": 610.0
    },
    "solution": {
        "LB": 2552.7129,
        "UB": 3022.3274,
        "gap in %": 0.16,
        "incumbent": [
            11,
            90,
            105,
            142,
            196,
            205,
            209,
            221,
            248,
            249,
            284,
            297
        ],
        "memory in MB": 3451.61
    },
    "bounds": {
        "lower_bounds": [
            [
                0.0,
                49.85260081291199
            ],
            [
                2421.3809590614337,
                269.24643898010254
            ],
            [
                2424.292422914827,
                526.6526579856873
            ],
            [
                2425.1538424500573,
                714.0158360004425
            ],
            [
                2425.3107307493706,
                729.1333210468292
            ],
            [
                2425.320485496765,
                730.1977789402008
            ],
            [
                2426.0311983182787,
                837.6875069141388
            ],
            [
                2426.238824635483,
                857.3947930335999
            ],
            [
                2427.1249396234766,
                919.4644429683685
            ],
            [
                2427.143544142205,
                928.0691938400269
            ],
            [
                2427.1450698632157,
                930.5764548778534
            ],
            [
                2427.267217967567,
                969.6806418895721
            ],
            [
                2427.4847425526013,
                1421.988919019699
            ],
            [
                2427.952765184952,
                1427.337688922882
            ],
            [
                2428.0131787976425,
                1428.0104229450226
            ],
            [
                2430.3607894007555,
                1436.3158378601074
            ],
            [
                2430.362558461467,
                1436.9281258583069
            ],
            [
                2431.4098531184186,
                1441.4360189437866
            ],
            [
                2431.4111576718487,
                1442.0631158351898
            ],
            [
                2431.4219029249807,
                1442.416860818863
            ],
            [
                2431.504971901924,
                1443.4610240459442
            ],
            [
                2431.5071630325065,
                1445.1005330085754
            ],
            [
                2431.977013518512,
                1447.8383820056915
            ],
            [
                2431.9841620593893,
                1449.2698059082031
            ],
            [
                2432.426383818593,
                1451.0110619068146
            ],
            [
                2432.428397201984,
                1451.6763689517975
            ],
            [
                2432.428894994456,
                1451.7833180427551
            ],
            [
                2432.428904754824,
                1451.9088768959045
            ],
            [
                2432.8474399672155,
                1454.4330270290375
            ],
            [
                2432.8705189873413,
                1455.0781338214874
            ],
            [
                2432.8741746567084,
                1457.390478849411
            ],
            [
                2432.8995403854365,
                1458.065596818924
            ],
            [
                2432.92462419293,
                1459.3394899368286
            ],
            [
                2432.9411448874216,
                1460.0101659297943
            ],
            [
                2432.9553384368355,
                1466.9642519950867
            ],
            [
                2433.665476576925,
                1497.0731518268585
            ],
            [
                2439.1466387241026,
                1506.217334985733
            ],
            [
                2439.766657300683,
                1521.1155698299408
            ],
            [
                2463.702142200772,
                1523.447322845459
            ],
            [
                2465.546573352132,
                1531.8305850028992
            ],
            [
                2476.250558048037,
                1551.1007449626923
            ],
            [
                2476.741496967035,
                1568.343060016632
            ],
            [
                2477.8550299733197,
                1572.0403549671173
            ],
            [
                2478.739118258458,
                1583.0004739761353
            ],
            [
                2484.5869936640606,
                1589.8552029132843
            ],
            [
                2484.6465499239116,
                1592.9245579242706
            ],
            [
                2490.570634612371,
                1595.94468998909
            ],
            [
                2491.377131698924,
                1597.6121459007263
            ],
            [
                2495.511772030665,
                1600.5580489635468
            ],
            [
                2516.8536976691385,
                1603.0122640132904
            ],
            [
                2519.207015353569,
                1609.7122240066528
            ],
            [
                2526.3129442761106,
                1699.0997159481049
            ],
            [
                2526.439821364392,
                1714.7896568775177
            ],
            [
                2527.138253004776,
                1843.729476928711
            ],
            [
                2527.1828522496044,
                1970.2539768218994
            ],
            [
                2529.6938272055463,
                2044.6783258914948
            ],
            [
                2530.4535899421185,
                2117.175577878952
            ],
            [
                2531.021628144357,
                2231.762955904007
            ],
            [
                2533.868238734392,
                2303.8699719905853
            ],
            [
                2536.518189385148,
                2366.6070790290833
            ],
            [
                2539.8504578344364,
                2493.7493019104004
            ],
            [
                2543.2767967653563,
                2672.9714679718018
            ],
            [
                2544.288166143585,
                2771.974534034729
            ],
            [
                2549.5583139675327,
                2842.4635570049286
            ],
            [
                2549.715796480666,
                2843.926651954651
            ],
            [
                2552.712852721926,
                2962.0648238658905
            ]
        ],