{
    "input parameters": [
        "19",
        "1",
        "300",
        "X",
        "300_300",
        "preprocessing"
    ],
    "instance": {
        "facilities": 300,
        "customers": 300
    },
    "times": {
        "total_time in s": 3600.1,
        "model_building_time in s": 63.26,
        "model_solving_time in s": 3536.83
    },
    "nodes": {
        "total": 1.0
    },
    "solution": {
        "LB": 2983.048,
        "UB": 3567.6353,
        "gap in %": 0.16,
        "incumbent": [
            11,
            90,
            111,
            142,
            186,
            195,
            205,
            207,
            249,
            284,
            297
        ],
        "memory in MB": 4038.26
    },
    "bounds": {
        "lower_bounds": [
            [
                0.0,
                61.77836585044861
            ],
            [
                2927.4593922848085,
                418.98812890052795
            ],
            [
                2936.2058623088647,
                681.1781008243561
            ],
            [
                2936.355718860117,
                690.4821510314941
            ],
            [
                2936.499858727776,
                694.5156688690186
            ],
            [
                2936.7922191717416,
                700.9594860076904
            ],
            [
                2936.7976326703747,
                702.2478988170624
            ],
            [
                2936.798409005993,
                703.290778875351
            ],
            [
                2939.761315046531,
                812.0760459899902
            ],
            [
                2940.7247954827903,
                824.4043228626251
            ],
            [
                2940.757657571978,
                828.14044880867
            ],
            [
                2943.9945013791234,
                916.9958329200745
            ],
            [
                2944.239069904144,
                959.1143319606781
            ],
            [
                2944.3113897354715,
                963.0854330062866
            ],
            [
                2944.3116319039855,
                963.9514198303223
            ],
            [
                2946.915446866591,
                1030.3088648319244
            ],
            [
                2947.1542358037264,
                1039.7467498779297
            ],
            [
                2947.204761490601,
                1041.4388329982758
            ],
            [
                2947.204975301596,
                1042.7215127944946
            ],
            [
                2948.5271999640004,
                1101.7544729709625
            ],
            [
                2948.7806390357077,
                1144.2274429798126
            ],
            [
                2948.9212399503785,
                1146.521714925766
            ],
            [
                2949.302806054571,
                1150.5806729793549
            ],
            [
                2949.5393474703533,
                1156.4581968784332
            ],
            [
                2949.5645313678237,
                1158.3231120109558
            ],
            [
                2949.574458628933,
                1159.4136078357697
            ],
            [
                2949.5751389242228,
                1160.3033699989319
            ],
            [
                2950.236635459453,
                1195.4002828598022
            ],
            [
                2950.2446141224536,
                1199.139251947403
            ],
            [
                2950.245542823631,
                1200.1051869392395
            ],
            [
                2951.454520087222,
                1252.1746699810028
            ],
            [
                2951.9219627305542,
                1286.2562499046326
            ],
            [
                2952.131782961592,
                1288.8452308177948
            ],
            [
                2952.4224204348848,
                1291.5124537944794
            ],
            [
                2952.466075630389,
                1292.778597831726
            ],
            [
                2952.4832036238286,
                1294.3758919239044
            ],
            [
                2952.4887807683335,
                1295.3730688095093
            ],
            [
                2952.4913942875405,
                1296.7575719356537
            ],
            [
                2953.944391090774,
                1322.3897459506989
            ],
            [
                2954.035818335888,
                1327.5598938465118
            ],
            [
                2954.191933080173,
                1330.5585730075836
            ],
            [
                2954.20098010885,
                1331.6104090213776
            ],
            [
                2955.741666825476,
                1373.1039299964905
            ],
            [
                2955.777654477312,
                1384.7109758853912
            ],
            [
                2955.7904632888635,
                1385.8800020217896
            ],
            [
                2955.791234555723,
                1386.8472039699554
            ],
            [
                2956.963859866694,
                1415.110069990158
            ],
            [
                2957.3674397141867,
                1421.7733108997345
            ],
            [
                2957.449025671523,
                1423.3405888080597
            ],
            [
                2957.458288020824,
                1424.3802888393402
            ],
            [
                2959.10282787944,
                1468.5480139255524
            ],
            [
                2959.470767711019,
                1491.5401539802551
            ],
            [
                2959.557352146319,
                1493.7493269443512
            ],
            [
                2961.1693969859084,
                1530.145239830017
            ],
            [
                2961.6625871658152,
                1547.3139779567719
            ],
            [
                2961.812992840017,
                1550.9005799293518
            ],
            [
                2961.852398622682,
                1553.3253200054169
            ],
            [
                2961.8806063368866,
                1556.6344299316406
            ],
            [
                2961.885282949085,
                1558.0156779289246
            ],
            [
                2961.8853257567594,
                1558.916140794754
            ],
            [
                2963.7784706056755,
                1591.5782599449158
            ],
            [
                2964.224816808322,
                1626.7942478656769
            ],
            [
                2964.237781201285,
                1628.709496974945
            ],
            [
                2964.241986958495,
                1629.8266689777374
            ],
            [
                2964.242688089242,
                1630.7711899280548
            ],
            [
                2965.8944607668104,
                1662.0175969600677
            ],
            [
                2966.1294838014746,
                1681.5808098316193
            ],
            [
                2966.3864012590248,
                1684.4212718009949
            ],
            [
                2966.406756252347,
                1685.5153489112854
            ],
            [
                2966.408539732056,
                1687.325315952301
            ],
            [
                2967.0642428158167,
                1720.9168598651886
            ],
            [
                2967.3828709089653,
                1727.9925379753113
            ],
            [
                2967.5065965973345,
                1731.0801668167114
