{
    "input parameters": [
        "19",
        "1",
        "300",
        "X",
        "300_300",
        "no_preprocessing"
    ],
    "instance": {
        "facilities": 300,
        "customers": 300
    },
    "times": {
        "total_time in s": 3600.08,
        "model_building_time in s": 18.51,
        "model_solving_time in s": 3581.57
    },
    "nodes": {
        "total": 1.0
    },
    "solution": {
        "LB": 2980.5635,
        "UB": 3557.0357,
        "gap in %": 0.16,
        "incumbent": [
            90,
            111,
            142,
            195,
            205,
            207,
            209,
            236,
            249,
            251,
            284
        ],
        "memory in MB": 3797.67
    },
    "bounds": {
        "lower_bounds": [
            [
                0.0,
                71.29655289649963
            ],
            [
                2925.814254148683,
                503.20876002311707
            ],
            [
                2935.5780694781797,
                864.813747882843
            ],
            [
                2935.5995416672135,
                874.6340730190277
            ],
            [
                2938.63751399785,
                1017.9419260025024
            ],
            [
                2939.379849426189,
                1032.0507080554962
            ],
            [
                2939.55032476506,
                1034.3647758960724
            ],
            [
                2939.580250809239,
                1036.7552230358124
            ],
            [
                2939.6866533622715,
                1040.8690989017487
            ],
            [
                2939.779221330255,
                1044.9211719036102
            ],
            [
                2939.8298937911945,
                1046.222333908081
            ],
            [
                2939.8800387484553,
                1049.316134929657
            ],
            [
                2939.8810460214613,
                1050.813381910324
            ],
            [
                2943.395114934002,
                1131.3395009040833
            ],
            [
                2943.6675869733745,
                1147.204649925232
            ],
            [
                2943.8069888539703,
                1153.6701998710632
            ],
            [
                2943.810675642691,
                1155.4239909648895
            ],
            [
                2948.3861867407945,
                1237.7237389087677
            ],
            [
                2948.5862367036407,
                1246.1828820705414
            ],
            [
                2948.59546368138,
                1249.4009630680084
            ],
            [
                2948.5965480502127,
                1250.7721600532532
            ],
            [
                2949.997360201242,
                1314.3743739128113
            ],
            [
                2950.27375478912,
                1350.6063580513
            ],
            [
                2950.282160116733,
                1353.0222148895264
            ],
            [
                2950.2821894933973,
                1354.1708490848541
            ],
            [
                2951.7192964080996,
                1392.9659540653229
            ],
            [
                2952.118661539334,
                1400.5024569034576
            ],
            [
                2952.290405994715,
                1404.5001831054688
            ],
            [
                2952.301746979789,
                1406.5397288799286
            ],
            [
                2954.2640440739037,
                1453.1981959342957
            ],
            [
                2954.6516225758087,
                1468.3440499305725
            ],
            [
                2954.655511674222,
                1469.6339719295502
            ],
            [
                2954.6581198878835,
                1471.4868290424347
            ],
            [
                2956.0191236086375,
                1506.6694400310516
            ],
            [
                2956.638050736609,
                1521.974858045578
            ],
            [
                2957.0912602970234,
                1528.9429829120636
            ],
            [
                2957.220965144015,
                1532.0782659053802
            ],
            [
                2957.345313474284,
                1536.2960290908813
            ],
            [
                2957.4754892068477,
                1539.3397269248962
            ],
            [
                2957.674707479396,
                1548.5011940002441
            ],
            [
                2957.717375027429,
                1550.1960709095001
            ],
            [
                2957.7743116497686,
                1554.1761569976807
            ],
            [
                2957.783458164608,
                1557.2098779678345
            ],
            [
                2957.785977786616,
                1559.0121099948883
            ],
            [
                2958.8411816670064,
                1589.5418128967285
            ],
            [
                2960.0420680305824,
                1656.0491518974304
            ],
            [
                2960.1531229206826,
                1659.8454999923706
            ],
            [
                2960.163084944154,
                1661.8007700443268
            ],
            [
                2960.1735378634726,
                1664.19344997406
            ],
            [
                2960.1972649086706,
                1666.4478950500488
            ],
            [
                2960.2034651621634,
                1667.6478760242462
            ],
            [
                2960.217691008093,
                1669.3525168895721
            ],
            [
                2960.22114796191,
                1670.477509021759
            ],
            [
                2962.84764061476,
                1728.340152978897
            ],
            [
                2963.6379540008384,
                1741.3831179141998
            ],
            [
                2963.742358805485,
                1744.9886949062347
            ],
            [
                2963.76370091964,
                1747.1856319904327
            ],
            [
                2963.799131488966,
                1748.7539010047913
            ],
            [
                2963.8071080587724,
                1750.0952389240265
            ],
            [
                2965.3294588944136,
                1819.541893005371
            ],
            [
                2965.4229329798086,
                1902.147912979126
            ],
            [
                2965.445746284851,
                1906.66655087471
            ],
            [
                2965.4525961150534,
                1907.9649169445038
            ],
            [
                2965.4604845699264,
                1909.4762270450592
            ],
            [
                2965.460831950763,
                1910.611496925354
            ],
            [
                2965.9563839945513,
                1961.1739358901978
            ],
            [
                2966.334642291712,
                1969.2135899066925
            ],
            [
                2966.6729526297463,
                1971.467367887497
            ],
            [
                2966.7667098127254,
                1973.8510460853577
            ],
            [
                2966.7834037687244,
                1976.3841319084167
            ],
            [
                2966.7860618190766,
                1977.5721879005432
            ],
            [
                2967.173990988924,
                2048.0145869255066
            ],
            [
                2967.2713184844424,
                2051.169581890106
