{
    "input parameters": [
        "1",
        "0",
        "cap",
        "c",
        "50_75",
        "preprocessing"
    ],
    "instance": {
        "facilities": 50,
        "customers": 75
    },
    "times": {
        "total_time in s": 0.39,
        "model_building_time in s": 0.29,
        "model_solving_time in s": 0.1
    },
    "nodes": {
        "total": 1.0
    },
    "solution": {
        "LB": 732615.0954,
        "UB": 732615.0954,
        "gap in %": 0.0,
        "incumbent": [
            0,
            1,
            4,
            5,
            13,
            14,
            15,
            19,
            21,
            23,
            34,
            35,
            46,
            49
        ],
        "memory in MB": 82.14
    },
    "bounds": {
        "lower_bounds": [
            [
                265351.5511564939,
                0.058354854583740234
            ],
            [
                723739.4699007728,
                0.06902098655700684
            ],
            [
                728577.5030072627,
                0.08642387390136719
            ],
            [
                730194.6217565766,
                0.09367084503173828
            ]
        ],
        "upper_bounds": [
            [
                852747.8106166804,
                0.05862903594970703
            ],
            [
                801946.9108452599,
                0.06926989555358887
            ],
            [
                764305.452568046,
                0.07125687599182129
            ],
            [
                761967.6265110616,
                0.08715987205505371
            ],
            [
                740529.0776304014,
                0.08784699440002441
            ],
            [
                738991.0162539692,
                0.08852100372314453
            ],
            [
                732615.0954473023,
                0.08925890922546387
            ]
        ]
    }
}