{
    "input parameters": [
        "1",
        "0",
        "cap",
        "b",
        "75_100",
        "no_Lagrangian"
    ],
    "instance": {
        "facilities": 75,
        "customers": 100
    },
    "times": {
        "total_time in s": 6.32,
        "model_building_time in s": 1.03,
        "model_solving_time in s": 5.29
    },
    "nodes": {
        "total": 1.0
    },
    "solution": {
        "LB": 1686745.5683,
        "UB": 1686745.5683,
        "gap in %": 0.0,
        "incumbent": [
            1,
            3,
            6,
            7,
            8,
            11,
            12,
            19,
            22,
            36,
            41,
            42,
            45,
            47,
            49,
            51,
            56,
            59,
            62,
            65,
            71,
            73
        ],
        "memory in MB": 235.02
    },
    "bounds": {
        "lower_bounds": [
            [
                0.0,
                4.071588039398193
            ],
            [
                1586431.5581700755,
                4.32177209854126
            ],
            [
                1631757.9020067235,
                4.638758182525635
            ],
            [
                1633840.7711324126,
                4.666540145874023
            ],
            [
                1667416.2767000275,
                5.071547031402588
            ],
            [
                1673720.1975779324,
                5.134284019470215
            ],
            [
                1674905.2922292105,
                5.145265102386475
            ],
            [
                1674922.7977636603,
                5.1478111743927
            ],
            [
                1674923.9755036505,
                5.149492025375366
            ],
            [
                1674925.961237026,
                5.15088415145874
            ],
            [
                1676749.762136084,
                5.1795690059661865
            ],
            [
                1676750.679773483,
                5.18583607673645
            ],
            [
                1677745.4188297915,
                5.227967023849487
            ],
            [
                1682945.209459622,
                5.2736711502075195
            ],
            [
                1686745.568341027,
                5.276654958724976
            ]
        ],
        "upper_bounds": [
            [
                2119633.6437148307,
                4.0728230476379395
            ],
            [
                1819781.006649586,
                4.322678089141846
            ],
            [
                1791185.5950181503,
                4.328629970550537
            ],
            [
                1717628.3676665714,
                4.335756063461304
            ],
            [
                1714202.6417082236,
                4.651360034942627
            ],
            [
                1701613.4913358968,
                5.137859106063843
            ],
            [
                1686926.538445097,
                5.181802034378052
            ],
            [
                1686745.5683410268,
                5.274257183074951
            ]
        ]
    }
}