{
    "input parameters": [
        "1",
        "0",
        "cap",
        "b",
        "50_75",
        "no_preprocessing"
    ],
    "instance": {
        "facilities": 50,
        "customers": 75
    },
    "times": {
        "total_time in s": 1.42,
        "model_building_time in s": 0.51,
        "model_solving_time in s": 0.91
    },
    "nodes": {
        "total": 1.0
    },
    "solution": {
        "LB": 877702.6252,
        "UB": 877702.6252,
        "gap in %": 0.0,
        "incumbent": [
            1,
            2,
            3,
            6,
            7,
            8,
            11,
            14,
            19,
            25,
            28,
            30,
            36,
            37,
            45,
            49
        ],
        "memory in MB": 146.91
    },
    "bounds": {
        "lower_bounds": [
            [
                80349.0289523953,
                0.8697848320007324
            ],
            [
                858171.9335933513,
                0.8808779716491699
            ],
            [
                872455.7253374592,
                0.8957319259643555
            ],
            [
                874423.9814892744,
                0.901702880859375
            ],
            [
                874778.6522416505,
                0.9037179946899414
            ],
            [
                877702.6251699275,
                0.9108579158782959
            ]
        ],
        "upper_bounds": [
            [
                1105529.002318263,
                0.8698928356170654
            ],
            [
                943718.0826610463,
                0.8810698986053467
            ],
            [
                928610.9296854894,
                0.8821518421173096
            ],
            [
                913441.4018428533,
                0.896716833114624
            ],
            [
                895048.2837120657,
                0.8969500064849854
            ],
            [
                880738.0927476558,
                0.8978588581085205
            ],
            [
                877702.6251699275,
                0.9107978343963623
            ]
        ]
    }
}