{
    "input parameters": [
        "1",
        "0",
        "cap",
        "c",
        "50_75",
        "no_Lagrangian"
    ],
    "instance": {
        "facilities": 50,
        "customers": 75
    },
    "times": {
        "total_time in s": 2.04,
        "model_building_time in s": 0.53,
        "model_solving_time in s": 1.52
    },
    "nodes": {
        "total": 1.0
    },
    "solution": {
        "LB": 732615.0954,
        "UB": 732615.0954,
        "gap in %": 0.0,
        "incumbent": [
            0,
            1,
            4,
            5,
            13,
            14,
            15,
            19,
            21,
            23,
            34,
            35,
            46,
            49
        ],
        "memory in MB": 150.17
    },
    "bounds": {
        "lower_bounds": [
            [
                0.0,
                1.262934923171997
            ],
            [
                723643.644815308,
                1.3355419635772705
            ],
            [
                725053.944459155,
                1.4853911399841309
            ],
            [
                730900.7445020678,
                1.5038399696350098
            ],
            [
                732615.0954473023,
                1.511754035949707
            ]
        ],
        "upper_bounds": [
            [
                953935.6469927279,
                1.2634401321411133
            ],
            [
                767261.6861186564,
                1.3366219997406006
            ],
            [
                763937.7226000051,
                1.4885921478271484
            ],
            [
                756381.6177150942,
                1.4893989562988281
            ],
            [
                743263.5463132346,
                1.5055911540985107
            ],
            [
                732615.0954473022,
                1.507504940032959
            ]
        ]
    }
}