{
    "input parameters": [
        "1",
        "0",
        "cap",
        "a",
        "50_75",
        "preprocessing"
    ],
    "instance": {
        "facilities": 50,
        "customers": 75
    },
    "times": {
        "total_time in s": 1.1,
        "model_building_time in s": 0.32,
        "model_solving_time in s": 0.78
    },
    "nodes": {
        "total": 93.0
    },
    "solution": {
        "LB": 1449086.7258,
        "UB": 1449086.7258,
        "gap in %": 0.0,
        "incumbent": [
            0,
            2,
            5,
            6,
            8,
            9,
            10,
            11,
            20,
            21,
            22,
            29,
            32,
            41
        ],
        "memory in MB": 87.79
    },
    "bounds": {
        "lower_bounds": [
            [
                122908.61124294264,
                0.07717084884643555
            ],
            [
                1357497.4374044295,
                0.1103508472442627
            ],
            [
                1389092.5301869484,
                0.20757198333740234
            ],
            [
                1396150.4734840856,
                0.21495485305786133
            ],
            [
                1411943.3100193583,
                0.25745582580566406
            ],
            [
                1412741.87989851,
                0.2646520137786865
            ],
            [
                1412752.0460133052,
                0.266157865524292
            ],
            [
                1419943.4224558936,
                0.31551504135131836
            ],
            [
                1422646.5032049553,
                0.32811903953552246
            ],
            [
                1422665.0962478772,
                0.3300018310546875
            ],
            [
                1427494.9742065312,
                0.3758108615875244
            ],
            [
                1427692.2861113348,
                0.3838160037994385
            ],
            [
                1427697.7319697575,
                0.38564205169677734
            ],
            [
                1428837.844407739,
                0.4099109172821045
            ],
            [
                1429149.7908261379,
                0.4186398983001709
            ],
            [
                1429192.4509033335,
                0.4215068817138672
            ],
            [
                1429192.47003012,
                0.4230358600616455
            ],
            [
                1429803.4765600814,
                0.4451260566711426
            ],
            [
                1429893.4522031248,
                0.4535338878631592
            ],
            [
                1429913.5433448148,
                0.4550590515136719
            ],
            [
                1430755.3632543122,
                0.4756028652191162
            ],
            [
                1430897.06376365,
                0.4818429946899414
            ],
            [
                1430945.719207835,
                0.48398900032043457
            ],
            [
                1430950.8579173016,
                0.4857020378112793
            ],
            [
                1431062.2593400578,
                0.5078990459442139
            ],
            [
                1431067.911293491,
                0.5150289535522461
            ],
            [
                1431862.2819089398,
                0.6336250305175781
            ],
            [
                1431865.2794854885,
                0.6401610374450684
            ],
            [
                1433821.6335841075,
                0.6657760143280029
            ],
            [
                1435946.2341672496,
                0.6878149509429932
            ],
            [
                1436191.608834275,
                0.706866979598999
            ],
            [
                1437893.8517051425,
                0.735152006149292
            ],
            [
                1438493.9567587988,
                0.7437210083007812
            ],
            [
                1438500.4368453035,
                0.7528338432312012
            ],
            [
                1439855.088461756,
                0.7549529075622559
            ],
            [
                1440139.9087410097,
                0.7685890197753906
            ],
            [
                1443180.9917768564,
                0.7699639797210693
            ],
            [
                1443331.7033717418,
                0.7727408409118652
            ]
        ],
        "upper_bounds": [
            [
                1923387.1958492794,
                0.0775139331817627
            ],
            [
                1734356.3660330367,
                0.07780790328979492
            ],
            [
                1556086.007643103,
                0.1438579559326172
            ],
            [
                1506968.7919889356,
                0.144989013671875
            ],
            [
                1505983.0776322724,
                0.20861101150512695
            ],
            [
                1504753.7696510858,
                0.21047496795654297
            ],
            [
                1497380.0167077554,
                0.26065993309020996
            ],
            [
                1486245.8178013917,
                0.31685495376586914
            ],
            [
                1485211.7774116283,
                0.3194088935852051
            ],
            [
                1474999.7839802504,
                0.41295695304870605
            ],
            [
                1466133.1120962608,
                0.45087599754333496
            ],
            [
                1449086.725805565,
                0.47969794273376465
            ]
        ]
    }
}