{"input parameters": ["1", "0", "500", "X", "500_500", "no_Lagrangian"], "instance": {"facilities": 500, "customers": 500}, "times": {"total_time in s": 3600.08, "initialisation_time in s": 481.63, "node_selection_time in s": 0.25, "implied_demands_time in s": 1317.9, "bounds_time in s": 177.75, "variable_selection in s": 1105.72, "greedy_heuristics_time in s": 443.51, "other_time in s": 73.32}, "nodes": {"total": 201, "pruned": 0, "infeasible": 0, "finished": 0}, "solution": {"LB": 26917.8291, "UB": 45950.8243, "gap in %": 41.42, "incumbent": [0, 5, 13, 29, 34, 44, 45, 48, 56, 57, 58, 62, 66, 67, 68, 73, 82, 86, 92, 99, 100, 102, 127, 131, 135, 137, 138, 142, 143, 147, 150, 151, 158, 162, 163, 170, 171, 174, 180, 189, 191, 201, 205, 208, 212, 216, 218, 220, 227, 232, 233, 236, 238, 239, 241, 251, 254, 261, 262, 266, 285, 291, 294, 317, 319, 320, 321, 324, 328, 336, 338, 339, 342, 344, 348, 353, 359, 363, 368, 370, 372, 375, 382, 386, 387, 394, 407, 418, 423, 425, 433, 439, 448, 458, 461, 464, 465, 467, 468, 477, 495, 496, 497], "memory in MB": 4842.48}, "bounds": {"lower_bounds": [[24651.252, 481.63], [24904.695036022902, 492.29, "combined_combinatorial"], [25009.689418461647, 497.61, "combined_combinatorial"], [25135.15820410476, 511.55, "combined_combinatorial"], [25412.94620410476, 525.25, "combined_combinatorial"], [25412.94904976706, 538.86, "combined_combinatorial"], [25412.981592514636, 552.35, "combined_combinatorial"], [25473.334059371562, 557.44, "combined_combinatorial"], [25603.365224814406, 570.88, "combined_combinatorial"], [25920.64229840038, 575.86, "combined_combinatorial"], [25920.849593501225, 589.63, "combined_combinatorial"], [25920.8821362488, 603.35, "combined_combinatorial"], [25935.65629840038, 616.85, "combined_combinatorial"], [25940.561978243444, 630.12, "combined_combinatorial"], [25949.774891368274, 643.57, "combined_combinatorial"], [25981.234603105724, 648.77, "combined_combinatorial"], [26111.26576854857, 662.33, "combined_combinatorial"], [26131.26304416991, 676.64, "combined_combinatorial"], [26137.502044169913, 690.94, "combined_combinatorial"], [26137.504889832213, 705.22, "combined_combinatorial"], [26217.839107251384, 718.89, "combined_combinatorial"], [26224.10521635839, 733.06, "combined_combinatorial"], [26224.13775910597, 747.37, "combined_combinatorial"], [26225.03910725138, 789.48, "combined_combinatorial"], [26225.42475910597, 831.21, "combined_combinatorial"], [26269.620759105972, 859.68, "combined_combinatorial"], [26293.82165566931, 873.15, "combined_combinatorial"], [26340.81642310293, 887.34, "combined_combinatorial"], [26348.698997348907, 901.23, "combined_combinatorial"], [26349.985997348907, 942.89, "combined_combinatorial"], [26380.272815128654, 970.86, "combined_combinatorial"], [26381.559815128654, 1013.28, "combined_combinatorial"], [26386.531232984707, 1041.35, "combined_combinatorial"], [26402.194806738713, 1046.58, "combined_combinatorial"], [26403.168521193762, 1060.96, "combined_combinatorial"], [26417.277521193762, 1075.12, "combined_combinatorial"], [26428.542842134542, 1080.44, "combined_combinatorial"], [26443.55684213454, 1094.87, "combined_combinatorial"], [26448.46252197761, 1108.87, "combined_combinatorial"], [26454.33270154833, 1123.19, "combined_combinatorial"], [26457.67543510244, 1137.39, "combined_combinatorial"], [26511.791324105972, 1152.08, "combined_combinatorial"], [26516.433506262314, 1167.29, "combined_combinatorial"], [26522.675351924612, 1182.28, "combined_combinatorial"], [26522.70789467219, 1197.35, "combined_combinatorial"], [26523.99489467219, 1257.1, "combined_combinatorial"], [26540.040487165068, 1287.06, "combined_combinatorial"], [26543.08899734891, 1316.15, "combined_combinatorial"], [26551.397640251384, 1330.81, "combined_combinatorial"], [26555.98732410597, 1345.74, "combined_combinatorial"], [26557.69629210597, 1360.89, "combined_combinatorial"], [26558.59764025138, 1390.77, "combined_combinatorial"], [26558.98329210597, 1420.69, "combined_combinatorial"], [26568.19089467219, 1450.84, "combined_combinatorial"], [26576.525365545298, 1465.58, "combined_combinatorial"], [26582.951025667076, 1480.97, "combined_combinatorial"], [26582.983568414653, 1496.09, "combined_combinatorial"], [26584.236487165068, 1541.93, "combined_combinatorial"], [26584.270568414653, 1557.07, "combined_combinatorial"], [26603.17929210597, 1587.59, "combined_combinatorial"], [26605.139872695392, 1602.65, "combined_combinatorial"], [26608.01356841465, 1617.8, "combined_combinatorial"], [26618.873126356848, 1632.57, "combined_combinatorial"], [26627.182988102933, 1647.98, "combined_combinatorial"], [26627.38018866931, 1662.47, "combined_combinatorial"], [26636.352562348908, 1677.36, "combined_combinatorial"], [26639.38655866915, 1692.54, "combined_combinatorial"], [26645.40543356638, 1708.22, "combined_combinatorial"], [26655.43215116203, 1723.83, "combined_combinatorial"], [26664.601725408007, 1738.74, "combined_combinatorial"], [26667.926380128654, 1768.85, "combined_combinatorial"], [26674.374956102933, 1784.21, "combined_combinatorial"], [26682.257530348907, 1799.0, "combined_combinatorial"], [26683.544530348907, 1829.16, "combined_combinatorial"], [26690.78799728575, 1849.7, "combined_combinatorial"], [26696.17554318775, 1864.95, "combined_combinatorial"], [26712.70789467219, 1895.74, "combined_combinatorial"], [26713.831348128653, 1926.56, "combined_combinatorial"], [26713.99489467219, 1957.9, "combined_combinatorial"], [26715.118348128653, 1988.85, "combined_combinatorial"], [26725.739650985546, 2019.62, "combined_combinatorial"], [26732.005760092557, 2035.78, "combined_combinatorial"], [26732.038302840134, 2051.49, "combined_combinatorial"], [26732.939650985543, 2098.21, "combined_combinatorial"], [26733.325302840134, 2144.89, "combined_combinatorial"], [26736.72705419376, 2176.19, "combined_combinatorial"], [26740.699266548334, 2191.52, "combined_combinatorial"], [26750.83605419376, 2206.85, "combined_combinatorial"], [26750.905673000307, 2220.33, "combined_combinatorial"], [26752.90283711455, 2235.74, "combined_combinatorial"], [26756.745906716, 2241.26, "combined_combinatorial"], [26758.027906716, 2256.33, "combined_combinatorial"], [26758.19089467219, 2286.99, "combined_combinatorial"], [26768.948429607433, 2302.51, "combined_combinatorial"], [26777.521302840134, 2318.38, "combined_combinatorial"], [26787.891234548333, 2333.54, "combined_combinatorial"], [26789.56095834891, 2348.97, "combined_combinatorial"], [26801.722199403477, 2379.14, "combined_combinatorial"], [26802.054872695393, 2394.08, "combined_combinatorial"], [26804.07956841465, 2409.8, "combined_combinatorial"], [26810.36145967219, 2425.61, "combined_combinatorial"], [26815.04950210597, 2441.81, "combined_combinatorial"], [26815.95085025138, 2457.05, "combined_combinatorial"], [26816.33650210597, 2473.33, "combined_combinatorial"], [26829.38655866915, 2505.22, "combined_combinatorial"], [26829.455562348907, 2520.36, "combined_combinatorial"], [26830.778111374573, 2535.9, "combined_combinatorial"], [26831.091673576597, 2550.99, "combined_combinatorial"], [26831.561052165067, 2566.99, "combined_combinatorial"], [26838.61062273129, 2583.53, "combined_combinatorial"], [26844.67458391556, 2614.78, "combined_combinatorial"], [26844.826583915557, 2660.91, "combined_combinatorial"], [26844.983108607354, 2676.03, "combined_combinatorial"], [26845.34985710597, 2692.24, "combined_combinatorial"], [26847.77544495414, 2708.07, "combined_combinatorial"], [26848.716966837095, 2739.86, "combined_combinatorial"], [26849.06244495414, 2755.64, "combined_combinatorial"], [26850.072997348907, 2786.61, "combined_combinatorial"], [26852.583451707535, 2792.58, "combined_combinatorial"], [26854.033862810196, 2808.15, "combined_combinatorial"], [26854.55745967219, 2824.28, "combined_combinatorial"], [26854.750839461023, 2840.64, "combined_combinatorial"], [26854.75349373841, 2856.76, "combined_combinatorial"], [26855.14945170754, 