{"input parameters": ["1", "0", "1000", "X", "1000_1000", "no_Lagrangian"], "instance": {"facilities": 1000, "customers": 1000}, "times": {"total_time in s": 20596.14, "initialisation_time in s": 6460.15, "node_selection_time in s": 1.03, "implied_demands_time in s": 4651.11, "bounds_time in s": 481.07, "variable_selection in s": 5515.08, "greedy_heuristics_time in s": 3165.15, "other_time in s": 322.55}, "nodes": {"total": 154, "pruned": 0, "infeasible": 0, "finished": 0}, "solution": {"LB": 50937.9332, "UB": 90910.9732, "gap in %": 43.97, "incumbent": [0, 3, 5, 10, 20, 22, 25, 29, 30, 39, 42, 50, 51, 52, 53, 58, 60, 61, 62, 65, 66, 68, 83, 84, 86, 87, 94, 108, 111, 123, 132, 135, 139, 140, 141, 143, 152, 153, 159, 160, 161, 164, 170, 178, 188, 196, 203, 207, 211, 241, 246, 247, 249, 251, 255, 257, 258, 261, 265, 294, 296, 301, 302, 303, 309, 313, 318, 320, 323, 326, 329, 353, 359, 362, 363, 366, 367, 379, 383, 394, 399, 401, 402, 405, 406, 420, 433, 439, 442, 445, 452, 457, 458, 463, 466, 476, 483, 487, 491, 493, 502, 505, 507, 510, 511, 512, 514, 523, 525, 527, 548, 549, 551, 553, 555, 567, 571, 572, 580, 589, 591, 600, 605, 606, 612, 619, 620, 623, 625, 642, 658, 666, 671, 674, 677, 678, 689, 693, 696, 699, 705, 721, 723, 735, 740, 741, 744, 745, 749, 752, 757, 758, 759, 760, 775, 780, 783, 786, 790, 800, 801, 807, 810, 819, 820, 826, 848, 852, 857, 860, 861, 864, 865, 867, 870, 884, 885, 898, 924, 936, 939, 941, 943, 947, 966, 967, 982, 987, 988, 999], "memory in MB": 10030.06}, "bounds": {"lower_bounds": [[45049.613, 6460.15], [45491.93031574835, 6546.3, "combined_combinatorial"], [45716.68213529191, 6606.43, "combined_combinatorial"], [45726.726315748354, 6633.63, "combined_combinatorial"], [46137.289101320675, 6691.05, "combined_combinatorial"], [46665.486905812526, 6749.51, "combined_combinatorial"], [46775.683783266715, 6775.47, "combined_combinatorial"], [47051.06355651162, 6803.27, "combined_combinatorial"], [47449.28334172825, 6891.91, "combined_combinatorial"], [47536.327341728254, 6920.49, "combined_combinatorial"], [47726.60860732592, 6968.87, "combined_combinatorial"], [47964.32490581253, 6985.78, "combined_combinatorial"], [47991.92132703224, 7039.34, "combined_combinatorial"], [48093.54623939907, 7056.56, "combined_combinatorial"], [48102.11820448644, 7080.48, "combined_combinatorial"], [48152.95992185477, 7104.47, "combined_combinatorial"], [48346.52892185477, 7128.55, "combined_combinatorial"], [48652.21523462924, 7183.26, "combined_combinatorial"], [48667.49037784655, 7228.94, "combined_combinatorial"], [48783.66476294797, 7255.02, "combined_combinatorial"], [48870.708762947965, 7281.6, "combined_combinatorial"], [48913.603480316306, 7308.0, "combined_combinatorial"], [49105.3944803163, 7366.88, "combined_combinatorial"], [49147.478823472964, 7425.46, "combined_combinatorial"], [49290.85032703224, 7442.55, "combined_combinatorial"], [49343.37839228693, 7466.51, "combined_combinatorial"], [49420.071660618785, 7483.36, "combined_combinatorial"], [49459.209813762274, 7502.05, "combined_combinatorial"], [49479.394343074484, 7525.93, "combined_combinatorial"], [49506.95739228694, 7550.01, "combined_combinatorial"], [49546.253813762276, 7597.71, "combined_combinatorial"], [49565.52036899555, 7654.93, "combined_combinatorial"], [49637.74828481134, 7715.17, "combined_combinatorial"], [49673.06934307449, 7739.48, "combined_combinatorial"], [49678.51728481134, 7799.91, "combined_combinatorial"], [49758.497107488074, 7857.81, "combined_combinatorial"], [49848.37628481134, 7916.69, "combined_combinatorial"], [49862.25328481134, 7975.59, "combined_combinatorial"], [49873.436284811345, 8000.73, "combined_combinatorial"], [49929.36550161586, 8052.14, "combined_combinatorial"], [49967.13647801793, 8077.51, "combined_combinatorial"], [49978.75565584896, 8134.18, "combined_combinatorial"], [49991.05044107461, 8196.1, "combined_combinatorial"], [49991.07048014713, 8262.59, "combined_combinatorial"], [50007.02644665106, 8332.36, "combined_combinatorial"], [50039.562379070056, 8427.26, "combined_combinatorial"], [50054.27447801793, 8494.1, "combined_combinatorial"], [50055.78983033393, 8561.48, "combined_combinatorial"], [50098.12504394716, 8589.96, "combined_combinatorial"], [50111.429083019684, 8722.58, "combined_combinatorial"], [50111.60308301968, 8750.21, "combined_combinatorial"], [50117.62597169893, 8816.47, "combined_combinatorial"], [50125.255971698934, 8844.56, "combined_combinatorial"], [50157.885163920466, 8912.18, "combined_combinatorial"], [50157.90520299299, 8978.66, "combined_combinatorial"], [50157.991604180555, 9045.42, "combined_combinatorial"], [50176.88544665106, 9111.56, "combined_combinatorial"], [50181.15548014712, 9178.14, "combined_combinatorial"], [50190.76244665106, 9245.35, "combined_combinatorial"], [50201.94544665106, 9273.34, "combined_combinatorial"], [50236.34560418055, 9341.57, "combined_combinatorial"], [50238.56321422347, 9410.5, "combined_combinatorial"], [50245.436043947164, 9479.64, "combined_combinatorial"], [50245.61004394716, 9509.0, "combined_combinatorial"], [50247.407214223465, 9577.18, "combined_combinatorial"], [50247.98490153602, 9605.18, "combined_combinatorial"], [50251.63293262641, 9673.31, "combined_combinatorial"], [50259.262932626414, 9701.34, "combined_combinatorial"], [50259.91614672111, 9728.37, "combined_combinatorial"], [50264.50581160446, 9794.89, "combined_combinatorial"], [50264.52585067698, 9861.89, "combined_combinatorial"], [50274.283143885536, 9890.33, "combined_combinatorial"], [50285.94925186454, 9957.75, "combined_combinatorial"], [50307.816699292445, 9988.53, "combined_combinatorial"], [50309.183873344504, 10056.86, "combined_combinatorial"], [50316.8138733445, 10084.54, "combined_combinatorial"], [50348.64326791897, 10113.63, "combined_combinatorial"], [50350.2750707899, 10141.76, "combined_combinatorial"], [50384.79299217365, 10210.27, "combined_combinatorial"], [50399.7441467211, 10274.85, "combined_combinatorial"], [50404.41961582369, 10344.01, "combined_combinatorial"], [50411.58300181134, 10375.03, "combined_combinatorial"], [50426.634205786875, 10402.78, "combined_combinatorial"], [50428.65248010677, 10542.1, "combined_combinatorial"], [50439.9382448594, 10611.32, "combined_combinatorial"], [50440.112244859396, 10639.93, "combined_combinatorial"], [50441.65990153602, 10711.19, "combined_combinatorial"], [50443.19083427199, 10781.93, "combined_combinatorial"], [50446.13513353864, 10853.11, "combined_combinatorial"], [50450.82083427199, 10882.3, "combined_combinatorial"], [50453.76513353865, 10910.99, "combined_combinatorial"], [50454.26936833452, 10981.53, "combined_combinatorial"], [50467.573407407035, 11052.94, "combined_combinatorial"], [50483.74424469268, 11123.95, "combined_combinatorial"], [50486.888325760185, 11194.96, "combined_combinatorial"], [50486.90836483271, 11265.77, "combined_combinatorial"], [50486.994766020274, 11337.32, "combined_combinatorial"], [50508.98325186454, 11407.77, "combined_combinatorial"], [50509.9410241753, 11435.72, "combined_combinatorial"], [50537.176626034285, 11509.41, "combined_combinatorial"], [50537.1966651068, 11583.42, "combined_combinatorial"], [50563.705801213684, 11658.44, "combined_combinatorial"], [50565.41976602026, 11730.36, "combined_combinatorial"], [50566.795162660375, 11758.91, "combined_combinatorial"], [50567.07237606318, 11834.28, "combined_combinatorial"], [50573.94520578688, 11908.79, "combined_combinatorial"], [50574.119205786876, 11937.94, "combined_combinatorial"], [50575.93037606319, 12011.1, "combined_combinatorial"], [50579.767245806775, 12087.36, "combined_combinatorial"], [50580.14209446613, 12170.31, "combined_combinatorial"], [50587.77209446613, 12204.14, "combined_combinatorial"], [50601.580368334515, 12288.68, "combined_combinatorial"], [50607.50791560296, 12322.88, "combined_combinatorial"], [50608.85905111385, 12406.36, "combined_combinatorial"], [50629.02561722823, 12522.94, 