{
    "input parameters": [
        "1",
        "0",
        "cap",
        "c",
        "75_100",
        "no_preprocessing"
    ],
    "instance": {
        "facilities": 75,
        "customers": 100
    },
    "times": {
        "total_time in s": 11.41,
        "model_building_time in s": 1.01,
        "model_solving_time in s": 10.4
    },
    "nodes": {
        "total": 1.0
    },
    "solution": {
        "LB": 1221518.5451,
        "UB": 1221518.5451,
        "gap in %": 0.0,
        "incumbent": [
            1,
            5,
            13,
            19,
            23,
            26,
            29,
            34,
            44,
            46,
            48,
            51,
            52,
            55,
            56,
            57,
            65,
            67,
            69
        ],
        "memory in MB": 255.23
    },
    "bounds": {
        "lower_bounds": [
            [
                0.0,
                4.172646999359131
            ],
            [
                1153929.518033053,
                5.932410955429077
            ],
            [
                1172743.5299254912,
                8.583477973937988
            ],
            [
                1191342.5960227626,
                8.739465951919556
            ],
            [
                1193994.364192814,
                8.762815952301025
            ],
            [
                1200079.0139085394,
                8.851906061172485
            ],
            [
                1200168.7214029604,
                8.867849111557007
            ],
            [
                1202886.5670537031,
                8.974102020263672
            ],
            [
                1203041.4311766278,
                8.99232006072998
            ],
            [
                1203164.7729016813,
                8.999654054641724
            ],
            [
                1203165.921155654,
                9.002448081970215
            ],
            [
                1203719.1401689644,
                9.099836111068726
            ],
            [
                1203756.0035108093,
                9.112971067428589
            ],
            [
                1204341.6528950986,
                9.184720993041992
            ],
            [
                1204429.8361236001,
                9.200448036193848
            ],
            [
                1204458.3425230493,
                9.204206943511963
            ],
            [
                1204738.677727269,
                9.266123056411743
            ],
            [
                1204879.3651863215,
                9.28185510635376
            ],
            [
                1204930.1566301044,
                9.287938117980957
            ],
            [
                1204950.649304946,
                9.29246711730957
            ],
            [
                1204951.2430212167,
                9.295568943023682
            ],
            [
                1205074.2627872746,
                9.354887008666992
            ],
            [
                1208447.5888507855,
                9.782272100448608
            ],
            [
                1208942.6690572496,
                9.796946048736572
            ],
            [
                1209213.4058701452,
                9.806385040283203
            ],
            [
                1209276.7598236015,
                9.811409950256348
            ],
            [
                1209286.3871199917,
                9.814933061599731
            ],
            [
                1209287.3189699366,
                9.817373991012573
            ],
            [
                1210294.4690623917,
                9.916592121124268
            ],
            [
                1210518.0378371892,
                9.927879095077515
            ],
            [
                1211710.686381773,
                10.02718210220337
            ],
            [
                1212209.9590432004,
                10.08517599105835
            ],
            [
                1212275.482752487,
                10.098178148269653
            ],
            [
                1212329.4444307354,
                10.102723121643066
            ],
            [
                1212343.4649934284,
                10.106246948242188
            ],
            [
                1212353.7513025897,
                10.152102947235107
            ],
            [
                1213493.0000305632,
                10.310275077819824
            ],
            [
                1214045.9012468294,
                10.314114093780518
            ],
            [
                1214302.2559700771,
                10.323004007339478
            ],
            [
                1215983.4779002075,
                10.341581106185913
            ],
            [
                1216062.1547012536,
                10.346261978149414
            ],
            [
                1216065.287706294,
                10.348291158676147
            ],
            [
                1217434.3009141511,
                10.36558198928833
            ],
            [
                1217601.476053283,
                10.369847059249878
            ],
            [
                1217752.4035748402,
                10.37493109703064
            ],
            [
                1221518.5450631685,
                10.395561933517456
            ]
        ],
        "upper_bounds": [
            [
                1404744.6553811906,
                4.492177963256836
            ],
            [
                1287834.285870756,
                5.968449115753174
            ],
            [
                1279232.7080146903,
                8.584174156188965
            ],
            [
                1245824.836301854,
                8.589141130447388
            ],
            [
                1244962.135626431,
                8.59539008140564
            ],
            [
                1221518.5450631687,
                8.754210948944092
            ]
        ]
    }
}