{"input parameters": ["1", "0", "1000", "X", "1000_1000", "Lagrangian"], "instance": {"facilities": 1000, "customers": 1000}, "times": {"total_time in s": 26309.61, "initialisation_time in s": 6480.41, "node_selection_time in s": 1.1, "implied_demands_time in s": 4538.39, "bounds_time in s": 6530.15, "variable_selection in s": 5370.4, "greedy_heuristics_time in s": 3073.59, "other_time in s": 315.56}, "nodes": {"total": 152, "pruned": 0, "infeasible": 0, "finished": 0}, "solution": {"LB": 50935.5347, "UB": 90910.9732, "gap in %": 43.97, "incumbent": [0, 3, 5, 10, 20, 22, 25, 29, 30, 39, 42, 50, 51, 52, 53, 58, 60, 61, 62, 65, 66, 68, 83, 84, 86, 87, 94, 108, 111, 123, 132, 135, 139, 140, 141, 143, 152, 153, 159, 160, 161, 164, 170, 178, 188, 196, 203, 207, 211, 241, 246, 247, 249, 251, 255, 257, 258, 261, 265, 294, 296, 301, 302, 303, 309, 313, 318, 320, 323, 326, 329, 353, 359, 362, 363, 366, 367, 379, 383, 394, 399, 401, 402, 405, 406, 420, 433, 439, 442, 445, 452, 457, 458, 463, 466, 476, 483, 487, 491, 493, 502, 505, 507, 510, 511, 512, 514, 523, 525, 527, 548, 549, 551, 553, 555, 567, 571, 572, 580, 589, 591, 600, 605, 606, 612, 619, 620, 623, 625, 642, 658, 666, 671, 674, 677, 678, 689, 693, 696, 699, 705, 721, 723, 735, 740, 741, 744, 745, 749, 752, 757, 758, 759, 760, 775, 780, 783, 786, 790, 800, 801, 807, 810, 819, 820, 826, 848, 852, 857, 860, 861, 864, 865, 867, 870, 884, 885, 898, 924, 936, 939, 941, 943, 947, 966, 967, 982, 987, 988, 999], "memory in MB": 10026.89}, "bounds": {"lower_bounds": [[45049.613, 6480.41], [45491.93031574835, 6616.99, "combined_combinatorial"], [45716.68213529191, 6709.54, "combined_combinatorial"], [45726.726315748354, 6753.78, "combined_combinatorial"], [46137.289101320675, 6844.06, "combined_combinatorial"], [46665.486905812526, 6935.01, "combined_combinatorial"], [46775.683783266715, 6975.35, "combined_combinatorial"], [47051.06355651162, 7016.42, "combined_combinatorial"], [47449.28334172825, 7144.64, "combined_combinatorial"], [47536.327341728254, 7187.11, "combined_combinatorial"], [47726.60860732592, 7261.87, "combined_combinatorial"], [47964.32490581253, 7293.67, "combined_combinatorial"], [47991.92132703224, 7375.91, "combined_combinatorial"], [48093.54623939907, 7408.09, "combined_combinatorial"], [48102.11820448644, 7446.6, "combined_combinatorial"], [48152.95992185477, 7485.92, "combined_combinatorial"], [48346.52892185477, 7525.5, "combined_combinatorial"], [48652.21523462924, 7610.94, "combined_combinatorial"], [48667.49037784655, 7683.8, "combined_combinatorial"], [48783.66476294797, 7725.2, "combined_combinatorial"], [48870.708762947965, 7766.74, "combined_combinatorial"], [48913.603480316306, 7809.24, "combined_combinatorial"], [49105.3944803163, 7899.37, "combined_combinatorial"], [49147.478823472964, 7989.33, "combined_combinatorial"], [49290.85032703224, 8020.41, "combined_combinatorial"], [49343.37839228693, 8059.05, "combined_combinatorial"], [49420.071660618785, 8089.96, "combined_combinatorial"], [49459.209813762274, 8123.04, "combined_combinatorial"], [49479.394343074484, 8161.18, "combined_combinatorial"], [49506.95739228694, 8203.85, "combined_combinatorial"], [49546.253813762276, 8288.23, "combined_combinatorial"], [49565.52036899555, 8385.64, "combined_combinatorial"], [49637.74828481134, 8485.97, "combined_combinatorial"], [49673.06934307449, 8528.6, "combined_combinatorial"], [49678.51728481134, 8628.03, "combined_combinatorial"], [49758.497107488074, 8722.22, "combined_combinatorial"], [49848.37628481134, 8817.63, "combined_combinatorial"], [49862.25328481134, 8912.91, "combined_combinatorial"], [49873.436284811345, 8955.56, "combined_combinatorial"], [49929.36550161586, 9036.93, "combined_combinatorial"], [49967.13647801793, 9079.51, "combined_combinatorial"], [49978.75565584896, 9169.33, "combined_combinatorial"], [49991.05044107461, 9263.49, "combined_combinatorial"], [49991.07048014713, 9357.84, "combined_combinatorial"], [50007.02644665106, 9456.51, "combined_combinatorial"], [50039.562379070056, 9592.23, "combined_combinatorial"], [50054.27447801793, 9685.11, "combined_combinatorial"], [50055.78983033393, 9778.72, "combined_combinatorial"], [50098.12504394716, 9820.25, "combined_combinatorial"], [50111.429083019684, 10007.72, "combined_combinatorial"], [50111.60308301968, 10049.54, "combined_combinatorial"], [50117.62597169893, 10143.43, "combined_combinatorial"], [50125.255971698934, 10185.09, "combined_combinatorial"], [50157.885163920466, 10280.42, "combined_combinatorial"], [50157.90520299299, 10375.86, "combined_combinatorial"], [50157.991604180555, 10471.88, "combined_combinatorial"], [50176.88544665106, 10567.66, "combined_combinatorial"], [50181.15548014712, 10662.85, "combined_combinatorial"], [50190.76244665106, 10759.13, "combined_combinatorial"], [50201.94544665106, 10801.18, "combined_combinatorial"], [50236.34560418055, 10899.11, "combined_combinatorial"], [50238.56321422347, 10996.95, "combined_combinatorial"], [50245.436043947164, 11094.46, "combined_combinatorial"], [50245.61004394716, 11137.95, "combined_combinatorial"], [50247.407214223465, 11234.57, "combined_combinatorial"], [50247.98490153602, 11276.52, "combined_combinatorial"], [50251.63293262641, 11373.41, "combined_combinatorial"], [50259.262932626414, 11415.99, "combined_combinatorial"], [50259.91614672111, 11455.94, "combined_combinatorial"], [50264.50581160446, 11552.85, "combined_combinatorial"], [50264.52585067698, 11648.83, "combined_combinatorial"], [50274.283143885536, 11691.21, "combined_combinatorial"], [50285.94925186454, 11788.78, "combined_combinatorial"], [50307.816699292445, 11837.49, "combined_combinatorial"], [50309.183873344504, 11935.49, "combined_combinatorial"], [50316.8138733445, 11977.83, "combined_combinatorial"], [50348.64326791897, 12021.19, "combined_combinatorial"], [50350.2750707899, 12065.35, "combined_combinatorial"], [50384.79299217365, 12176.54, "combined_combinatorial"], [50399.7441467211, 12280.43, "combined_combinatorial"], [50404.41961582369, 12393.57, "combined_combinatorial"], [50411.58300181134, 12446.65, "combined_combinatorial"], [50426.634205786875, 12495.34, "combined_combinatorial"], [50428.65248010677, 12720.01, "combined_combinatorial"], [50439.9382448594, 12832.49, "combined_combinatorial"], [50440.112244859396, 12881.75, "combined_combinatorial"], [50441.65990153602, 12994.61, "combined_combinatorial"], [50443.19083427199, 13109.25, "combined_combinatorial"], [50446.13513353864, 13221.51, "combined_combinatorial"], [50450.82083427199, 13271.84, "combined_combinatorial"], [50453.76513353865, 13321.02, "combined_combinatorial"], [50454.26936833452, 13436.63, "combined_combinatorial"], [50467.573407407035, 13551.67, "combined_combinatorial"], [50483.74424469268, 13665.4, "combined_combinatorial"], [50486.888325760185, 13780.21, "combined_combinatorial"], [50486.90836483271, 13894.52, "combined_combinatorial"], [50486.994766020274, 14009.61, "combined_combinatorial"], [50508.98325186454, 14123.33, "combined_combinatorial"], [50509.9410241753, 14170.22, "combined_combinatorial"], [50537.176626034285, 14288.65, "combined_combinatorial"], [50537.1966651068, 14406.73, "combined_combinatorial"], [50563.705801213684, 14526.37, "combined_combinatorial"], [50565.41976602026, 14641.81, "combined_combinatorial"], [50566.795162660375, 14688.8, "combined_combinatorial"], [50567.07237606318, 14806.5, "combined_combinatorial"], [50573.94520578688, 14924.75, "combined_combinatorial"], [50574.119205786876, 14976.24, "combined_combinatorial"], [50575.93037606319, 15093.61, "combined_combinatorial"], [50579.767245806775, 15200.6, "combined_combinatorial"], [50580.14209446613, 15304.62, "combined_combinatorial"], [50587.77209446613, 15349.34, "combined_combinatorial"], [50601.580368334515, 15456.41, "combined_combinatorial"], [50607.50791560296, 15500.8, "combined_combinatorial"], [50608.85905111385, 15606.43, "combined_combinatorial"], [50629.02561722823, 15756.25, 