{
    "input parameters": [
        "1",
        "0",
        "cap",
        "c",
        "50_75",
        "no_preprocessing"
    ],
    "instance": {
        "facilities": 50,
        "customers": 75
    },
    "times": {
        "total_time in s": 1.91,
        "model_building_time in s": 0.51,
        "model_solving_time in s": 1.4
    },
    "nodes": {
        "total": 1.0
    },
    "solution": {
        "LB": 732615.0954,
        "UB": 732615.0954,
        "gap in %": 0.0,
        "incumbent": [
            0,
            1,
            4,
            5,
            13,
            14,
            15,
            19,
            21,
            23,
            34,
            35,
            46,
            49
        ],
        "memory in MB": 149.05
    },
    "bounds": {
        "lower_bounds": [
            [
                0.0,
                1.1691949367523193
            ],
            [
                723643.644815308,
                1.2286169528961182
            ],
            [
                725053.944459155,
                1.3718218803405762
            ],
            [
                730900.7445020678,
                1.3879599571228027
            ],
            [
                732615.0954473023,
                1.395308017730713
            ]
        ],
        "upper_bounds": [
            [
                953935.6469927279,
                1.1694879531860352
            ],
            [
                767261.6861186564,
                1.229442834854126
            ],
            [
                763937.7226000051,
                1.374851942062378
            ],
            [
                756381.6177150942,
                1.3755929470062256
            ],
            [
                743263.5463132346,
                1.3895139694213867
            ],
            [
                732615.0954473022,
                1.3913040161132812
            ]
        ]
    }
}