{
    "input parameters": [
        "1",
        "0",
        "cap",
        "b",
        "50_75",
        "no_Lagrangian"
    ],
    "instance": {
        "facilities": 50,
        "customers": 75
    },
    "times": {
        "total_time in s": 1.61,
        "model_building_time in s": 0.6,
        "model_solving_time in s": 1.01
    },
    "nodes": {
        "total": 1.0
    },
    "solution": {
        "LB": 877702.6252,
        "UB": 877702.6252,
        "gap in %": 0.0,
        "incumbent": [
            1,
            2,
            3,
            6,
            7,
            8,
            11,
            14,
            19,
            25,
            28,
            30,
            36,
            37,
            45,
            49
        ],
        "memory in MB": 147.82
    },
    "bounds": {
        "lower_bounds": [
            [
                80349.0289523953,
                0.9527618885040283
            ],
            [
                858171.9335933513,
                0.9662179946899414
            ],
            [
                872455.7253374592,
                0.985184907913208
            ],
            [
                874423.9814892744,
                0.9919779300689697
            ],
            [
                874778.6522416505,
                0.9941630363464355
            ],
            [
                877702.6251699275,
                1.0015459060668945
            ]
        ],
        "upper_bounds": [
            [
                1105529.002318263,
                0.9530010223388672
            ],
            [
                943718.0826610463,
                0.9666199684143066
            ],
            [
                928610.9296854894,
                0.9681169986724854
            ],
            [
                913441.4018428533,
                0.9866130352020264
            ],
            [
                895048.2837120657,
                0.9868650436401367
            ],
            [
                880738.0927476558,
                0.9878418445587158
            ],
            [
                877702.6251699275,
                1.0014839172363281
            ]
        ]
    }
}