{
    "input parameters": [
        "1",
        "0",
        "cap",
        "b",
        "75_100",
        "no_preprocessing"
    ],
    "instance": {
        "facilities": 75,
        "customers": 100
    },
    "times": {
        "total_time in s": 6.38,
        "model_building_time in s": 1.02,
        "model_solving_time in s": 5.36
    },
    "nodes": {
        "total": 1.0
    },
    "solution": {
        "LB": 1686745.5683,
        "UB": 1686745.5683,
        "gap in %": 0.0,
        "incumbent": [
            1,
            3,
            6,
            7,
            8,
            11,
            12,
            19,
            22,
            36,
            41,
            42,
            45,
            47,
            49,
            51,
            56,
            59,
            62,
            65,
            71,
            73
        ],
        "memory in MB": 236.49
    },
    "bounds": {
        "lower_bounds": [
            [
                0.0,
                4.124752998352051
            ],
            [
                1586431.5581700755,
                4.375022888183594
            ],
            [
                1631757.9020067235,
                4.7113800048828125
            ],
            [
                1633840.7711324126,
                4.740604877471924
            ],
            [
                1667416.2767000275,
                5.150393009185791
            ],
            [
                1673720.1975779324,
                5.212949991226196
            ],
            [
                1674905.2922292105,
                5.223876953125
            ],
            [
                1674922.7977636603,
                5.2264509201049805
            ],
            [
                1674923.9755036505,
                5.228142023086548
            ],
            [
                1674925.961237026,
                5.229553937911987
            ],
            [
                1676749.762136084,
                5.258417844772339
            ],
            [
                1676750.679773483,
                5.264725923538208
            ],
            [
                1677745.4188297915,
                5.306975841522217
            ],
            [
                1682945.209459622,
                5.352679014205933
            ],
            [
                1686745.568341027,
                5.355620861053467
            ]
        ],
        "upper_bounds": [
            [
                2119633.6437148307,
                4.1258580684661865
            ],
            [
                1819781.006649586,
                4.375624895095825
            ],
            [
                1791185.5950181503,
                4.381321907043457
            ],
            [
                1717628.3676665714,
                4.388248920440674
            ],
            [
                1714202.6417082236,
                4.7255940437316895
            ],
            [
                1701613.4913358968,
                5.2165000438690186
            ],
            [
                1686926.538445097,
                5.260668039321899
            ],
            [
                1686745.5683410268,
                5.3532679080963135
            ]
        ]
    }
}