{
    "input parameters": [
        "1",
        "0",
        "cap",
        "c",
        "75_100",
        "preprocessing"
    ],
    "instance": {
        "facilities": 75,
        "customers": 100
    },
    "times": {
        "total_time in s": 4.03,
        "model_building_time in s": 0.82,
        "model_solving_time in s": 3.21
    },
    "nodes": {
        "total": 263.0
    },
    "solution": {
        "LB": 1221518.5451,
        "UB": 1221518.5451,
        "gap in %": 0.0,
        "incumbent": [
            1,
            5,
            13,
            19,
            23,
            26,
            29,
            34,
            44,
            46,
            48,
            51,
            52,
            55,
            56,
            57,
            65,
            67,
            69
        ],
        "memory in MB": 115.78
    },
    "bounds": {
        "lower_bounds": [
            [
                213479.29016005245,
                0.31232500076293945
            ],
            [
                1156273.278723593,
                0.38071203231811523
            ],
            [
                1182307.0726285698,
                0.5369551181793213
            ],
            [
                1183073.5681752155,
                0.5555281639099121
            ],
            [
                1183301.8354210558,
                0.5590410232543945
            ],
            [
                1183303.3067025077,
                0.5612621307373047
            ],
            [
                1194229.0675606448,
                0.7133409976959229
            ],
            [
                1194272.3888978385,
                0.7292771339416504
            ],
            [
                1197908.3972315148,
                0.8366110324859619
            ],
            [
                1198244.9117796335,
                0.8515369892120361
            ],
            [
                1198347.4559348738,
                0.855769157409668
            ],
            [
                1198349.1021892694,
                0.8585770130157471
            ],
            [
                1200345.4158468521,
                0.9858369827270508
            ],
            [
                1200736.44477806,
                1.0008370876312256
            ],
            [
                1200759.1573008173,
                1.0041589736938477
            ],
            [
                1201103.5902273846,
                1.081477165222168
            ],
            [
                1201162.942693163,
                1.0960121154785156
            ],
            [
                1201170.9974820365,
                1.0994231700897217
            ],
            [
                1201216.6356119197,
                1.170037031173706
            ],
            [
                1201216.770867551,
                1.2432441711425781
            ],
            [
                1201305.2068007684,
                1.3177850246429443
            ],
            [
                1201307.6689976347,
                1.335996150970459
            ],
            [
                1201342.7747863436,
                1.3958711624145508
            ],
            [
                1201353.5903642597,
                1.7859251499176025
            ],
            [
                1201354.6671701658,
                1.7880699634552002
            ],
            [
                1202314.4694347908,
                1.9275469779968262
            ],
            [
                1202613.397843349,
                1.9401781558990479
            ],
            [
                1202615.0866432935,
                1.9425430297851562
            ],
            [
                1203433.6301165866,
                2.066555976867676
            ],
            [
                1203498.673104723,
                2.081062078475952
            ],
            [
                1203534.3924011916,
                2.0846140384674072
            ],
            [
                1204023.6899767607,
                2.1701250076293945
            ],
            [
                1204063.470420011,
                2.185194969177246
            ],
            [
                1204077.2641421177,
                2.1879899501800537
            ],
            [
                1204111.2931293529,
                2.25280499458313
            ],
            [
                1204112.4213480526,
                2.262479066848755
            ],
            [
                1204152.8562149617,
                2.3202600479125977
            ],
            [
                1204157.2931665734,
                2.3296589851379395
            ],
            [
                1204364.1468532109,
                2.3863141536712646
            ],
            [
                1204435.2607436583,
                2.3998889923095703
            ],
            [
                1204443.202224662,
                2.402400016784668
            ],
            [
                1204459.6652501568,
                2.4632961750030518
            ],
            [
                1204480.9473188857,
                2.529792070388794
            ],
            [
                1204519.6644540615,
                2.539222002029419
            ],
            [
                1204571.3692163422,
                2.629747152328491
            ],
            [
                1204891.3793130026,
                2.6338751316070557
            ],
            [
                1205015.7897639258,
                2.639647960662842
            ],
            [
                1205030.6130020125,
                2.645740032196045
            ],
            [
                1205146.4786681475,
                2.650189161300659
            ],
            [
                1205799.745679092,
                2.653697967529297
            ],
            [
                1206326.1831286177,
                2.6632540225982666
            ],
            [
                1206953.516418296,
                2.769294023513794
            ],
            [
                1206965.9260214218,
                2.7747530937194824
            ],
            [
                1207965.0885337645,
                2.8267769813537598
            ],
            [
                1207994.9685733204,
                2.843086004257202
            ],
            [
                1209729.9995839389,
                2.9052491188049316
            ],
            [
                1209767.424608662,
                2.935168981552124
            ],
            [
                1209773.6215270683,
                2.9684131145477295
            ],
            [
                1210331.8614099072,
                2.9949259757995605
            ],
            [
                1210450.1859169307,
                3.0048539638519287
            ],
            [
                1210704.6503102751,
                3.0095419883728027
            ],
            [
                1210777.9300514446,
                3.0409181118011475
            ],
            [
                1210798.7564516263,
                3.0639591217041016
            ],
            [
                1211815.9516948566,
                3.0766899585723877
            ],
            [
                1212558.823441177,
                3.0840420722961426
            ],
            [
                1212590.3087110298,
                3.0871200561523438
            ],
            [
                1212759.9140197714,
                3.100836992263794
            ],
            [
                1212890.5194379503,
                3.1089589595794678
            ],
            [
                1212900.4602945196,
                3.110236167907715
            ],
            [
                1212950.2544961378,
                3.129711151123047
            ],
            [
                1213220.1306463499,
                3.133336067199707
            ],
            [
