{
    "input parameters": [
        "1",
        "0",
        "cap",
        "b",
        "50_75",
        "preprocessing"
    ],
    "instance": {
        "facilities": 50,
        "customers": 75
    },
    "times": {
        "total_time in s": 0.35,
        "model_building_time in s": 0.27,
        "model_solving_time in s": 0.08
    },
    "nodes": {
        "total": 1.0
    },
    "solution": {
        "LB": 877702.6206,
        "UB": 877702.6252,
        "gap in %": 0.0,
        "incumbent": [
            1,
            2,
            3,
            6,
            7,
            8,
            11,
            14,
            19,
            25,
            28,
            30,
            36,
            37,
            45,
            49
        ],
        "memory in MB": 80.01
    },
    "bounds": {
        "lower_bounds": [
            [
                124139.43800717284,
                0.044133901596069336
            ],
            [
                858500.8814811243,
                0.054531097412109375
            ],
            [
                875628.4454034967,
                0.07468390464782715
            ],
            [
                877702.6205597641,
                0.07839298248291016
            ]
        ],
        "upper_bounds": [
            [
                1095305.7724890397,
                0.04438591003417969
            ],
            [
                999754.6292680339,
                0.05488705635070801
            ],
            [
                982357.4614761972,
                0.056201934814453125
            ],
            [
                942650.2160825455,
                0.05666399002075195
            ],
            [
                877702.6251699275,
                0.07545208930969238
            ]
        ]
    }
}