{"input parameters": ["1", "0", "500", "X", "500_500", "Lagrangian"], "instance": {"facilities": 500, "customers": 500}, "times": {"total_time in s": 3614.91, "initialisation_time in s": 508.46, "node_selection_time in s": 0.17, "implied_demands_time in s": 789.73, "bounds_time in s": 1342.83, "variable_selection in s": 661.59, "greedy_heuristics_time in s": 266.03, "other_time in s": 46.09}, "nodes": {"total": 124, "pruned": 0, "infeasible": 0, "finished": 0}, "solution": {"LB": 26777.5213, "UB": 45709.6609, "gap in %": 41.42, "incumbent": [0, 5, 13, 34, 44, 45, 48, 54, 56, 57, 58, 62, 67, 68, 73, 82, 86, 92, 97, 98, 100, 102, 104, 127, 131, 135, 137, 143, 147, 150, 158, 162, 163, 170, 171, 174, 180, 189, 199, 201, 205, 208, 212, 216, 218, 220, 221, 227, 232, 233, 236, 238, 239, 241, 254, 257, 261, 262, 266, 285, 291, 319, 320, 321, 324, 328, 336, 338, 342, 344, 348, 349, 350, 353, 359, 363, 368, 370, 372, 375, 382, 384, 386, 387, 394, 405, 418, 423, 425, 428, 433, 439, 448, 458, 461, 464, 465, 467, 468, 495, 496, 497], "memory in MB": 3051.04}, "bounds": {"lower_bounds": [[24651.252, 508.46], [24904.695036022902, 529.13, "combined_combinatorial"], [25009.689418461647, 539.47, "combined_combinatorial"], [25135.15820410476, 563.46, "combined_combinatorial"], [25412.94620410476, 587.02, "combined_combinatorial"], [25412.94904976706, 610.51, "combined_combinatorial"], [25412.981592514636, 633.75, "combined_combinatorial"], [25473.334059371562, 643.67, "combined_combinatorial"], [25603.365224814406, 666.73, "combined_combinatorial"], [25920.64229840038, 676.57, "combined_combinatorial"], [25920.849593501225, 700.13, "combined_combinatorial"], [25920.8821362488, 723.62, "combined_combinatorial"], [25935.65629840038, 746.8, "combined_combinatorial"], [25940.561978243444, 769.54, "combined_combinatorial"], [25949.774891368274, 792.5, "combined_combinatorial"], [25981.234603105724, 802.54, "combined_combinatorial"], [26111.26576854857, 825.7, "combined_combinatorial"], [26131.26304416991, 849.98, "combined_combinatorial"], [26137.502044169913, 874.26, "combined_combinatorial"], [26137.504889832213, 898.49, "combined_combinatorial"], [26217.839107251384, 921.7, "combined_combinatorial"], [26224.10521635839, 945.74, "combined_combinatorial"], [26224.13775910597, 969.89, "combined_combinatorial"], [26225.03910725138, 1041.27, "combined_combinatorial"], [26225.42475910597, 1111.43, "combined_combinatorial"], [26269.620759105972, 1159.07, "combined_combinatorial"], [26293.82165566931, 1181.59, "combined_combinatorial"], [26340.81642310293, 1205.26, "combined_combinatorial"], [26348.698997348907, 1228.66, "combined_combinatorial"], [26349.985997348907, 1298.87, "combined_combinatorial"], [26380.272815128654, 1346.23, "combined_combinatorial"], [26381.559815128654, 1417.69, "combined_combinatorial"], [26386.531232984707, 1465.13, "combined_combinatorial"], [26402.194806738713, 1474.93, "combined_combinatorial"], [26403.168521193762, 1498.95, "combined_combinatorial"], [26417.277521193762, 1522.79, "combined_combinatorial"], [26428.542842134542, 1533.06, "combined_combinatorial"], [26443.55684213454, 1557.24, "combined_combinatorial"], [26448.46252197761, 1580.87, "combined_combinatorial"], [26454.33270154833, 1604.47, "combined_combinatorial"], [26457.67543510244, 1628.42, "combined_combinatorial"], [26511.791324105972, 1653.02, "combined_combinatorial"], [26516.433506262314, 1678.21, "combined_combinatorial"], [26522.675351924612, 1703.31, "combined_combinatorial"], [26522.70789467219, 1728.26, "combined_combinatorial"], [26523.99489467219, 1827.95, "combined_combinatorial"], [26540.040487165068, 1877.68, "combined_combinatorial"], [26543.08899734891, 1926.08, "combined_combinatorial"], [26551.397640251384, 1950.37, "combined_combinatorial"], [26555.98732410597, 1975.19, "combined_combinatorial"], [26557.69629210597, 2000.2, "combined_combinatorial"], [26558.59764025138, 2049.88, "combined_combinatorial"], [26558.98329210597, 2099.16, "combined_combinatorial"], [26568.19089467219, 2149.31, "combined_combinatorial"], [26576.525365545298, 2173.72, "combined_combinatorial"], [26582.951025667076, 2199.01, "combined_combinatorial"], [26582.983568414653, 2224.31, "combined_combinatorial"], [26584.236487165068, 2300.33, "combined_combinatorial"], [26584.270568414653, 2325.55, "combined_combinatorial"], [26603.17929210597, 2375.92, "combined_combinatorial"], [26605.139872695392, 2401.21, "combined_combinatorial"], [26608.01356841465, 2426.91, "combined_combinatorial"], [26618.873126356848, 2452.09, "combined_combinatorial"], [26627.182988102933, 2477.92, "combined_combinatorial"], [26627.38018866931, 2502.16, "combined_combinatorial"], [26636.352562348908, 2527.5, "combined_combinatorial"], [26639.38655866915, 2553.27, "combined_combinatorial"], [26645.40543356638, 2579.41, "combined_combinatorial"], [26655.43215116203, 2605.21, "combined_combinatorial"], [26664.601725408007, 2630.35, "combined_combinatorial"], [26667.926380128654, 2680.34, "combined_combinatorial"], [26674.374956102933, 2706.1, "combined_combinatorial"], [26682.257530348907, 2731.15, "combined_combinatorial"], [26683.544530348907, 2781.46, "combined_combinatorial"], [26690.78799728575, 2816.58, "combined_combinatorial"], [26696.17554318775, 2841.76, "combined_combinatorial"], [26712.70789467219, 2893.34, "combined_combinatorial"], [26713.831348128653, 2944.89, "combined_combinatorial"], [26713.99489467219, 2996.48, "combined_combinatorial"], [26715.118348128653, 3047.78, "combined_combinatorial"], [26725.739650985546, 3098.7, "combined_combinatorial"], [26732.005760092557, 3125.01, "combined_combinatorial"], [26732.038302840134, 3151.22, "combined_combinatorial"], [26732.939650985543, 3228.58, "combined_combinatorial"], [26733.325302840134, 3304.94, "combined_combinatorial"], [26736.72705419376, 3356.64, "combined_combinatorial"], [26740.699266548334, 3382.26, "combined_combinatorial"], [26750.83605419376, 3407.28, "combined_combinatorial"], [26750.905673000307, 3429.85, "combined_combinatorial"], [26752.90283711455, 3454.88, "combined_combinatorial"], [26756.745906716, 3465.52, "combined_combinatorial"], [26758.027906716, 3490.15, "combined_combinatorial"], [26758.19089467219, 3540.48, "combined_combinatorial"], [26768.948429607433, 3566.09, "combined_combinatorial"], [26777.521302840134, 3591.72, "combined_combinatorial"]], "upper_bounds": [[47458.91067449785, 508.46]]}}