{
    "input parameters": [
        "1",
        "0",
        "cap",
        "b",
        "75_100",
        "Lagrangian"
    ],
    "instance": {
        "facilities": 75,
        "customers": 100
    },
    "times": {
        "total_time in s": 6.31,
        "model_building_time in s": 1.02,
        "model_solving_time in s": 5.29
    },
    "nodes": {
        "total": 1.0
    },
    "solution": {
        "LB": 1686745.5683,
        "UB": 1686745.5683,
        "gap in %": 0.0,
        "incumbent": [
            1,
            3,
            6,
            7,
            8,
            11,
            12,
            19,
            22,
            36,
            41,
            42,
            45,
            47,
            49,
            51,
            56,
            59,
            62,
            65,
            71,
            73
        ],
        "memory in MB": 236.88
    },
    "bounds": {
        "lower_bounds": [
            [
                0.0,
                4.065031051635742
            ],
            [
                1586431.5581700755,
                4.3151960372924805
            ],
            [
                1631757.9020067235,
                4.631827116012573
            ],
            [
                1633840.7711324126,
                4.660104036331177
            ],
            [
                1667416.2767000275,
                5.075200080871582
            ],
            [
                1673720.1975779324,
                5.138337135314941
            ],
            [
                1674905.2922292105,
                5.149416923522949
            ],
            [
                1674922.7977636603,
                5.1519811153411865
            ],
            [
                1674923.9755036505,
                5.153687953948975
            ],
            [
                1674925.961237026,
                5.155137062072754
            ],
            [
                1676749.762136084,
                5.184997081756592
            ],
            [
                1676750.679773483,
                5.191548109054565
            ],
            [
                1677745.4188297915,
                5.234698057174683
            ],
            [
                1682945.209459622,
                5.280436992645264
            ],
            [
                1686745.568341027,
                5.283415079116821
            ]
        ],
        "upper_bounds": [
            [
                2119633.6437148307,
                4.066143989562988
            ],
            [
                1819781.006649586,
                4.31578803062439
            ],
            [
                1791185.5950181503,
                4.3214640617370605
            ],
            [
                1717628.3676665714,
                4.32842493057251
            ],
            [
                1714202.6417082236,
                4.644751071929932
            ],
            [
                1701613.4913358968,
                5.141988039016724
            ],
            [
                1686926.538445097,
                5.187372922897339
            ],
            [
                1686745.5683410268,
                5.281029939651489
            ]
        ]
    }
}