{
    "input parameters": [
        "1",
        "0",
        "cap",
        "b",
        "75_100",
        "preprocessing"
    ],
    "instance": {
        "facilities": 75,
        "customers": 100
    },
    "times": {
        "total_time in s": 1.16,
        "model_building_time in s": 0.62,
        "model_solving_time in s": 0.53
    },
    "nodes": {
        "total": 1.0
    },
    "solution": {
        "LB": 1686745.5683,
        "UB": 1686745.5683,
        "gap in %": 0.0,
        "incumbent": [
            1,
            3,
            6,
            7,
            8,
            11,
            12,
            19,
            22,
            36,
            41,
            42,
            45,
            47,
            49,
            51,
            56,
            59,
            62,
            65,
            71,
            73
        ],
        "memory in MB": 91.78
    },
    "bounds": {
        "lower_bounds": [
            [
                129510.66960318822,
                0.06736207008361816
            ],
            [
                1619581.4848438874,
                0.10188817977905273
            ],
            [
                1646416.4622521645,
                0.15388703346252441
            ],
            [
                1656315.2694302562,
                0.16756820678710938
            ],
            [
                1663178.4177057454,
                0.20310211181640625
            ],
            [
                1663320.8100844012,
                0.20953106880187988
            ],
            [
                1663377.389521417,
                0.2117300033569336
            ],
            [
                1665002.2434098218,
                0.24898219108581543
            ],
            [
                1665266.586002392,
                0.2594141960144043
            ],
            [
                1665554.242566074,
                0.26290321350097656
            ],
            [
                1665606.1189734496,
                0.2664511203765869
            ],
            [
                1665628.1376845553,
                0.2681150436401367
            ],
            [
                1665633.8892096179,
                0.2696812152862549
            ],
            [
                1669402.4635205185,
                0.30260300636291504
            ],
            [
                1670940.3582415953,
                0.31670498847961426
            ],
            [
                1670977.750455845,
                0.32079410552978516
            ],
            [
                1670980.956780254,
                0.3227272033691406
            ],
            [
                1671852.6827772334,
                0.3401210308074951
            ],
            [
                1671930.0495950372,
                0.3455190658569336
            ],
            [
                1671970.7599826017,
                0.34809017181396484
            ],
            [
                1672872.718324308,
                0.36380600929260254
            ],
            [
                1672874.1343544808,
                0.3681461811065674
            ],
            [
                1672896.4724161243,
                0.3811671733856201
            ],
            [
                1672896.559714827,
                0.38551998138427734
            ],
            [
                1672938.1953548887,
                0.3967630863189697
            ],
            [
                1677021.4009287348,
                0.5061540603637695
            ],
            [
                1678774.3802278745,
                0.5123081207275391
            ],
            [
                1679670.231318079,
                0.5143060684204102
            ],
            [
                1679749.9587552985,
                0.5155320167541504
            ],
            [
                1682532.580662833,
                0.5220282077789307
            ],
            [
                1686745.5683410263,
                0.5312809944152832
            ]
        ],
        "upper_bounds": [
            [
                2074754.4438231532,
                0.06753420829772949
            ],
            [
                1742983.5069987946,
                0.10217809677124023
            ],
            [
                1737109.7469118012,
                0.1031341552734375
            ],
            [
                1733684.0209534534,
                0.15711617469787598
            ],
            [
                1728940.4234115721,
                0.2504451274871826
            ],
            [
                1686745.5683410268,
                0.25159311294555664
            ]
        ]
    }
}