{
    "input parameters": [
        "1",
        "0",
        "cap",
        "a",
        "50_75",
        "no_preprocessing"
    ],
    "instance": {
        "facilities": 50,
        "customers": 75
    },
    "times": {
        "total_time in s": 3.39,
        "model_building_time in s": 0.5,
        "model_solving_time in s": 2.88
    },
    "nodes": {
        "total": 280.0
    },
    "solution": {
        "LB": 1449086.7258,
        "UB": 1449086.7258,
        "gap in %": 0.0,
        "incumbent": [
            0,
            2,
            5,
            6,
            8,
            9,
            10,
            11,
            20,
            21,
            22,
            29,
            32,
            41
        ],
        "memory in MB": 152.08
    },
    "bounds": {
        "lower_bounds": [
            [
                122908.61124294269,
                0.9875881671905518
            ],
            [
                1351857.7639952507,
                1.0357561111450195
            ],
            [
                1367236.2874356983,
                1.1109869480133057
            ],
            [
                1371740.491056032,
                1.1255061626434326
            ],
            [
                1371746.299906534,
                1.1275131702423096
            ],
            [
                1386513.757091728,
                1.206510066986084
            ],
            [
                1388925.4133445409,
                1.2231619358062744
            ],
            [
                1389768.1357106233,
                1.228945016860962
            ],
            [
                1390207.346071428,
                1.2327401638031006
            ],
            [
                1398874.5472422852,
                1.3309681415557861
            ],
            [
                1403822.9214624576,
                1.347062110900879
            ],
            [
                1405054.8248714982,
                1.3535220623016357
            ],
            [
                1405068.7550277042,
                1.355600118637085
            ],
            [
                1408393.8077920207,
                1.421842098236084
            ],
            [
                1408561.7309678704,
                1.4339520931243896
            ],
            [
                1408762.4590975747,
                1.4384050369262695
            ],
            [
                1408800.9254000403,
                1.4458019733428955
            ],
            [
                1408801.1377594464,
                1.4477200508117676
            ],
            [
                1410829.3022384623,
                1.4822919368743896
            ],
            [
                1411063.5866286324,
                1.4915261268615723
            ],
            [
                1411080.6473694039,
                1.494063138961792
            ],
            [
                1411085.7123123978,
                1.4964311122894287
            ],
            [
                1411693.5272645296,
                1.5402250289916992
            ],
            [
                1411701.8694355015,
                1.547727108001709
            ],
            [
                1412257.2478462313,
                1.5974140167236328
            ],
            [
                1412467.56165686,
                1.6070339679718018
            ],
            [
                1412573.2819213772,
                1.6097650527954102
            ],
            [
                1412626.9385899554,
                1.6124391555786133
            ],
            [
                1412628.5530126763,
                1.614408016204834
            ],
            [
                1412928.5557141863,
                1.652332067489624
            ],
            [
                1412980.4041199058,
                1.6607069969177246
            ],
            [
                1412985.7147204748,
                1.6627750396728516
            ],
            [
                1413911.0793786214,
                1.6996071338653564
            ],
            [
                1414029.133488936,
                1.7090091705322266
            ],
            [
                1414089.9923861432,
                1.712191104888916
            ],
            [
                1414092.4141101788,
                1.7144949436187744
            ],
            [
                1414505.5084710657,
                1.7497739791870117
            ],
            [
                1414579.563403492,
                1.7586071491241455
            ],
            [
                1414626.0761031273,
                1.7616751194000244
            ],
            [
                1414635.1994556864,
                1.7641279697418213
            ],
            [
                1414670.2594796391,
                1.8071119785308838
            ],
            [
                1414681.258032217,
                1.8127379417419434
            ],
            [
                1415501.3309468795,
                1.857485055923462
            ],
            [
                1415584.0505599536,
                1.8650081157684326
            ],
            [
                1415620.6969557956,
                1.8676581382751465
            ],
            [
                1415628.4516369973,
                1.8697710037231445
            ],
            [
                1416070.8131744924,
                1.9080960750579834
            ],
            [
                1416293.1986612903,
                1.9177930355072021
            ],
            [
                1416307.25512423,
                1.9203269481658936
            ],
            [
                1416424.9632848294,
                1.9509961605072021
            ],
            [
                1416428.203400031,
                1.9703960418701172
            ],
            [
                1416428.587287487,
                2.004101037979126
            ],
            [
                1416443.2794211144,
                2.208847999572754
            ],
            [
                1416446.0990027108,
                2.21395206451416
            ],
            [
                1420968.6533252308,
                2.270893096923828
            ],
            [
                1422683.9894329442,
                2.333199977874756
            ],
            [
                1423407.955775126,
                2.3540289402008057
            ],
            [
                1424151.2402151024,
                2.3878300189971924
            ],
            [
                1425139.985030588,
                2.403736114501953
            ],
            [
                1425400.3907183495,
                2.4473330974578857
            ],
            [
                1426594.0394083331,
                2.4546380043029785
            ],
            [
                1427943.8015830272,
                2.4788830280303955
            ],
            [
                1427998.3412161465,
                2.4835431575775146
            ],
            [
                1428168.2460205911,
                2.5189599990844727
            ],
            [
                1428171.2481268286,
                2.5497961044311523
            ],
            [
                1428631.1514820077,
                2.601573944091797
            ],
            [
                1428974.8291024484,
                2.6138041019439697
            ],
            [
                1431339.4005348545,
                2.6530160903930664
            ],
            [
                1431892.4161525024,
                2.6687920093536377
            ],
            [
                1432573.5979535102,
                2.6714749336242676
            ],
            [
                1433209.932181494,
                2.6769659519195557
            ],
            [
                1434150.4948935837,
                2.6808760166168213
            ],
            [
