{
    "input parameters": [
        "1",
        "0",
        "cap",
        "a",
        "75_100",
        "no_preprocessing"
    ],
    "instance": {
        "facilities": 75,
        "customers": 100
    },
    "times": {
        "total_time in s": 9.19,
        "model_building_time in s": 0.99,
        "model_solving_time in s": 8.2
    },
    "nodes": {
        "total": 552.0
    },
    "solution": {
        "LB": 3161664.8051,
        "UB": 3161664.8051,
        "gap in %": 0.0,
        "incumbent": [
            10,
            19,
            21,
            22,
            25,
            28,
            32,
            33,
            34,
            39,
            40,
            46,
            48,
            58,
            61,
            64,
            65,
            66,
            69,
            71
        ],
        "memory in MB": 237.14
    },
    "bounds": {
        "lower_bounds": [
            [
                0.0,
                4.314785003662109
            ],
            [
                2868026.816438183,
                4.784775972366333
            ],
            [
                3003334.1488490063,
                5.424673795700073
            ],
            [
                3042037.6806700295,
                5.528841972351074
            ],
            [
                3046641.2303879387,
                5.549640893936157
            ],
            [
                3064450.5026728935,
                5.598083972930908
            ],
            [
                3064628.3765769047,
                5.60640287399292
            ],
            [
                3064659.190864856,
                5.608881950378418
            ],
            [
                3064993.9215880027,
                5.6124608516693115
            ],
            [
                3065146.0668706256,
                5.616060018539429
            ],
            [
                3075546.716798155,
                5.67976188659668
            ],
            [
                3077238.3303097417,
                5.691056966781616
            ],
            [
                3079265.032157631,
                5.698776960372925
            ],
            [
                3079492.8248754535,
                5.70177698135376
            ],
            [
                3080023.6387646943,
                5.733085870742798
            ],
            [
                3080108.2562927813,
                5.740826845169067
            ],
            [
                3080110.7496164613,
                5.743184804916382
            ],
            [
                3080780.259515824,
                5.773165941238403
            ],
            [
                3080817.603099196,
                5.7824859619140625
            ],
            [
                3080841.185545398,
                5.78556489944458
            ],
            [
                3080972.0139492755,
                5.815703868865967
            ],
            [
                3081227.5315104667,
                5.843148946762085
            ],
            [
                3081427.026507158,
                5.850255012512207
            ],
            [
                3081464.886105154,
                5.875621795654297
            ],
            [
                3081546.5586986956,
                5.912885904312134
            ],
            [
                3081826.3227257505,
                6.00629186630249
            ],
            [
                3084242.048741915,
                6.009379863739014
            ],
            [
                3084519.448714884,
                6.010609865188599
            ],
            [
                3084522.113350533,
                6.017589807510376
            ],
            [
                3085513.2594125443,
                6.214950799942017
            ],
            [
                3086486.7980177663,
                6.292519807815552
            ],
            [
                3088881.2434238666,
                6.390707969665527
            ],
            [
                3089188.491847295,
                6.464451789855957
            ],
            [
                3097046.0381247154,
                6.525274991989136
            ],
            [
                3097097.1532622487,
                6.601446866989136
            ],
            [
                3101214.435959721,
                6.63471794128418
            ],
            [
                3101755.8564699832,
                6.7072649002075195
            ],
            [
                3102930.140950259,
                6.790405988693237
            ],
            [
                3105190.7010561377,
                6.892424821853638
            ],
            [
                3105245.1316657816,
                6.972391843795776
            ],
            [
                3105691.2458982538,
                7.0634238719940186
            ],
            [
                3108744.126292362,
                7.1341869831085205
            ],
            [
                3110887.4398712884,
                7.161578893661499
            ],
            [
                3111046.7281649983,
                7.173728942871094
            ],
            [
                3111282.083378035,
                7.220324993133545
            ],
            [
                3112343.188152524,
                7.252454996109009
            ],
            [
                3112346.3184610824,
                7.273033857345581
            ],
            [
                3112762.5457174834,
                7.307531833648682
            ],
            [
                3112873.0284148226,
                7.353305816650391
            ],
            [
                3113250.8211965766,
                7.41357684135437
            ],
            [
                3113929.840577741,
                7.447924852371216
            ],
            [
                3116132.9809873933,
                7.471445798873901
            ],
            [
                3116476.635596727,
                7.472172975540161
            ],
            [
                3117003.795975539,
                7.486862897872925
            ],
            [
                3118265.656027932,
                7.49049186706543
            ],
            [
                3119240.671438528,
                7.52398681640625
            ],
            [
                3119328.945545092,
                7.554247856140137
            ],
            [
                3120288.9303079755,
                7.586627960205078
            ],
            [
                3121153.1144724838,
                7.605510950088501
            ],
            [
                3121638.7164807515,
                7.616390943527222
            ],
            [
                3122050.6695322753,
                7.632730007171631
            ],
            [
                3122127.8855780372,
                7.654560804367065
            ],
            [
                3122360.161865629,
                7.692212820053101
            ],
            [
                3122924.908733978,
                7.695539951324463
            ],
            [
                3124405.244637827,
                7.720130920410156
            ],
            [
                3124558.9597610873,
                7.736639976501465
            ],
            [
                3125518.9032193325,
                7.767259836196899
            ],
            [
                3126038.7758701565,
                7.789371013641357
            ],
            [
                3127344.4929119144,
                7.808250904083252
            ],
            [
                3128780.333108188,
                7.80876088142395
            ],
            [
                3129509.722233302,
                7.8363988399505615
            ],
            [
                3129668.9323845142,
                7.8391499519348145
