{"input parameters": ["1", "1", "300", "X", "300_300", "Lagrangian"], "instance": {"facilities": 300, "customers": 300}, "times": {"total_time in s": 3607.22, "initialisation_time in s": 58.21, "node_selection_time in s": 0.1, "implied_demands_time in s": 1364.42, "bounds_time in s": 1625.23, "variable_selection in s": 421.07, "greedy_heuristics_time in s": 121.26, "other_time in s": 16.93}, "nodes": {"total": 159, "pruned": 0, "infeasible": 0, "finished": 0}, "solution": {"LB": 11159.7575, "UB": 20301.1809, "gap in %": 45.03, "incumbent": [7, 10, 19, 22, 25, 26, 29, 44, 52, 55, 56, 61, 63, 72, 74, 81, 84, 85, 87, 89, 90, 105, 106, 123, 133, 137, 151, 165, 179, 181, 183, 186, 189, 192, 199, 203, 205, 217, 225, 235, 240, 244, 245, 246, 247, 250, 258, 260, 268, 280, 281, 290], "memory in MB": 944.98}, "bounds": {"lower_bounds": [[10940.396, 58.21], [10940.447, 156.16, "combined_combinatorial"], [10940.794, 481.08, "combined_combinatorial"], [10965.173442, 604.38, "combined_combinatorial"], [10965.377441999999, 638.12, "combined_combinatorial"], [10996.330219, 665.13, "combined_combinatorial"], [10996.542218999999, 717.17, "combined_combinatorial"], [11006.050219, 766.64, "combined_combinatorial"], [11006.396218999998, 838.53, "combined_combinatorial"], [11007.510219, 928.51, "combined_combinatorial"], [11013.590219000002, 993.76, "combined_combinatorial"], [11013.855219000001, 1035.64, "combined_combinatorial"], [11025.343805, 1062.33, "combined_combinatorial"], [11032.539805, 1088.2, "combined_combinatorial"], [11033.472805000001, 1165.04, "combined_combinatorial"], [11033.932805, 1264.28, "combined_combinatorial"], [11062.411582, 1309.21, "combined_combinatorial"], [11062.458582000001, 1366.81, "combined_combinatorial"], [11062.616582, 1422.41, "combined_combinatorial"], [11062.830582, 1440.21, "combined_combinatorial"], [11063.635582, 1526.35, "combined_combinatorial"], [11063.679582, 1543.32, "combined_combinatorial"], [11064.418582, 1559.62, "combined_combinatorial"], [11065.936582, 1575.56, "combined_combinatorial"], [11069.223219, 1595.87, "combined_combinatorial"], [11069.261219, 1615.84, "combined_combinatorial"], [11069.647218999999, 1635.36, "combined_combinatorial"], [11071.038219000002, 1673.75, "combined_combinatorial"], [11071.275677, 1689.29, "combined_combinatorial"], [11075.607677, 1704.14, "combined_combinatorial"], [11077.104219, 1722.71, "combined_combinatorial"], [11081.115219, 1758.5, "combined_combinatorial"], [11081.117677, 1790.67, "combined_combinatorial"], [11086.600219, 1807.62, "combined_combinatorial"], [11087.250219000001, 1824.89, "combined_combinatorial"], [11087.740219, 1858.3, "combined_combinatorial"], [11089.882677, 1888.88, "combined_combinatorial"], [11092.456219, 1932.79, "combined_combinatorial"], [11094.493411000001, 1952.97, "combined_combinatorial"], [11095.304411000001, 1972.52, "combined_combinatorial"], [11096.048411, 1991.8, "combined_combinatorial"], [11098.611218999999, 2026.28, "combined_combinatorial"], [11100.583442, 2058.52, "combined_combinatorial"], [11100.919442, 2185.65, "combined_combinatorial"], [11101.200442, 2216.01, "combined_combinatorial"], [11102.772218999999, 2231.57, "combined_combinatorial"], [11102.996219, 2246.7, "combined_combinatorial"], [11103.207219, 2261.85, "combined_combinatorial"], [11108.554219000001, 2276.51, "combined_combinatorial"], [11108.578218999999, 2290.46, "combined_combinatorial"], [11113.803411, 2309.34, "combined_combinatorial"], [11114.137411, 2327.95, "combined_combinatorial"], [11118.227411, 2345.5, "combined_combinatorial"], [11118.238411, 2379.61, "combined_combinatorial"], [11122.164, 2424.35, "combined_combinatorial"], [11122.448541000002, 2433.63, "combined_combinatorial"], [11130.916472, 2449.38, "combined_combinatorial"], [11130.983518000001, 2465.71, "combined_combinatorial"], [11131.318518, 2481.77, "combined_combinatorial"], [11133.405472, 2602.62, "combined_combinatorial"], [11136.377518, 2646.87, "combined_combinatorial"], [11141.540472, 2661.66, "combined_combinatorial"], [11141.993472, 2675.93, "combined_combinatorial"], [11142.474518, 2689.68, "combined_combinatorial"], [11144.516442, 2732.9, "combined_combinatorial"], [11145.006442, 2763.16, "combined_combinatorial"], [11145.600472, 2807.17, "combined_combinatorial"], [11147.092677, 2820.8, "combined_combinatorial"], [11147.617677, 2846.58, "combined_combinatorial"], [11147.710677000001, 2859.17, "combined_combinatorial"], [11148.104677000001, 2871.41, "combined_combinatorial"], [11149.122677000001, 2883.39, "combined_combinatorial"], [11149.338677, 2895.06, "combined_combinatorial"], [11151.862518, 2908.37, "combined_combinatorial"], [11152.082441999999, 2951.03, "combined_combinatorial"], [11152.250441999999, 3036.57, "combined_combinatorial"], [11152.287472, 3078.05, "combined_combinatorial"], [11152.627472, 3118.53, "combined_combinatorial"], [11155.397777, 3153.61, "combined_combinatorial"], [11156.296182, 3207.2, "combined_combinatorial"], [11157.165777, 3240.67, "combined_combinatorial"], [11157.546777, 3372.3, "combined_combinatorial"], [11157.740442, 3462.53, "combined_combinatorial"], [11158.088442, 3489.2, "combined_combinatorial"], [11158.158442, 3542.84, "combined_combinatorial"], [11158.184442, 3569.22, "combined_combinatorial"], [11159.234472, 3582.19, "combined_combinatorial"], [11159.757472, 3595.14, "combined_combinatorial"]], "upper_bounds": [[21720.086404, 58.21]]}}