{
    "input parameters": [
        "1",
        "1",
        "300",
        "X",
        "300_300",
        "preprocessing"
    ],
    "instance": {
        "facilities": 300,
        "customers": 300
    },
    "times": {
        "total_time in s": 3600.21,
        "model_building_time in s": 44.97,
        "model_solving_time in s": 3555.24
    },
    "nodes": {
        "total": 541.0
    },
    "solution": {
        "LB": 14241.383,
        "UB": 19180.9989,
        "gap in %": 0.26,
        "incumbent": [
            9,
            10,
            19,
            21,
            24,
            25,
            29,
            40,
            44,
            55,
            61,
            63,
            77,
            81,
            85,
            87,
            88,
            90,
            97,
            104,
            106,
            123,
            132,
            133,
            135,
            137,
            139,
            140,
            147,
            151,
            155,
            165,
            179,
            199,
            203,
            205,
            217,
            239,
            240,
            244,
            245,
            246,
            247,
            250,
            260,
            265,
            268,
            269,
            278,
            281
        ],
        "memory in MB": 2877.63
    },
    "bounds": {
        "lower_bounds": [
            [
                0.0,
                22.788225889205933
            ],
            [
                13655.13878601885,
                37.64677691459656
            ],
            [
                13818.28381333512,
                155.5833649635315
            ],
            [
                13822.91769426686,
                171.27311301231384
            ],
            [
                13841.383681217554,
                260.8277699947357
            ],
            [
                13841.466509829095,
                261.89464688301086
            ],
            [
                13849.417545196146,
                424.89134788513184
            ],
            [
                13849.54974044352,
                428.5550489425659
            ],
            [
                13849.617870245771,
                435.6212749481201
            ],
            [
                13866.75570974547,
                451.8169219493866
            ],
            [
                13866.824435203289,
                454.9593999385834
            ],
            [
                13866.82499583133,
                455.294508934021
            ],
            [
                13898.388228310696,
                472.38739490509033
            ],
            [
                13899.697416861474,
                480.2900378704071
            ],
            [
                13899.979697699771,
                482.3761398792267
            ],
            [
                13905.475885519174,
                494.4629819393158
            ],
            [
                13905.735837249907,
                516.2568788528442
            ],
            [
                13905.751171639356,
                516.7854158878326
            ],
            [
                13906.593743557165,
                519.7329258918762
            ],
            [
                13906.60301494052,
                525.8293068408966
            ],
            [
                13908.527039672397,
                531.4277539253235
            ],
            [
                13908.537974278714,
                532.1735928058624
            ],
            [
                13910.128244051406,
                536.9312598705292
            ],
            [
                13910.389077735294,
                546.5351049900055
            ],
            [
                13910.394152994559,
                546.906445980072
            ],
            [
                13912.474814722964,
                551.1857738494873
            ],
            [
                13912.586617396304,
                552.4105398654938
            ],
            [
                13912.600788064005,
                552.8115549087524
            ],
            [
                13913.518861453862,
                555.8863418102264
            ],
            [
                13913.558864493267,
                556.9608237743378
            ],
            [
                13913.895614550816,
                559.0937738418579
            ],
            [
                13914.025909973925,
                560.202390909195
            ],
            [
                13914.0290078304,
                560.5757079124451
            ],
            [
                13914.41207939839,
                563.1193158626556
            ],
            [
                13914.489356132804,
                564.0593419075012
            ],
            [
                13914.69543726583,
                564.7278859615326
            ],
            [
                13914.87837475306,
                565.3096349239349
            ],
            [
                13914.919003186942,
                566.0589768886566
            ],
            [
                13914.919937221372,
                566.413067817688
            ],
            [
                13915.602789087487,
                569.4118299484253
            ],
            [
                13915.711469265441,
                570.4611999988556
            ],
            [
                13915.711831764202,
                570.8025069236755
            ],
            [
                13916.041270103666,
                573.3610107898712
            ],
            [
                13916.0510763005,
                574.3509209156036
            ],
            [
                13916.054960469814,
                576.4034187793732
            ],
            [
                13916.055067199464,
                576.8793549537659
            ],
            [
                13916.136871360548,
                578.559003829956
            ],
            [
                13916.34404031943,
                578.7781798839569
            ],
            [
                14082.094375812358,
                630.1184158325195
            ],
            [
                14121.572041765263,
                656.4807229042053
            ],
            [
                14220.491523789897,
                1851.7497808933258
            ],
            [
                14241.383045061086,
                2313.274671792984
            ]
        ],
        "upper_bounds": [
            [
                64998.689852999996,
                22.87614679336548
            ],
            [
                21631.341904,
                37.785308837890625
            ],
            [
                20233.977922,
                89.3709487915039
            ],
            [
                20144.674668000003,
                160.34602189064026
            ],
            [
                19648.7964,
                352.02189779281616
            ],
            [
                19439.425395000002,
                420.44164180755615
            ],
            [
                19180.998937,
                925.0699939727783
            ]
        ]
    }
}