{
    "input parameters": [
        "1",
        "1",
        "500",
        "X",
        "500_500",
        "preprocessing"
    ],
    "instance": {
        "facilities": 500,
        "customers": 500
    },
    "times": {
        "total_time in s": 3600.07,
        "model_building_time in s": 434.78,
        "model_solving_time in s": 3165.29
    },
    "nodes": {
        "total": 4.0
    },
    "solution": {
        "LB": 26688.8521,
        "UB": 38617.6757,
        "gap in %": 0.31,
        "incumbent": [
            0,
            7,
            29,
            48,
            54,
            67,
            75,
            77,
            94,
            96,
            97,
            98,
            104,
            105,
            112,
            127,
            131,
            133,
            137,
            138,
            142,
            147,
            149,
            151,
            152,
            158,
            160,
            164,
            169,
            171,
            174,
            175,
            177,
            189,
            193,
            198,
            199,
            201,
            205,
            206,
            216,
            220,
            232,
            234,
            241,
            243,
            251,
            254,
            257,
            261,
            262,
            271,
            274,
            275,
            276,
            313,
            321,
            324,
            328,
            331,
            344,
            346,
            353,
            363,
            364,
            372,
            375,
            376,
            384,
            387,
            388,
            398,
            407,
            418,
            420,
            423,
            428,
            432,
            433,
            446,
            458,
            460,
            461,
            463,
            464,
            465,
            467,
            468,
            469,
            475,
            477,
            495,
            496
        ],
        "memory in MB": 5021.32
    },
    "bounds": {
        "lower_bounds": [
            [
                0.0,
                108.81876492500305
            ],
            [
                26202.95218789248,
                340.02586603164673
            ],
            [
                26443.8904842925,
                670.1204550266266
            ],
            [
                26450.420388349474,
                822.379301071167
            ],
            [
                26450.56697419027,
                824.3468589782715
            ],
            [
                26513.743853168722,
                1035.5114300251007
            ],
            [
                26517.088029262653,
                1054.7318999767303
            ],
            [
                26612.279333724102,
                1292.196440935135
            ],
            [
                26616.888310594066,
                1314.9737448692322
            ],
            [
                26617.11645104133,
                1319.4175400733948
            ],
            [
                26617.12686304192,
                1320.7992639541626
            ],
            [
                26634.636882266415,
                1442.4887609481812
            ],
            [
                26635.442817296913,
                1453.4264318943024
            ],
            [
                26635.705574172458,
                1456.8412079811096
            ],
            [
                26636.382243293152,
                1519.9415130615234
            ],
            [
                26636.684887499563,
                1525.9319069385529
            ],
            [
                26637.35637688495,
                1530.4721229076385
            ],
            [
                26637.35663760716,
                1531.626944065094
            ],
            [
                26640.60114317548,
                1566.7154080867767
            ],
            [
                26640.693582837426,
                1572.0756690502167
            ],
            [
                26640.69375646946,
                1572.996104001999
            ],
            [
                26642.41491199368,
                1600.7902119159698
            ],
            [
                26642.41817864359,
                1604.4861629009247
            ],
            [
                26642.451186112517,
                1620.244411945343
            ],
            [
                26642.69052373502,
                1633.8148958683014
            ],
            [
                26643.27980755092,
                1647.39439702034
            ],
            [
                26643.321933015446,
                1654.1375160217285
            ],
            [
                26643.345982611037,
                1669.1984100341797
            ],
            [
                26643.38110749233,
                1696.5682048797607
            ],
            [
                26644.539389748636,
                1713.413279056549
            ],
            [
                26644.56821171701,
                1922.0057759284973
            ],
            [
                26646.578974918684,
                1952.3207240104675
            ],
            [
                26646.604288049246,
                1985.181118965149
            ],
            [
                26647.301257918938,
                2107.3889770507812
            ],
            [
                26647.32821246578,
                2111.555095911026
            ],
            [
                26647.993336700136,
                2162.632458925247
            ],
            [
                26648.04960669319,
                2217.3412261009216
            ],
            [
                26648.13425224935,
                2219.2427608966827
            ],
            [
                26649.96995299129,
                2247.1816198825836
            ],
            [
                26650.26434791301,
                2252.684387922287
            ],
            [
                26650.612122798404,
                2295.9830679893494
            ],
            [
                26650.630726250867,
                2317.1422879695892
            ],
            [
                26650.630921963853,
                2329.1765360832214
            ],
            [
                26651.305696785425,
                2341.8559460639954
            ],
            [
                26651.31542791057,
                2344.728621006012
            ],
            [
                26652.138229954588,
                2358.202691078186
            ],
            [
                26652.258264296008,
                2361.744360923767
            ],
            [
                26652.67663751098,
                2375.594866991043
            ],
            [
                26652.67826597601,
                2378.0349390506744
            ],
            [
                26652.836839350926,
                2390.01514005661
            ],
            [
                26652.922417500078,
                2400.6325290203094
            ],
            [
                26659.42223299418,
                2701.260493040085
            ],
            [
                26688.8520586531,
                2986.1067979335785
            ]
        ],