{
    "input parameters": [
        "1",
        "1",
        "300",
        "X",
        "300_300",
        "no_preprocessing"
    ],
    "instance": {
        "facilities": 300,
        "customers": 300
    },
    "times": {
        "total_time in s": 3600.08,
        "model_building_time in s": 21.33,
        "model_solving_time in s": 3578.75
    },
    "nodes": {
        "total": 221.0
    },
    "solution": {
        "LB": 14138.2138,
        "UB": 19855.3349,
        "gap in %": 0.29,
        "incumbent": [
            9,
            10,
            18,
            19,
            24,
            25,
            29,
            34,
            40,
            44,
            52,
            55,
            61,
            77,
            81,
            85,
            87,
            90,
            97,
            104,
            105,
            106,
            123,
            132,
            133,
            135,
            137,
            151,
            153,
            155,
            179,
            181,
            192,
            199,
            203,
            205,
            217,
            225,
            228,
            240,
            244,
            245,
            246,
            247,
            250,
            258,
            260,
            265,
            268,
            278,
            280,
            281
        ],
        "memory in MB": 3569.78
    },
    "bounds": {
        "lower_bounds": [
            [
                0.0,
                142.82255697250366
            ],
            [
                13651.131761279512,
                410.1170189380646
            ],
            [
                13808.278524903484,
                477.0875098705292
            ],
            [
                13808.282203911185,
                478.65804386138916
            ],
            [
                13813.920548768516,
                485.6092839241028
            ],
            [
                13828.93965610623,
                523.6330630779266
            ],
            [
                13828.96838924113,
                524.5307450294495
            ],
            [
                13829.795405103649,
                525.4000129699707
            ],
            [
                13829.805196965684,
                525.6942610740662
            ],
            [
                13842.551089689956,
                556.1188449859619
            ],
            [
                13843.422548839286,
                556.9381070137024
            ],
            [
                13843.768287358405,
                579.7959520816803
            ],
            [
                13843.849760325138,
                580.6938638687134
            ],
            [
                13845.87247691747,
                581.7701649665833
            ],
            [
                13845.912497358244,
                582.6316840648651
            ],
            [
                13848.272759827778,
                599.7380230426788
            ],
            [
                13848.282067521426,
                600.5116450786591
            ],
            [
                13848.367659505215,
                601.3732788562775
            ],
            [
                13848.373860208847,
                601.8365700244904
            ],
            [
                13852.099990619941,
                619.1751680374146
            ],
            [
                13852.167638057948,
                631.914223909378
            ],
            [
                13853.041445050272,
                632.922623872757
            ],
            [
                13853.093640822919,
                643.0818810462952
            ],
            [
                13854.402217259634,
                644.7243800163269
            ],
            [
                13854.60659228192,
                648.6985540390015
            ],
            [
                13855.647989021405,
                651.1576950550079
            ],
            [
                13855.70594580629,
                655.3186528682709
            ],
            [
                13856.81948683194,
                657.4279789924622
            ],
            [
                13857.04094068305,
                663.8660199642181
            ],
            [
                13858.002084173626,
                665.2065958976746
            ],
            [
                13858.055533064029,
                669.9675779342651
            ],
            [
                13858.66795982031,
                677.3130159378052
            ],
            [
                13858.96178359256,
                678.5428779125214
            ],
            [
                13858.987306872727,
                690.2484068870544
            ],
            [
                13859.428280791406,
                700.3813669681549
            ],
            [
                13859.444065568388,
                701.5374510288239
            ],
            [
                13859.445899677397,
                701.956179857254
            ],
            [
                13859.529537093402,
                705.6604619026184
            ],
            [
                13859.53232716716,
                762.7383420467377
            ],
            [
                13859.534230392224,
                878.8777439594269
            ],
            [
                14014.328675478639,
                934.3910999298096
            ],
            [
                14014.386807863113,
                978.8911879062653
            ],
            [
                14137.89340893955,
                992.001895904541
            ],
            [
                14138.213773101425,
                2905.8551700115204
            ]
        ],
        "upper_bounds": [
            [
                96536.28644,
                143.3033630847931
            ],
            [
                90065.045868,
                410.71227288246155
            ],
            [
                88563.904579,
                410.9758310317993
            ],
            [
                21885.009353,
                478.63230204582214
            ],
            [
                21787.704652,
                556.9117469787598
            ],
            [
                21514.472845,
                652.2274658679962
            ],
            [
                21256.396537,
                671.2411739826202
            ],
            [
                21032.240009,
                1636.7016410827637
            ],
            [
                20872.629146000003,
                2679.7709629535675
            ],
            [
                20769.850035000003,
                2746.0925080776215
            ],
            [
                20754.258884000003,
                2881.249295949936
            ],
            [
                20455.749933000003,
                2975.374100923538
            ],
            [
                20184.049790999998,
                3232.468215942383
            ],
            [
                19855.334918,
                3432.534703016281
            ]
        ]
    }
}