{"input parameters": ["1", "1", "300", "X", "300_300", "no_Lagrangian"], "instance": {"facilities": 300, "customers": 300}, "times": {"total_time in s": 3604.36, "initialisation_time in s": 47.68, "node_selection_time in s": 0.2, "implied_demands_time in s": 2288.24, "bounds_time in s": 293.18, "variable_selection in s": 722.92, "greedy_heuristics_time in s": 220.46, "other_time in s": 31.68}, "nodes": {"total": 299, "pruned": 0, "infeasible": 0, "finished": 0}, "solution": {"LB": 11215.9814, "UB": 20837.1373, "gap in %": 46.17, "incumbent": [7, 10, 18, 19, 22, 25, 26, 44, 52, 56, 59, 61, 63, 77, 81, 84, 85, 87, 90, 97, 105, 106, 123, 132, 137, 140, 155, 181, 183, 192, 203, 205, 217, 225, 228, 235, 240, 244, 245, 246, 247, 250, 251, 258, 260, 265, 268, 270, 278, 280, 281], "memory in MB": 1647.09}, "bounds": {"lower_bounds": [[10940.396, 47.68], [10940.447, 100.62, "combined_combinatorial"], [10940.794, 280.54, "combined_combinatorial"], [10965.173442, 349.22, "combined_combinatorial"], [10965.377441999999, 368.04, "combined_combinatorial"], [10996.330219, 382.92, "combined_combinatorial"], [10996.542218999999, 411.91, "combined_combinatorial"], [11006.050219, 439.49, "combined_combinatorial"], [11006.396218999998, 479.8, "combined_combinatorial"], [11007.510219, 530.54, "combined_combinatorial"], [11013.590219000002, 568.11, "combined_combinatorial"], [11013.855219000001, 592.16, "combined_combinatorial"], [11025.343805, 606.97, "combined_combinatorial"], [11032.539805, 621.19, "combined_combinatorial"], [11033.472805000001, 663.41, "combined_combinatorial"], [11033.932805, 718.59, "combined_combinatorial"], [11062.411582, 743.67, "combined_combinatorial"], [11062.458582000001, 775.3, "combined_combinatorial"], [11062.616582, 805.84, "combined_combinatorial"], [11062.830582, 815.47, "combined_combinatorial"], [11063.635582, 866.27, "combined_combinatorial"], [11063.679582, 876.03, "combined_combinatorial"], [11064.418582, 885.44, "combined_combinatorial"], [11065.936582, 894.65, "combined_combinatorial"], [11069.223219, 906.19, "combined_combinatorial"], [11069.261219, 917.94, "combined_combinatorial"], [11069.647218999999, 929.23, "combined_combinatorial"], [11071.038219000002, 951.75, "combined_combinatorial"], [11071.275677, 960.95, "combined_combinatorial"], [11075.607677, 969.86, "combined_combinatorial"], [11077.104219, 980.76, "combined_combinatorial"], [11081.115219, 1001.67, "combined_combinatorial"], [11081.117677, 1020.61, "combined_combinatorial"], [11086.600219, 1030.66, "combined_combinatorial"], [11087.250219000001, 1041.02, "combined_combinatorial"], [11087.740219, 1061.07, "combined_combinatorial"], [11089.882677, 1079.69, "combined_combinatorial"], [11092.456219, 1105.92, "combined_combinatorial"], [11094.493411000001, 1117.06, "combined_combinatorial"], [11095.304411000001, 1127.75, "combined_combinatorial"], [11096.048411, 1138.53, "combined_combinatorial"], [11098.611218999999, 1158.61, "combined_combinatorial"], [11100.583442, 1176.5, "combined_combinatorial"], [11100.919442, 1247.39, "combined_combinatorial"], [11101.200442, 1264.76, "combined_combinatorial"], [11102.772218999999, 1274.19, "combined_combinatorial"], [11102.996219, 1283.51, "combined_combinatorial"], [11103.207219, 1292.71, "combined_combinatorial"], [11108.554219000001, 1301.58, "combined_combinatorial"], [11108.578218999999, 1310.03, "combined_combinatorial"], [11113.803411, 1320.62, "combined_combinatorial"], [11114.137411, 1331.05, "combined_combinatorial"], [11118.227411, 1340.96, "combined_combinatorial"], [11118.238411, 1359.97, "combined_combinatorial"], [11122.164, 1385.13, "combined_combinatorial"], [11122.448541000002, 1388.37, "combined_combinatorial"], [11130.916472, 1397.56, "combined_combinatorial"], [11130.983518000001, 1406.63, "combined_combinatorial"], [11131.318518, 1415.55, "combined_combinatorial"], [11133.405472, 1483.96, "combined_combinatorial"], [11136.377518, 1509.73, "combined_combinatorial"], [11141.540472, 1518.16, "combined_combinatorial"], [11141.993472, 1526.13, "combined_combinatorial"], [11142.474518, 1534.53, "combined_combinatorial"], [11144.516442, 1560.62, "combined_combinatorial"], [11145.006442, 1577.81, "combined_combinatorial"], [11145.600472, 1603.09, "combined_combinatorial"], [11147.092677, 1611.17, "combined_combinatorial"], [11147.617677, 1626.62, "combined_combinatorial"], [11147.710677000001, 1634.21, "combined_combinatorial"], [11148.104677000001, 1641.81, "combined_combinatorial"], [11149.122677000001, 1648.93, "combined_combinatorial"], [11149.338677, 1656.04, "combined_combinatorial"], [11151.862518, 1663.56, "combined_combinatorial"], [11152.082441999999, 1688.19, "combined_combinatorial"], [11152.250441999999, 1737.86, "combined_combinatorial"], [11152.287472, 1762.42, "combined_combinatorial"], [11152.627472, 1787.19, "combined_combinatorial"], [11155.397777, 1807.22, "combined_combinatorial"], [11156.296182, 1838.04, "combined_combinatorial"], [11157.165777, 1857.36, "combined_combinatorial"], [11157.546777, 1933.34, "combined_combinatorial"], [11157.740442, 1985.48, "combined_combinatorial"], [11158.088442, 2001.16, "combined_combinatorial"], [11158.158442, 2032.59, "combined_combinatorial"], [11158.184442, 2048.06, "combined_combinatorial"], [11159.234472, 2055.96, "combined_combinatorial"], [11159.757472, 2063.78, "combined_combinatorial"], [11160.326540999999, 2084.73, "combined_combinatorial"], [11160.584182, 2094.95, "combined_combinatorial"], [11161.400776999999, 2111.92, "combined_combinatorial"], [11161.483182, 2138.92, "combined_combinatorial"], [11161.884777, 2155.49, "combined_combinatorial"], [11161.888182, 2165.74, "combined_combinatorial"], [11163.016472, 2183.36, "combined_combinatorial"], [11163.107777, 2200.03, "combined_combinatorial"], [11163.175182, 2258.02, "combined_combinatorial"], [11163.368777, 2283.14, "combined_combinatorial"], [11164.117182, 2323.5, "combined_combinatorial"], [11164.450182, 2350.91, "combined_combinatorial"], [11164.960541, 2372.55, "combined_combinatorial"], [11165.311541, 2384.95, "combined_combinatorial"], [11165.930541000002, 2410.24, "combined_combinatorial"], [11165.979541, 2447.47, "combined_combinatorial"], [11166.550541, 2459.5, "combined_combinatorial"], [11166.562541, 2471.66, "combined_combinatorial"], [11170.643219000001, 2480.32, "combined_combinatorial"], [11171.526182, 2489.45, "combined_combinatorial"], [11171.674182, 2498.25, "combined_combinatorial"], [11172.581777, 2548.18, "combined_combinatorial"], [11173.027182, 2571.41, "combined_combinatorial"], [11173.448411000001, 2598.36, "combined_combinatorial"], [11173.547219, 2644.79, "combined_combinatorial"], [11173.588776999999, 2659.5, "combined_combinatorial"], [11173.764777, 2674.07, "combined_combinatorial"], [11174.004805, 2687.81, "combined_combinatorial"], [11174.116219, 2695.81, "combined_combinatorial"], [11174.301805000001, 2717.96, "combined_combinatorial"], [11174.434777, 2732.3, "combined_combinatorial"], [11174.456805000002, 2745.54, "combined_combinatorial"], [11174.458805, 2758.69, "combined_combinatorial"], [11174.582805, 2771.17, "combined_combinatorial"], [11175.023748, 2806.32, "combined_combinatorial"], [11175.360748, 2826.34, "combined_combinatorial"], [11175.706748, 2836.31, "combined_combinatorial"], [11176.458748000001, 2846.01, "combined_combinatorial"], [11178.742441999999, 2861.59, "combined_combinatorial"], [11179.459442, 2876.52, "combined_combinatorial"], [11181.394777, 2890.88, "combined_combinatorial"], [11184.858541000001, 2903.11, "combined_combinatorial"], [11188.458777, 2916.93, "combined_combinatorial"], [11190.038442, 2972.31, "combined_combinatorial"], [11190.292442, 2986.9, "combined_combinatorial"], [11192.703805000001, 2999.44, "combined_combinatorial"], [11192.762442, 3038.76, "combined_combinatorial"], [11195.900776999999, 3052.27, "combined_combinatorial"], [11196.58096, 3059.1, "combined_combinatorial"], [11196.662805, 3070.6, 