{"input parameters": ["1", "1", "1000", "X", "1000_1000", "Lagrangian"], "instance": {"facilities": 1000, "customers": 1000}, "times": {"total_time in s": 86914.02, "initialisation_time in s": 8840.67, "node_selection_time in s": 0.14, "implied_demands_time in s": 45746.08, "bounds_time in s": 27454.26, "variable_selection in s": 3774.13, "greedy_heuristics_time in s": 1070.06, "other_time in s": 28.69}, "nodes": {"total": 24, "pruned": 0, "infeasible": 0, "finished": 0}, "solution": {"LB": 41640.3436, "UB": 85581.4033, "gap in %": 51.34, "incumbent": [5, 6, 7, 20, 25, 27, 29, 44, 53, 59, 62, 68, 75, 76, 78, 80, 84, 94, 96, 108, 133, 135, 137, 140, 142, 152, 159, 160, 188, 201, 203, 227, 228, 230, 246, 247, 249, 251, 255, 257, 264, 273, 286, 293, 294, 301, 313, 318, 320, 331, 332, 333, 338, 348, 353, 354, 355, 362, 363, 370, 372, 379, 383, 394, 399, 405, 406, 424, 429, 431, 439, 445, 446, 447, 448, 457, 461, 463, 468, 480, 481, 483, 491, 495, 503, 507, 511, 513, 514, 523, 527, 529, 533, 537, 544, 548, 550, 551, 554, 555, 567, 572, 580, 605, 619, 632, 635, 643, 646, 650, 652, 654, 662, 666, 677, 678, 685, 688, 693, 704, 705, 709, 714, 715, 718, 723, 729, 735, 741, 742, 744, 745, 749, 754, 757, 765, 775, 780, 783, 800, 801, 808, 810, 815, 816, 818, 820, 824, 826, 834, 835, 843, 848, 857, 858, 861, 864, 867, 870, 877, 884, 885, 889, 911, 917, 921, 924, 928, 935, 939, 942, 945, 947, 948, 968, 999], "memory in MB": 2026.78}, "bounds": {"lower_bounds": [[41500.233, 8840.67], [41500.84, 19793.89, "combined_combinatorial"], [41501.534, 30589.44, "combined_combinatorial"], [41501.916, 36108.61, "combined_combinatorial"], [41564.263162999996, 39920.26, "combined_combinatorial"], [41564.295162999995, 43535.98, "combined_combinatorial"], [41567.930163, 47427.48, "combined_combinatorial"], [41570.190163, 55646.45, "combined_combinatorial"], [41570.219163, 62648.19, "combined_combinatorial"], [41626.685793, 64982.64, "combined_combinatorial"], [41638.42358, 71771.91, "combined_combinatorial"], [41640.34358, 80427.65, "combined_combinatorial"]], "upper_bounds": [[87099.67141600001, 8840.67]]}}