{"input parameters": ["1", "1", "500", "X", "500_500", "no_Lagrangian"], "instance": {"facilities": 500, "customers": 500}, "times": {"total_time in s": 3833.03, "initialisation_time in s": 500.49, "node_selection_time in s": 0.02, "implied_demands_time in s": 2791.08, "bounds_time in s": 85.18, "variable_selection in s": 363.25, "greedy_heuristics_time in s": 87.84, "other_time in s": 5.17}, "nodes": {"total": 17, "pruned": 0, "infeasible": 0, "finished": 0}, "solution": {"LB": 21734.4656, "UB": 42889.1806, "gap in %": 49.32, "incumbent": [0, 5, 19, 29, 48, 52, 53, 54, 67, 68, 75, 80, 82, 94, 96, 98, 102, 104, 112, 127, 131, 133, 142, 143, 147, 151, 158, 160, 169, 171, 174, 175, 177, 179, 198, 202, 206, 208, 220, 227, 232, 234, 238, 241, 243, 244, 251, 254, 257, 262, 266, 273, 277, 308, 320, 325, 332, 337, 339, 348, 349, 350, 353, 354, 358, 363, 364, 369, 371, 379, 384, 386, 396, 405, 423, 425, 427, 428, 432, 433, 439, 446, 450, 461, 463, 464, 468, 469, 470, 474, 495, 496, 497], "memory in MB": 441.31}, "bounds": {"lower_bounds": [[21655.23, 500.49], [21662.018, 1523.59, "combined_combinatorial"], [21662.8, 1777.86, "combined_combinatorial"], [21662.944, 2025.8, "combined_combinatorial"], [21663.12, 2517.76, "combined_combinatorial"], [21712.601687000002, 2695.82, "combined_combinatorial"], [21718.024687, 2869.86, "combined_combinatorial"], [21734.465645, 3401.5, "combined_combinatorial"]], "upper_bounds": [[43141.479225999996, 500.49]]}}