{
    "input parameters": [
        "2",
        "0",
        "cap",
        "c",
        "50_75",
        "preprocessing"
    ],
    "instance": {
        "facilities": 50,
        "customers": 75
    },
    "times": {
        "total_time in s": 0.43,
        "model_building_time in s": 0.35,
        "model_solving_time in s": 0.08
    },
    "nodes": {
        "total": 1.0
    },
    "solution": {
        "LB": 716193.7925,
        "UB": 716193.7925,
        "gap in %": 0.0,
        "incumbent": [
            0,
            1,
            4,
            5,
            13,
            19,
            23,
            26,
            34,
            36,
            40,
            44,
            49
        ],
        "memory in MB": 82.93
    },
    "bounds": {
        "lower_bounds": [
            [
                207585.34314011288,
                0.07081103324890137
            ],
            [
                716193.7925257966,
                0.0786900520324707
            ]
        ],
        "upper_bounds": [
            [
                820015.9625814478,
                0.07623505592346191
            ],
            [
                716193.7925257967,
                0.07866621017456055
            ]
        ]
    }
}