{
    "input parameters": [
        "2",
        "0",
        "cap",
        "b",
        "75_100",
        "no_preprocessing"
    ],
    "instance": {
        "facilities": 75,
        "customers": 100
    },
    "times": {
        "total_time in s": 9.86,
        "model_building_time in s": 1.08,
        "model_solving_time in s": 8.78
    },
    "nodes": {
        "total": 221.0
    },
    "solution": {
        "LB": 1524369.1855,
        "UB": 1524467.963,
        "gap in %": 0.0,
        "incumbent": [
            3,
            4,
            6,
            8,
            10,
            11,
            12,
            27,
            36,
            37,
            42,
            45,
            46,
            47,
            49,
            54,
            59,
            71
        ],
        "memory in MB": 240.67
    },
    "bounds": {
        "lower_bounds": [
            [
                0.0,
                4.664220094680786
            ],
            [
                1410517.5261725935,
                5.302624940872192
            ],
            [
                1461320.5462014584,
                6.577358961105347
            ],
            [
                1494520.0604107792,
                6.746737957000732
            ],
            [
                1494682.5537635451,
                6.75919508934021
            ],
            [
                1500505.8133036406,
                6.826107978820801
            ],
            [
                1501056.8692499634,
                6.844772100448608
            ],
            [
                1501084.1891796154,
                6.848501920700073
            ],
            [
                1501084.1910600355,
                6.851131916046143
            ],
            [
                1505737.2900534414,
                6.933042049407959
            ],
            [
                1505750.5823321985,
                6.947354078292847
            ],
            [
                1505761.3520646056,
                6.953021049499512
            ],
            [
                1505763.8662773164,
                6.9567201137542725
            ],
            [
                1507779.838140179,
                7.0316290855407715
            ],
            [
                1508474.9993350552,
                7.049752950668335
            ],
            [
                1508503.8019621617,
                7.054764986038208
            ],
            [
                1508681.3135915007,
                7.094316005706787
            ],
            [
                1508694.9577667231,
                7.103955030441284
            ],
            [
                1508699.3718050949,
                7.107038974761963
            ],
            [
                1508762.972009278,
                7.159617900848389
            ],
            [
                1508765.2005277707,
                7.173160076141357
            ],
            [
                1508879.360627481,
                7.222043037414551
            ],
            [
                1508968.541877899,
                7.335515975952148
            ],
            [
                1509000.1246198772,
                7.382349967956543
            ],
            [
                1510522.7335414595,
                7.392676115036011
            ],
            [
                1510772.1843933247,
                7.533561944961548
            ],
            [
                1511611.521080775,
                7.730592966079712
            ],
            [
                1511754.5375068388,
                7.853128910064697
            ],
            [
                1511823.7712053985,
                7.930526971817017
            ],
            [
                1511978.9324479531,
                7.938853979110718
            ],
            [
                1512350.1428314005,
                8.099545955657959
            ],
            [
                1513498.7216027146,
                8.245543003082275
            ],
            [
                1515568.0437348955,
                8.298913955688477
            ],
            [
                1515801.59055885,
                8.354856014251709
            ],
            [
                1516843.4117686793,
                8.493885040283203
            ],
            [
                1517309.4686800474,
                8.547873973846436
            ],
            [
                1517652.9662397138,
                8.55363392829895
            ],
            [
                1518173.3704181327,
                8.555080890655518
            ],
            [
                1518441.9542793573,
                8.58125901222229
            ],
            [
                1518864.2763939884,
                8.587155103683472
            ],
            [
                1518912.6433038507,
                8.6044340133667
            ],
            [
                1519168.8548962916,
                8.6109778881073
            ],
            [
                1519184.7728896304,
                8.622504949569702
            ],
            [
                1519326.1595133247,
                8.634664058685303
            ],
            [
                1519342.477229676,
                8.673785924911499
            ],
            [
                1519444.4403956896,
                8.675189971923828
            ],
            [
                1519721.9969174538,
                8.679895877838135
            ],
            [
                1519728.7173523095,
                8.681250095367432
            ],
            [
                1519913.8273417307,
                8.69135594367981
            ],
            [
                1519950.5980395926,
                8.694452047348022
            ],
            [
                1520070.7856030997,
                8.718033075332642
            ],
            [
                1520143.7817255477,
                8.718667030334473
            ],
            [
                1520567.9770128413,
                8.733416080474854
            ],
            [
                1520634.0173967523,
                8.736727952957153
            ],
            [
                1521188.9599455793,
                8.741606950759888
            ],
            [
                1521826.1793977097,
                8.747663021087646
            ],
            [
                1522288.5700863523,
                8.749186992645264
            ],
            [
                1522295.497918692,
                8.751491069793701
            ],
            [
                1522420.9844256388,
                8.759485006332397
            ],
            [
                1522677.74114262,
                8.760899066925049
            ],
            [
                1522895.530589624,
                8.76582407951355
            ],
            [
                1522958.073521979,
                8.768112897872925
            ],
            [
                1523095.352417447,
                8.768982887268066
            ],
            [
                1523640.6747761695,
                8.769933938980103
            ],
            [
                1523668.1382750506,
                8.771785020828247
            ]
        ],