{"input parameters": ["2", "0", "cap", "c", "50_75", "Lagrangian"], "instance": {"facilities": 50, "customers": 75}, "times": {"total_time in s": 16.1, "initialisation_time in s": 0.35, "node_selection_time in s": 0.0, "implied_demands_time in s": 3.14, "bounds_time in s": 9.15, "variable_selection in s": 2.22, "greedy_heuristics_time in s": 0.6, "other_time in s": 0.64}, "nodes": {"total": 110, "pruned": 110, "infeasible": 0, "finished": 0}, "solution": {"LB": 716107.6536, "UB": 716193.7925, "gap in %": 0.01, "incumbent": [0, 1, 4, 5, 13, 19, 23, 26, 34, 36, 40, 44, 49], "memory in MB": 73.5}, "bounds": {"lower_bounds": [[518486.61033621564, 0.35], [518486.6103362157, 0.66, "Lagrangian"], [587189.2323751402, 0.86, "Lagrangian"], [628061.5867236356, 1.07, "Lagrangian"], [644778.119589671, 1.26, "Lagrangian"], [658034.8406899371, 1.47, "Lagrangian"], [667045.8505785136, 1.66, "Lagrangian"], [674148.831352493, 1.86, "Lagrangian"], [678808.9644625998, 2.07, "Lagrangian"], [689331.5241659136, 2.27, "Lagrangian"], [690506.987511626, 2.45, "Lagrangian"], [696574.4274812986, 2.66, "Lagrangian"], [696918.3391615606, 2.83, "Lagrangian"], [697632.7752025035, 3.0, "Lagrangian"], [700245.4212731393, 3.21, "Lagrangian"], [701938.5977245229, 3.41, "Lagrangian"], [702655.8713125977, 3.6, "Lagrangian"], [704257.8565875185, 3.81, "Lagrangian"], [704438.0980820061, 4.01, "Lagrangian"], [705694.6381299976, 4.19, "Lagrangian"], [705941.5865740408, 4.39, "Lagrangian"], [705953.3484705447, 4.58, "Lagrangian"], [706275.7190289659, 4.75, "Lagrangian"], [707602.3891538907, 4.92, "Lagrangian"], [708123.4397610495, 5.1, "Lagrangian"], [708439.9491942197, 5.3, "Lagrangian"], [709061.7835610618, 5.5, "Lagrangian"], [710578.8439016417, 5.68, "Lagrangian"], [710862.9324399324, 5.89, "Lagrangian"], [712612.0084565508, 6.07, "Lagrangian"], [712656.7648450339, 6.26, "Lagrangian"], [712969.5365138223, 6.43, "Lagrangian"], [713405.916809431, 7.83, "Lagrangian"], [713441.0670085419, 8.01, "Lagrangian"], [713522.9294241507, 8.19, "Lagrangian"], [713524.1420792923, 8.71, "Lagrangian"], [713604.7918397596, 8.87, "Lagrangian"], [714212.9994517999, 9.05, "Lagrangian"], [714371.6940966356, 9.22, "Lagrangian"], [714371.6940966358, 10.0, "Lagrangian"], [714414.1387062185, 10.67, "Lagrangian"], [714433.9284625461, 10.78, "Lagrangian"], [714571.5196727563, 10.89, "Lagrangian"], [714925.102007969, 11.43, "Lagrangian"], [714925.1020079692, 11.58, "Lagrangian"], [715077.6927767525, 11.72, "Lagrangian"], [715077.6927767526, 11.85, "Lagrangian"], [715523.2596586277, 11.98, "Lagrangian"], [715599.1896659567, 12.93, "Lagrangian"], [715599.5893241434, 13.02, "Lagrangian"], [715790.3254071039, 14.4, "Lagrangian"], [715941.2250193183, 15.49, "Lagrangian"], [715983.903529084, 15.58, "Lagrangian"], [716062.3027334891, 15.75, "Lagrangian"], [716107.1144891431, 15.85, "Lagrangian"], [716107.6535830905, 16.1, "Lagrangian"]], "upper_bounds": [[835248.4030541088, 0.35], [825506.350445577, 0.45], [808789.5605318993, 0.66], [793566.4698552676, 0.86], [779522.3605381869, 1.07], [778923.9028072729, 1.26], [772761.1550411507, 1.66], [766145.5174919453, 2.45], [759876.8238613149, 2.83], [752035.2485626212, 3.0], [747580.6669723911, 3.41], [747522.7903332547, 4.19], [735515.2898367906, 4.75], [732669.4708434355, 4.92], [727673.7145380968, 6.43], [718462.9904129466, 7.71], [717348.6040306301, 9.38]]}}