{
    "input parameters": [
        "2",
        "0",
        "cap",
        "b",
        "50_75",
        "no_Lagrangian"
    ],
    "instance": {
        "facilities": 50,
        "customers": 75
    },
    "times": {
        "total_time in s": 1.84,
        "model_building_time in s": 0.49,
        "model_solving_time in s": 1.35
    },
    "nodes": {
        "total": 1.0
    },
    "solution": {
        "LB": 812756.8676,
        "UB": 812756.8676,
        "gap in %": 0.0,
        "incumbent": [
            1,
            3,
            6,
            7,
            8,
            9,
            10,
            13,
            17,
            21,
            32,
            37,
            39,
            45,
            47
        ],
        "memory in MB": 152.6
    },
    "bounds": {
        "lower_bounds": [
            [
                0.0,
                1.1209008693695068
            ],
            [
                802261.2477426422,
                1.2030348777770996
            ],
            [
                807252.4767189807,
                1.2949950695037842
            ],
            [
                807255.4692183844,
                1.3027629852294922
            ],
            [
                808288.2119493593,
                1.3152849674224854
            ],
            [
                812756.8675584851,
                1.3465590476989746
            ]
        ],
        "upper_bounds": [
            [
                1125050.5644477531,
                1.1214189529418945
            ],
            [
                909272.2008114823,
                1.1231300830841064
            ],
            [
                890289.3584520543,
                1.2039179801940918
            ],
            [
                831203.4525746597,
                1.2084479331970215
            ],
            [
                826578.160217012,
                1.2151670455932617
            ],
            [
                815134.0796745763,
                1.2971720695495605
            ],
            [
                813990.4437809045,
                1.3004989624023438
            ],
            [
                812756.8675584852,
                1.346534013748169
            ]
        ]
    }
}