{"input parameters": ["2", "0", "500", "X", "500_500", "no_Lagrangian"], "instance": {"facilities": 500, "customers": 500}, "times": {"total_time in s": 3600.14, "initialisation_time in s": 459.34, "node_selection_time in s": 0.24, "implied_demands_time in s": 1322.82, "bounds_time in s": 181.52, "variable_selection in s": 1100.96, "greedy_heuristics_time in s": 463.12, "other_time in s": 72.14}, "nodes": {"total": 199, "pruned": 0, "infeasible": 0, "finished": 0}, "solution": {"LB": 25461.4012, "UB": 43569.8436, "gap in %": 41.56, "incumbent": [9, 12, 13, 17, 32, 34, 55, 61, 62, 70, 73, 77, 78, 81, 87, 93, 100, 101, 102, 103, 115, 116, 123, 134, 137, 140, 152, 161, 163, 164, 173, 174, 175, 177, 178, 184, 187, 191, 204, 209, 213, 216, 217, 228, 234, 235, 236, 239, 242, 245, 251, 262, 263, 267, 268, 273, 274, 289, 290, 298, 302, 307, 308, 310, 314, 316, 326, 328, 341, 348, 352, 367, 369, 388, 390, 406, 408, 418, 426, 428, 433, 443, 445, 452, 462, 468, 478, 481, 490, 495, 499], "memory in MB": 4753.78}, "bounds": {"lower_bounds": [[22666.621, 459.34], [23798.49831569372, 470.35, "combined_combinatorial"], [23825.57125218223, 499.02, "combined_combinatorial"], [23827.17915078272, 513.46, "combined_combinatorial"], [23858.10715078272, 527.69, "combined_combinatorial"], [23871.13615078272, 541.89, "combined_combinatorial"], [23937.639252182234, 556.3, "combined_combinatorial"], [24032.220515764562, 570.72, "combined_combinatorial"], [24045.24951576456, 585.04, "combined_combinatorial"], [24111.119873247113, 599.56, "combined_combinatorial"], [24154.865873247112, 613.92, "combined_combinatorial"], [24295.844021703306, 628.34, "combined_combinatorial"], [24357.827021703306, 642.53, "combined_combinatorial"], [24357.831547088834, 656.77, "combined_combinatorial"], [24393.094547088833, 671.0, "combined_combinatorial"], [24476.524862895338, 676.42, "combined_combinatorial"], [24481.403060442546, 691.02, "combined_combinatorial"], [24490.500663260504, 696.42, "combined_combinatorial"], [24533.278234565987, 725.47, "combined_combinatorial"], [24542.37583738394, 739.98, "combined_combinatorial"], [24557.062909446526, 754.35, "combined_combinatorial"], [24557.112223744487, 768.82, "combined_combinatorial"], [24632.872197498542, 783.15, "combined_combinatorial"], [24655.51642542439, 797.85, "combined_combinatorial"], [24664.614028242344, 803.39, "combined_combinatorial"], [24680.657090773588, 823.4, "combined_combinatorial"], [24714.387090773587, 837.69, "combined_combinatorial"], [24734.415782906945, 852.55, "combined_combinatorial"], [24754.290016748233, 867.42, "combined_combinatorial"], [24774.2303857249, 873.04, "combined_combinatorial"], [24788.645515480075, 902.53, "combined_combinatorial"], [24797.74311829803, 917.13, "combined_combinatorial"], [24800.81159954783, 932.17, "combined_combinatorial"], [24809.015950809917, 946.81, "combined_combinatorial"], [24809.90920236578, 961.68, "combined_combinatorial"], [24818.113553627874, 976.41, "combined_combinatorial"], [24820.921433596162, 991.39, "combined_combinatorial"], [24821.527513305045, 1005.97, "combined_combinatorial"], [24838.083011561765, 1020.61, "combined_combinatorial"], [24839.107515480075, 1035.46, "combined_combinatorial"], [24847.721950809922, 1050.35, "combined_combinatorial"], [24848.20511829803, 1065.15, "combined_combinatorial"], [24856.819553627876, 1080.0, "combined_combinatorial"], [24869.83703780771, 1094.73, "combined_combinatorial"], [24870.09043359616, 1109.76, "combined_combinatorial"], [24879.71095703038, 1125.11, "combined_combinatorial"], [24881.72538913414, 1139.75, "combined_combinatorial"], [24887.84358026715, 1154.94, "combined_combinatorial"], [24918.632308292475, 1169.98, "combined_combinatorial"], [24919.525559848335, 1185.33, "combined_combinatorial"], [24927.729911110426, 1200.36, "combined_combinatorial"], [24944.504849152894, 1215.37, "combined_combinatorial"], [24957.338308292474, 1230.65, "combined_combinatorial"], [24966.435911110428, 1245.69, "combined_combinatorial"], [24974.381016748233, 1261.02, "combined_combinatorial"], [24993.726846809423, 1276.12, "combined_combinatorial"], [25018.889201587488, 1290.98, "combined_combinatorial"], [25024.30317169581, 1306.04, "combined_combinatorial"], [25032.567559856234, 1321.21, "combined_combinatorial"], [25042.90082214269, 1336.15, "combined_combinatorial"], [25061.95694524899, 1351.47, "combined_combinatorial"], [25062.017795953852, 1367.02, "combined_combinatorial"], [25065.48482214269, 1382.03, "combined_combinatorial"], [25071.254519377984, 1397.15, "combined_combinatorial"], [25088.04311121609, 1411.92, "combined_combinatorial"], [25092.4896077196, 1427.26, "combined_combinatorial"], [25118.618214134734, 1442.67, "combined_combinatorial"], [25134.974774034334, 1458.15, "combined_combinatorial"], [25136.989774034333, 1463.78, "combined_combinatorial"], [25150.589000433418, 1478.92, "combined_combinatorial"], [25157.970425424388, 1494.5, "combined_combinatorial"], [25159.023537044173, 1509.98, "combined_combinatorial"], [25159.041842816543, 1525.45, "combined_combinatorial"], [25164.012603251373, 1540.43, "combined_combinatorial"], [25164.465529941237, 1555.83, "combined_combinatorial"], [25167.068028242345, 1571.23, "combined_combinatorial"], [25167.637972374017, 1586.88, "combined_combinatorial"], [25167.656278146384, 1602.41, "combined_combinatorial"], [25168.12113986213, 1618.04, "combined_combinatorial"], [25168.139445634497, 1633.37, "combined_combinatorial"], [25171.573302731544, 1649.26, "combined_combinatorial"], [25176.73557519197, 1664.79, "combined_combinatorial"], [25176.753880964337, 1680.48, "combined_combinatorial"], [25187.457529941235, 1695.68, "combined_combinatorial"], [25192.90196062859, 1711.58, "combined_combinatorial"], [25201.99956344654, 1727.15, "combined_combinatorial"], [25213.272395958433, 1742.87, "combined_combinatorial"], [25222.369998776387, 1758.5, "combined_combinatorial"], [25222.44196062859, 1774.53, "combined_combinatorial"], [25224.001475563327, 1805.84, "combined_combinatorial"], [25228.234571617286, 1821.62, "combined_combinatorial"], [25231.056395958432, 1837.52, "combined_combinatorial"], [25231.539563446542, 1869.14, "combined_combinatorial"], [25232.861646458845, 1900.67, "combined_combinatorial"], [25233.099078381285, 1916.31, "combined_combinatorial"], [25240.153998776386, 1932.17, "combined_combinatorial"], [25240.294542727537, 1963.2, "combined_combinatorial"], [25241.959249276795, 1979.41, "combined_combinatorial"], [25249.69561455999, 1995.09, "combined_combinatorial"], [25257.53039520708, 2010.99, "combined_combinatorial"], [25258.310049889835, 2026.7, "combined_combinatorial"], [25258.793217377948, 2042.69, "combined_combinatorial"], [25258.99709220961, 2058.33, "combined_combinatorial"], [25267.40765270779, 2074.33, "combined_combinatorial"], [25267.586782906943, 2090.28, "combined_combinatorial"], [25268.094695027565, 2105.83, "combined_combinatorial"], [25274.08188742379, 2121.54, "combined_combinatorial"], [25276.607812773575, 2138.09, "combined_combinatorial"], [25276.684385724897, 2154.1, "combined_combinatorial"], [25277.254329856572, 2170.1, "combined_combinatorial"], [25277.27263562894, 2186.42, "combined_combinatorial"], [25285.032812773577, 2192.39, "combined_combinatorial"], [25285.705415591532, 2208.54, "combined_combinatorial"], [25286.351932674523, 2224.44, "combined_combinatorial"], [25286.370238446892, 2240.4, "combined_combinatorial"], [25288.039310810982, 2256.32, "combined_combinatorial"], [25288.040389131937, 2272.25, "combined_combinatorial"], [25288.46830419042, 2288.22, "combined_combinatorial"], [25289.72260325137, 2293.95, "combined_combinatorial"], [25291.827646458845, 2310.08, "combined_combinatorial"], [25292.278136392022, 2326.38, "combined_combinatorial"], [25294.13041559153, 2332.32, "combined_combinatorial"], [25297.073887423794, 2348.11, "combined_combinatorial"], [25297.13691362894, 2364.12, "combined_combinatorial"], 