{
    "input parameters": [
        "2",
        "0",
        "cap",
        "c",
        "75_100",
        "no_preprocessing"
    ],
    "instance": {
        "facilities": 75,
        "customers": 100
    },
    "times": {
        "total_time in s": 22.27,
        "model_building_time in s": 1.05,
        "model_solving_time in s": 21.21
    },
    "nodes": {
        "total": 74.0
    },
    "solution": {
        "LB": 1143610.5937,
        "UB": 1143688.3662,
        "gap in %": 0.0,
        "incumbent": [
            1,
            5,
            13,
            26,
            36,
            44,
            48,
            49,
            50,
            51,
            55,
            57,
            58,
            66,
            67,
            69
        ],
        "memory in MB": 324.84
    },
    "bounds": {
        "lower_bounds": [
            [
                0.0,
                4.2589991092681885
            ],
            [
                1102312.771842308,
                5.754744052886963
            ],
            [
                1105982.9604598957,
                9.477935075759888
            ],
            [
                1117655.0282500829,
                12.858506917953491
            ],
            [
                1117965.658453896,
                13.028771877288818
            ],
            [
                1117973.341133346,
                13.037874937057495
            ],
            [
                1121315.031613401,
                13.185043096542358
            ],
            [
                1121385.3971983737,
                15.669044017791748
            ],
            [
                1121538.5794107697,
                15.6874840259552
            ],
            [
                1121541.529296475,
                15.695389032363892
            ],
            [
                1124738.8262046624,
                16.090460062026978
            ],
            [
                1124943.8278221402,
                17.274697065353394
            ],
            [
                1125310.66649319,
                17.31711506843567
            ],
            [
                1125388.6696885356,
                17.352848052978516
            ],
            [
                1125393.4687271747,
                17.35699200630188
            ],
            [
                1126928.2665646926,
                17.57686495780945
            ],
            [
                1126981.1437288953,
                17.604490995407104
            ],
            [
                1126981.4638544915,
                17.609137058258057
            ],
            [
                1128331.7000552965,
                17.696938037872314
            ],
            [
                1128349.1607328735,
                17.726666927337646
            ],
            [
                1128352.5911019035,
                17.731791019439697
            ],
            [
                1128523.3098746527,
                17.764122009277344
            ],
            [
                1128526.4379429421,
                17.8173930644989
            ],
            [
                1128559.9024112078,
                17.844327926635742
            ],
            [
                1128562.9994590606,
                17.880675077438354
            ],
            [
                1128568.030888143,
                18.009313106536865
            ],
            [
                1128954.4401352373,
                18.074835062026978
            ],
            [
                1129406.2283729305,
                18.98848605155945
            ],
            [
                1129425.801153101,
                19.01277804374695
            ],
            [
                1129937.5556883735,
                19.17770004272461
            ],
            [
                1130077.74885885,
                19.19433093070984
            ],
            [
                1130422.9440010488,
                19.235224962234497
            ],
            [
                1130443.335600392,
                19.265738010406494
            ],
            [
                1130445.9633880754,
                19.26895809173584
            ],
            [
                1130451.2148809577,
                19.28973698616028
            ],
            [
                1130634.4295116474,
                19.328428983688354
            ],
            [
                1130641.6962836687,
                19.366044998168945
            ],
            [
                1130683.6156643638,
                19.388707876205444
            ],
            [
                1130874.3607214864,
                19.43003487586975
            ],
            [
                1130875.3220619762,
                19.434382915496826
            ],
            [
                1130961.6959129483,
                19.455427885055542
            ],
            [
                1131016.8999330658,
                19.459184885025024
            ],
            [
                1131043.4365226126,
                19.46335792541504
            ],
            [
                1131350.4600538209,
                19.584311962127686
            ],
            [
                1131399.1735903956,
                19.604719877243042
            ],
            [
                1131472.5085483566,
                19.643115043640137
            ],
            [
                1131485.4457989223,
                19.651302099227905
            ],
            [
                1131489.6769222405,
                19.655951976776123
            ],
            [
                1131494.391166083,
                19.660994052886963
            ],
            [
                1131495.670263784,
                19.66514492034912
            ],
            [
                1131516.472050126,
                19.69144105911255
            ],
            [
                1131645.3530809602,
                19.75477695465088
            ],
            [
                1131656.050645542,
                19.77433490753174
            ],
            [
                1131930.8403266289,
                20.40831708908081
            ],
            [
                1131931.9715527897,
                20.424911975860596
            ],
            [
                1131945.673654747,
                20.464046955108643
            ],
            [
                1132060.335062876,
                20.53491997718811
            ],
            [
                1132108.65612664,
                20.55250096321106
            ],
            [
                1132112.8007312808,
                20.555313110351562
            ],
            [
                1132116.4845076178,
                20.558202028274536
            ],
            [
                1132125.6662117287,
                20.580766916275024
            ],
            [
                1132217.3915376633,
                20.72347092628479
            ],
            [
                1132291.5337519946,
                20.818789958953857
            ],
            [
                1133287.224699044,
                20.860153913497925
            ],
            [
                1133354.05793145,
                20.92718005180359
            ],
            [
                1134107.1382308793,
                20.96103596687317
            ],
            [
                1134577.5830597458,
                20.975157976150513
            ],
            [
                1136040.3880597851,
                21.037862062454224
            ],
            [
                1136783.5684903204,
                21.047980070114136
            ],
            [
                1136874.9040887307,
                21.055064916610718
            ],
            [
                1136981.529067819,
                21.09592294692993
            ],
            [
                1137333.6265379202,
                21.151243925094604
            ],
