{"input parameters": ["2", "0", "700", "X", "700_700", "Lagrangian"], "instance": {"facilities": 700, "customers": 700}, "times": {"total_time in s": 3630.34, "initialisation_time in s": 1319.92, "node_selection_time in s": 0.16, "implied_demands_time in s": 374.47, "bounds_time in s": 999.61, "variable_selection in s": 525.41, "greedy_heuristics_time in s": 362.11, "other_time in s": 48.65}, "nodes": {"total": 47, "pruned": 0, "infeasible": 0, "finished": 0}, "solution": {"LB": 37559.4115, "UB": 60720.0709, "gap in %": 38.14, "incumbent": [1, 9, 13, 14, 16, 17, 20, 21, 22, 23, 32, 35, 36, 37, 41, 58, 60, 65, 74, 77, 79, 84, 85, 92, 98, 104, 112, 122, 124, 139, 140, 151, 154, 167, 171, 181, 188, 191, 194, 197, 206, 207, 210, 212, 220, 225, 237, 258, 263, 279, 282, 283, 292, 293, 294, 298, 305, 306, 307, 339, 342, 343, 347, 350, 351, 353, 357, 359, 364, 373, 375, 378, 399, 402, 407, 412, 415, 423, 426, 438, 442, 447, 453, 454, 456, 458, 465, 472, 476, 480, 481, 489, 491, 492, 495, 501, 504, 507, 508, 509, 512, 514, 523, 530, 534, 554, 555, 559, 561, 562, 568, 569, 578, 585, 588, 594, 602, 609, 613, 621, 623, 645, 649, 650, 652, 657, 665, 666, 669, 678, 698, 699], "memory in MB": 2290.09}, "bounds": {"lower_bounds": [[32206.164, 1319.92], [32578.932222549112, 1354.07, "combined_combinatorial"], [32606.25403334871, 1371.11, "combined_combinatorial"], [33449.26196051795, 1387.87, "combined_combinatorial"], [33760.68999862518, 1421.12, "combined_combinatorial"], [33772.015998625175, 1437.7, "combined_combinatorial"], [34171.68275834632, 1473.92, "combined_combinatorial"], [34389.60184380727, 1509.92, "combined_combinatorial"], [34485.12275834632, 1545.74, "combined_combinatorial"], [34959.46886080941, 1562.43, "combined_combinatorial"], [35054.989775348455, 1578.96, "combined_combinatorial"], [35226.42854754764, 1595.42, "combined_combinatorial"], [35321.94946208669, 1648.0, "combined_combinatorial"], [35440.07246208669, 1719.52, "combined_combinatorial"], [35447.33188190838, 1755.13, "combined_combinatorial"], [35571.82446208669, 1771.41, "combined_combinatorial"], [35578.402547547645, 1787.9, "combined_combinatorial"], [35579.08388190839, 1804.08, "combined_combinatorial"], [35585.743967369344, 1820.74, "combined_combinatorial"], [35607.25273858471, 1837.06, "combined_combinatorial"], [35614.51215840641, 1853.35, "combined_combinatorial"], [36702.97373429679, 1869.95, "combined_combinatorial"], [36799.09064883584, 1902.9, "combined_combinatorial"], [36806.02510048533, 1954.66, "combined_combinatorial"], [36812.60318594628, 2006.84, "combined_combinatorial"], [36813.284520307025, 2059.22, "combined_combinatorial"], [36819.944605767974, 2091.94, "combined_combinatorial"], [36825.8140265162, 2124.67, "combined_combinatorial"], [36841.45337698335, 2141.04, "combined_combinatorial"], [36848.71279680505, 2193.19, "combined_combinatorial"], [36930.84664883584, 2225.84, "combined_combinatorial"], [36966.27492533386, 2242.38, "combined_combinatorial"], [37081.137490946516, 2277.8, "combined_combinatorial"], [37090.665207045255, 2293.94, "combined_combinatorial"], [37097.32529250621, 2346.23, "combined_combinatorial"], [37110.454133076135, 2418.32, "combined_combinatorial"], [37112.823257063195, 2453.88, "combined_combinatorial"], [37126.093483543285, 2470.25, "combined_combinatorial"], [37232.79609722624, 2541.89, "combined_combinatorial"], [37238.39710048532, 2577.86, "combined_combinatorial"], [37245.13009722624, 2613.61, "combined_combinatorial"], [37282.64412467472, 2630.46, "combined_combinatorial"], [37286.13912467472, 2667.49, "combined_combinatorial"], [37286.26912467472, 2704.41, "combined_combinatorial"], [37311.494315711796, 2721.24, "combined_combinatorial"], [37314.98931571179, 2757.77, "combined_combinatorial"], [37328.34731571179, 2794.34, "combined_combinatorial"], [37369.64960809049, 2831.63, "combined_combinatorial"], [37369.65614577779, 2868.8, "combined_combinatorial"], [37389.774145777796, 2905.91, "combined_combinatorial"], [37411.727799127555, 2979.96, "combined_combinatorial"], [37411.734336814865, 3017.02, "combined_combinatorial"], [37412.59505876818, 3054.65, "combined_combinatorial"], [37425.7238993381, 3071.35, "combined_combinatorial"], [37431.85233681487, 3108.1, "combined_combinatorial"], [37441.363249805254, 3182.57, "combined_combinatorial"], [37441.55605876818, 3220.3, "combined_combinatorial"], [37447.130890057655, 3257.79, "combined_combinatorial"], [37483.634249805255, 3295.05, "combined_combinatorial"], [37487.65024826356, 3312.48, "combined_combinatorial"], [37524.93654218395, 3350.59, "combined_combinatorial"], [37524.94307987126, 3427.22, "combined_combinatorial"], [37529.728439300634, 3444.37, "combined_combinatorial"], [37545.06107987126, 3482.65, "combined_combinatorial"], [37551.95020704526, 3558.47, "combined_combinatorial"], [37559.41147686162, 3597.02, "combined_combinatorial"]], "upper_bounds": [[61543.30497391622, 1319.92]]}}