{
    "input parameters": [
        "2",
        "0",
        "cap",
        "b",
        "50_75",
        "no_preprocessing"
    ],
    "instance": {
        "facilities": 50,
        "customers": 75
    },
    "times": {
        "total_time in s": 1.87,
        "model_building_time in s": 0.52,
        "model_solving_time in s": 1.35
    },
    "nodes": {
        "total": 1.0
    },
    "solution": {
        "LB": 812756.8676,
        "UB": 812756.8676,
        "gap in %": 0.0,
        "incumbent": [
            1,
            3,
            6,
            7,
            8,
            9,
            10,
            13,
            17,
            21,
            32,
            37,
            39,
            45,
            47
        ],
        "memory in MB": 150.09
    },
    "bounds": {
        "lower_bounds": [
            [
                0.0,
                1.124648094177246
            ],
            [
                802261.2477426422,
                1.205902099609375
            ],
            [
                807252.4767189807,
                1.2952439785003662
            ],
            [
                807255.4692183844,
                1.3033311367034912
            ],
            [
                808288.2119493593,
                1.3161699771881104
            ],
            [
                812756.8675584851,
                1.3477871417999268
            ]
        ],
        "upper_bounds": [
            [
                1125050.5644477531,
                1.125020980834961
            ],
            [
                909272.2008114823,
                1.1266751289367676
            ],
            [
                890289.3584520543,
                1.2066149711608887
            ],
            [
                831203.4525746597,
                1.2099900245666504
            ],
            [
                826578.160217012,
                1.2160160541534424
            ],
            [
                815134.0796745763,
                1.2974441051483154
            ],
            [
                813990.4437809045,
                1.300903081893921
            ],
            [
                812756.8675584852,
                1.3477599620819092
            ]
        ]
    }
}