{"input parameters": ["2", "0", "700", "X", "700_700", "no_Lagrangian"], "instance": {"facilities": 700, "customers": 700}, "times": {"total_time in s": 3605.28, "initialisation_time in s": 1260.48, "node_selection_time in s": 0.25, "implied_demands_time in s": 714.91, "bounds_time in s": 119.95, "variable_selection in s": 906.76, "greedy_heuristics_time in s": 530.4, "other_time in s": 72.53}, "nodes": {"total": 87, "pruned": 0, "infeasible": 0, "finished": 0}, "solution": {"LB": 37783.348, "UB": 60720.0709, "gap in %": 37.77, "incumbent": [1, 9, 13, 14, 16, 17, 20, 21, 22, 23, 32, 35, 36, 37, 41, 58, 60, 65, 74, 77, 79, 84, 85, 92, 98, 104, 112, 122, 124, 139, 140, 151, 154, 167, 171, 181, 188, 191, 194, 197, 206, 207, 210, 212, 220, 225, 237, 258, 263, 279, 282, 283, 292, 293, 294, 298, 305, 306, 307, 339, 342, 343, 347, 350, 351, 353, 357, 359, 364, 373, 375, 378, 399, 402, 407, 412, 415, 423, 426, 438, 442, 447, 453, 454, 456, 458, 465, 472, 476, 480, 481, 489, 491, 492, 495, 501, 504, 507, 508, 509, 512, 514, 523, 530, 534, 554, 555, 559, 561, 562, 568, 569, 578, 585, 588, 594, 602, 609, 613, 621, 623, 645, 649, 650, 652, 657, 665, 666, 669, 678, 698, 699], "memory in MB": 4020.52}, "bounds": {"lower_bounds": [[32206.164, 1260.48], [32578.932222549112, 1278.83, "combined_combinatorial"], [32606.25403334871, 1288.18, "combined_combinatorial"], [33449.26196051795, 1297.19, "combined_combinatorial"], [33760.68999862518, 1314.96, "combined_combinatorial"], [33772.015998625175, 1323.87, "combined_combinatorial"], [34171.68275834632, 1344.64, "combined_combinatorial"], [34389.60184380727, 1365.28, "combined_combinatorial"], [34485.12275834632, 1385.89, "combined_combinatorial"], [34959.46886080941, 1394.81, "combined_combinatorial"], [35054.989775348455, 1403.62, "combined_combinatorial"], [35226.42854754764, 1412.46, "combined_combinatorial"], [35321.94946208669, 1442.08, "combined_combinatorial"], [35440.07246208669, 1483.47, "combined_combinatorial"], [35447.33188190838, 1504.0, "combined_combinatorial"], [35571.82446208669, 1512.75, "combined_combinatorial"], [35578.402547547645, 1521.64, "combined_combinatorial"], [35579.08388190839, 1530.45, "combined_combinatorial"], [35585.743967369344, 1539.39, "combined_combinatorial"], [35607.25273858471, 1548.22, "combined_combinatorial"], [35614.51215840641, 1557.07, "combined_combinatorial"], [36702.97373429679, 1565.89, "combined_combinatorial"], [36799.09064883584, 1583.68, "combined_combinatorial"], [36806.02510048533, 1612.82, "combined_combinatorial"], [36812.60318594628, 1642.14, "combined_combinatorial"], [36813.284520307025, 1671.92, "combined_combinatorial"], [36819.944605767974, 1689.63, "combined_combinatorial"], [36825.8140265162, 1707.36, "combined_combinatorial"], [36841.45337698335, 1716.26, "combined_combinatorial"], [36848.71279680505, 1745.88, "combined_combinatorial"], [36930.84664883584, 1763.61, "combined_combinatorial"], [36966.27492533386, 1772.58, "combined_combinatorial"], [37081.137490946516, 1793.1, "combined_combinatorial"], [37090.665207045255, 1801.82, "combined_combinatorial"], [37097.32529250621, 1831.48, "combined_combinatorial"], [37110.454133076135, 1873.31, "combined_combinatorial"], [37112.823257063195, 1894.16, "combined_combinatorial"], [37126.093483543285, 1903.21, "combined_combinatorial"], [37232.79609722624, 1945.12, "combined_combinatorial"], [37238.39710048532, 1966.32, "combined_combinatorial"], [37245.13009722624, 1987.22, "combined_combinatorial"], [37282.64412467472, 1996.53, "combined_combinatorial"], [37286.13912467472, 2018.42, "combined_combinatorial"], [37286.26912467472, 2040.24, "combined_combinatorial"], [37311.494315711796, 2049.3, "combined_combinatorial"], [37314.98931571179, 2071.05, "combined_combinatorial"], [37328.34731571179, 2092.66, "combined_combinatorial"], [37369.64960809049, 2114.7, "combined_combinatorial"], [37369.65614577779, 2136.79, "combined_combinatorial"], [37389.774145777796, 2158.84, "combined_combinatorial"], [37411.727799127555, 2202.72, "combined_combinatorial"], [37411.734336814865, 2224.53, "combined_combinatorial"], [37412.59505876818, 2247.17, "combined_combinatorial"], [37425.7238993381, 2256.33, "combined_combinatorial"], [37431.85233681487, 2278.35, "combined_combinatorial"], [37441.363249805254, 2322.33, "combined_combinatorial"], [37441.55605876818, 2344.72, "combined_combinatorial"], [37447.130890057655, 2366.89, "combined_combinatorial"], [37483.634249805255, 2389.12, "combined_combinatorial"], [37487.65024826356, 2398.77, "combined_combinatorial"], [37524.93654218395, 2421.72, "combined_combinatorial"], [37524.94307987126, 2467.56, "combined_combinatorial"], [37529.728439300634, 2477.23, "combined_combinatorial"], [37545.06107987126, 2500.27, "combined_combinatorial"], [37551.95020704526, 2545.81, "combined_combinatorial"], [37559.41147686162, 2568.89, "combined_combinatorial"], [37567.01473322102, 2591.78, "combined_combinatorial"], [37567.02127090833, 2637.66, "combined_combinatorial"], [37569.75373022069, 2660.73, "combined_combinatorial"], [37587.13927090832, 2683.83, "combined_combinatorial"], [37589.32740289249, 2730.11, "combined_combinatorial"], [37589.35089289249, 2753.67, "combined_combinatorial"], [37601.48966789869, 2776.74, "combined_combinatorial"], [37607.943085075385, 2800.68, "combined_combinatorial"], [37612.57066789869, 2810.48, "combined_combinatorial"], [37628.06108507539, 2834.23, "combined_combinatorial"], [37636.94373305554, 2881.92, "combined_combinatorial"], [37645.81845226391, 2905.84, "combined_combinatorial"], [37645.8413246835, 2929.95, "combined_combinatorial"], [37650.02127611246, 2953.4, "combined_combinatorial"], [37670.13927611246, 2976.9, "combined_combinatorial"], [37675.75725071437, 3024.57, "combined_combinatorial"], [37675.78074071437, 3048.51, "combined_combinatorial"], [37681.04736376842, 3072.41, "combined_combinatorial"], [37687.896643300985, 3096.08, "combined_combinatorial"], [37687.91951572056, 3120.01, "combined_combinatorial"], [37699.00051572057, 3129.49, "combined_combinatorial"], [37706.02808901815, 3153.38, "combined_combinatorial"], [37708.43803921377, 3163.35, "combined_combinatorial"], [37711.93303921376, 3173.33, "combined_combinatorial"], [37714.69841095508, 3197.71, "combined_combinatorial"], [37715.171035954685, 3207.61, "combined_combinatorial"], [37718.362089018156, 3231.67, "combined_combinatorial"], [37718.66603595468, 3255.76, "combined_combinatorial"], [37718.76903595468, 3279.88, "combined_combinatorial"], [37723.37358087741, 3304.16, "combined_combinatorial"], [37724.06373305553, 3401.88, "combined_combinatorial"], [37741.6461298851, 3425.98, "combined_combinatorial"], [37744.614336985964, 3450.49, "combined_combinatorial"], [37744.637826985956, 3475.11, "combined_combinatorial"], [37756.776601992155, 3499.45, "combined_combinatorial"], [37763.23001916885, 3524.44, "combined_combinatorial"], [37767.85760199215, 3534.59, "combined_combinatorial"], [37783.34801916885, 3559.63, "combined_combinatorial"]], "upper_bounds": [[63922.525514447574, 1260.48]]}}