{"input parameters": ["2", "0", "500", "X", "500_500", "Lagrangian"], "instance": {"facilities": 500, "customers": 500}, "times": {"total_time in s": 3604.43, "initialisation_time in s": 504.78, "node_selection_time in s": 0.17, "implied_demands_time in s": 789.0, "bounds_time in s": 1328.26, "variable_selection in s": 660.09, "greedy_heuristics_time in s": 276.67, "other_time in s": 45.45}, "nodes": {"total": 118, "pruned": 0, "infeasible": 0, "finished": 0}, "solution": {"LB": 25288.0393, "UB": 43472.4465, "gap in %": 41.83, "incumbent": [9, 12, 13, 17, 32, 34, 55, 61, 62, 70, 73, 77, 78, 81, 87, 93, 100, 101, 102, 103, 115, 116, 123, 134, 137, 161, 163, 164, 173, 174, 175, 177, 178, 184, 187, 191, 204, 209, 213, 216, 217, 228, 234, 235, 236, 239, 242, 245, 251, 258, 262, 263, 264, 267, 268, 273, 274, 289, 290, 298, 302, 307, 308, 310, 314, 316, 326, 328, 341, 348, 352, 367, 369, 388, 390, 406, 408, 418, 426, 428, 433, 443, 445, 452, 462, 468, 478, 481, 490, 495, 499], "memory in MB": 2909.43}, "bounds": {"lower_bounds": [[22666.621, 504.78], [23798.49831569372, 526.44, "combined_combinatorial"], [23825.57125218223, 577.11, "combined_combinatorial"], [23827.17915078272, 602.61, "combined_combinatorial"], [23858.10715078272, 627.76, "combined_combinatorial"], [23871.13615078272, 652.69, "combined_combinatorial"], [23937.639252182234, 677.73, "combined_combinatorial"], [24032.220515764562, 702.84, "combined_combinatorial"], [24045.24951576456, 727.74, "combined_combinatorial"], [24111.119873247113, 752.94, "combined_combinatorial"], [24154.865873247112, 777.86, "combined_combinatorial"], [24295.844021703306, 802.78, "combined_combinatorial"], [24357.827021703306, 827.22, "combined_combinatorial"], [24357.831547088834, 851.71, "combined_combinatorial"], [24393.094547088833, 876.24, "combined_combinatorial"], [24476.524862895338, 886.83, "combined_combinatorial"], [24481.403060442546, 912.45, "combined_combinatorial"], [24490.500663260504, 923.25, "combined_combinatorial"], [24533.278234565987, 973.93, "combined_combinatorial"], [24542.37583738394, 999.17, "combined_combinatorial"], [24557.062909446526, 1024.39, "combined_combinatorial"], [24557.112223744487, 1049.35, "combined_combinatorial"], [24632.872197498542, 1074.07, "combined_combinatorial"], [24655.51642542439, 1099.17, "combined_combinatorial"], [24664.614028242344, 1109.75, "combined_combinatorial"], [24680.657090773588, 1145.07, "combined_combinatorial"], [24714.387090773587, 1169.28, "combined_combinatorial"], [24734.415782906945, 1194.49, "combined_combinatorial"], [24754.290016748233, 1219.57, "combined_combinatorial"], [24774.2303857249, 1230.11, "combined_combinatorial"], [24788.645515480075, 1280.21, "combined_combinatorial"], [24797.74311829803, 1305.01, "combined_combinatorial"], [24800.81159954783, 1330.46, "combined_combinatorial"], [24809.015950809917, 1355.71, "combined_combinatorial"], [24809.90920236578, 1380.91, "combined_combinatorial"], [24818.113553627874, 1406.1, "combined_combinatorial"], [24820.921433596162, 1431.49, "combined_combinatorial"], [24821.527513305045, 1456.29, "combined_combinatorial"], [24838.083011561765, 1481.16, "combined_combinatorial"], [24839.107515480075, 1506.4, "combined_combinatorial"], [24847.721950809922, 1531.46, "combined_combinatorial"], [24848.20511829803, 1556.52, "combined_combinatorial"], [24856.819553627876, 1581.49, "combined_combinatorial"], [24869.83703780771, 1606.37, "combined_combinatorial"], [24870.09043359616, 1631.56, "combined_combinatorial"], [24879.71095703038, 1657.42, "combined_combinatorial"], [24881.72538913414, 1682.03, "combined_combinatorial"], [24887.84358026715, 1707.31, "combined_combinatorial"], [24918.632308292475, 1732.89, "combined_combinatorial"], [24919.525559848335, 1758.81, "combined_combinatorial"], [24927.729911110426, 1784.13, "combined_combinatorial"], [24944.504849152894, 1809.48, "combined_combinatorial"], [24957.338308292474, 1835.22, "combined_combinatorial"], [24966.435911110428, 1860.63, "combined_combinatorial"], [24974.381016748233, 1886.68, "combined_combinatorial"], [24993.726846809423, 1912.16, "combined_combinatorial"], [25018.889201587488, 1937.42, "combined_combinatorial"], [25024.30317169581, 1962.92, "combined_combinatorial"], [25032.567559856234, 1988.39, "combined_combinatorial"], [25042.90082214269, 2013.77, "combined_combinatorial"], [25061.95694524899, 2039.41, "combined_combinatorial"], [25062.017795953852, 2065.66, "combined_combinatorial"], [25065.48482214269, 2091.14, "combined_combinatorial"], [25071.254519377984, 2116.37, "combined_combinatorial"], [25088.04311121609, 2141.34, "combined_combinatorial"], [25092.4896077196, 2167.27, "combined_combinatorial"], [25118.618214134734, 2193.45, "combined_combinatorial"], [25134.974774034334, 2219.4, "combined_combinatorial"], [25136.989774034333, 2230.32, "combined_combinatorial"], [25150.589000433418, 2255.73, "combined_combinatorial"], [25157.970425424388, 2281.55, "combined_combinatorial"], [25159.023537044173, 2307.56, "combined_combinatorial"], [25159.041842816543, 2333.27, "combined_combinatorial"], [25164.012603251373, 2358.46, "combined_combinatorial"], [25164.465529941237, 2384.41, "combined_combinatorial"], [25167.068028242345, 2410.87, "combined_combinatorial"], [25167.637972374017, 2437.44, "combined_combinatorial"], [25167.656278146384, 2464.18, "combined_combinatorial"], [25168.12113986213, 2491.11, "combined_combinatorial"], [25168.139445634497, 2517.22, "combined_combinatorial"], [25171.573302731544, 2544.09, "combined_combinatorial"], [25176.73557519197, 2570.69, "combined_combinatorial"], [25176.753880964337, 2597.4, "combined_combinatorial"], [25187.457529941235, 2624.0, "combined_combinatorial"], [25192.90196062859, 2651.34, "combined_combinatorial"], [25201.99956344654, 2678.66, "combined_combinatorial"], [25213.272395958433, 2705.77, "combined_combinatorial"], [25222.369998776387, 2733.09, "combined_combinatorial"], [25222.44196062859, 2760.52, "combined_combinatorial"], [25224.001475563327, 2814.03, "combined_combinatorial"], [25228.234571617286, 2841.14, "combined_combinatorial"], [25231.056395958432, 2868.01, "combined_combinatorial"], [25231.539563446542, 2922.16, "combined_combinatorial"], [25232.861646458845, 2976.39, "combined_combinatorial"], [25233.099078381285, 3003.31, "combined_combinatorial"], [25240.153998776386, 3030.93, "combined_combinatorial"], [25240.294542727537, 3084.32, "combined_combinatorial"], [25241.959249276795, 3111.8, "combined_combinatorial"], [25249.69561455999, 3138.94, "combined_combinatorial"], [25257.53039520708, 3165.98, "combined_combinatorial"], [25258.310049889835, 3192.86, "combined_combinatorial"], [25258.793217377948, 3219.58, "combined_combinatorial"], [25258.99709220961, 3246.34, "combined_combinatorial"], [25267.40765270779, 3273.18, "combined_combinatorial"], [25267.586782906943, 3299.84, "combined_combinatorial"], [25268.094695027565, 3326.46, "combined_combinatorial"], [25274.08188742379, 3353.33, "combined_combinatorial"], [25276.607812773575, 3380.79, "combined_combinatorial"], [25276.684385724897, 3407.31, "combined_combinatorial"], [25277.254329856572, 3434.69, "combined_combinatorial"], [25277.27263562894, 3461.3, "combined_combinatorial"], [25285.032812773577, 3472.86, "combined_combinatorial"], [25285.705415591532, 3499.7, "combined_combinatorial"], [25286.351932674523, 3526.69, "combined_combinatorial"], [25286.370238446892, 3553.22, "combined_combinatorial"], [25288.039310810982, 3580.23, "combined_combinatorial"]], "upper_bounds": [[44130.14221590766, 504.78]]}}