{
    "input parameters": [
        "2",
        "0",
        "300",
        "X",
        "300_300",
        "no_preprocessing"
    ],
    "instance": {
        "facilities": 300,
        "customers": 300
    },
    "times": {
        "total_time in s": 3600.08,
        "model_building_time in s": 21.35,
        "model_solving_time in s": 3578.73
    },
    "nodes": {
        "total": 175.0
    },
    "solution": {
        "LB": 14503.5879,
        "UB": 22381.712,
        "gap in %": 0.35,
        "incumbent": [
            3,
            10,
            11,
            14,
            15,
            18,
            28,
            35,
            38,
            45,
            46,
            48,
            60,
            74,
            78,
            83,
            85,
            95,
            99,
            115,
            127,
            128,
            143,
            144,
            149,
            153,
            161,
            164,
            165,
            168,
            169,
            172,
            178,
            190,
            198,
            203,
            204,
            207,
            212,
            217,
            219,
            244,
            249,
            251,
            259,
            261,
            271,
            273,
            276,
            282,
            286,
            287,
            291,
            296,
            298
        ],
        "memory in MB": 4312.61
    },
    "bounds": {
        "lower_bounds": [
            [
                0.0,
                150.75004887580872
            ],
            [
                14140.058508765664,
                822.0523009300232
            ],
            [
                14251.114891594087,
                1486.0668020248413
            ],
            [
                14304.754565782088,
                1513.825089931488
            ],
            [
                14304.7615880276,
                1514.5224158763885
            ],
            [
                14304.974803938656,
                1515.6923248767853
            ],
            [
                14310.446894219069,
                1541.446881055832
            ],
            [
                14310.768002799357,
                1542.0300149917603
            ],
            [
                14311.116748275474,
                1543.0054678916931
            ],
            [
                14312.936297164917,
                1545.3104538917542
            ],
            [
                14312.94341162466,
                1545.5397880077362
            ],
            [
                14322.718301020343,
                1581.3692319393158
            ],
            [
                14322.853839306346,
                1581.980288028717
            ],
            [
                14323.365836040315,
                1582.6699390411377
            ],
            [
                14324.015070421847,
                1583.9241070747375
            ],
            [
                14324.022953376842,
                1584.2318830490112
            ],
            [
                14327.252269093196,
                1614.9220769405365
            ],
            [
                14327.436774701193,
                1615.5546989440918
            ],
            [
                14327.523050599579,
                1616.3646619319916
            ],
            [
                14343.782253509324,
                1637.6603739261627
            ],
            [
                14343.7975171851,
                1638.32856798172
            ],
            [
                14345.033378629718,
                1640.2886650562286
            ],
            [
                14345.175990626465,
                1641.004559993744
            ],
            [
                14360.275411647614,
                1658.2121288776398
            ],
            [
                14360.318990759657,
                1658.8643369674683
            ],
            [
                14361.192482222224,
                1661.235580921173
            ],
            [
                14361.205446653978,
                1661.6404559612274
            ],
            [
                14377.494347735914,
                1677.7385330200195
            ],
            [
                14377.584352262425,
                1678.426743030548
            ],
            [
                14377.94853727343,
                1679.3438448905945
            ],
            [
                14382.638587024592,
                1693.6310758590698
            ],
            [
                14382.649607745481,
                1694.2192389965057
            ],
            [
                14383.523315882056,
                1696.030238866806
            ],
            [
                14383.78910175581,
                1696.9709479808807
            ],
            [
                14384.974013922867,
                1703.1582598686218
            ],
            [
                14384.978384635288,
                1703.7772898674011
            ],
            [
                14385.22870401588,
                1704.6288578510284
            ],
            [
                14386.607972281834,
                1729.2549650669098
            ],
            [
                14386.72373144181,
                1729.903748035431
            ],
            [
                14387.177003302564,
                1739.6678819656372
            ],
            [
                14387.214404226997,
                1740.2936220169067
            ],
            [
                14387.262216476858,
                1741.0320808887482
            ],
            [
                14388.058187060902,
                1762.4344329833984
            ],
            [
                14388.118224741771,
                1763.0136060714722
            ],
            [
                14388.391115652357,
                1764.0035989284515
            ],
            [
                14388.392304118388,
                1764.2795848846436
            ],
            [
                14388.654824544228,
                1780.450630903244
            ],
            [
                14388.698477403872,
                1781.032042980194
            ],
            [
                14388.728431180996,
                1781.4222888946533
            ],
            [
                14388.95464299399,
                1791.960744857788
            ],
            [
                14389.118459985239,
                1792.593337059021
            ],
            [
                14389.461586642612,
                1800.1451539993286
            ],
            [
                14389.571839744965,
                1804.1492729187012
            ],
            [
                14389.572276031431,
                1856.0142560005188
            ],
            [
                14393.280772997632,
                1921.0283448696136
            ],
            [
                14393.30930466851,
                1949.5689859390259
            ],
            [
                14418.456234480542,
                1965.7927198410034
            ],
            [
                14419.050000205863,
                1985.6686880588531
            ],
            [
                14456.281084370512,
                2021.2435729503632
            ],
            [
                14456.76984007451,
                2033.1950080394745
            ],
            [
                14497.356329707849,
                2051.3484568595886
            ],
            [
                14497.389196092956,
                2971.6229639053345
            ],
            [
                14503.58792965745,
                3451.996734857559
            ]
        ],