{
    "input parameters": [
        "2",
        "0",
        "cap",
        "c",
        "75_100",
        "preprocessing"
    ],
    "instance": {
        "facilities": 75,
        "customers": 100
    },
    "times": {
        "total_time in s": 3.01,
        "model_building_time in s": 0.78,
        "model_solving_time in s": 2.23
    },
    "nodes": {
        "total": 132.0
    },
    "solution": {
        "LB": 1143688.3662,
        "UB": 1143688.3662,
        "gap in %": 0.0,
        "incumbent": [
            1,
            5,
            13,
            26,
            36,
            44,
            48,
            49,
            50,
            51,
            55,
            57,
            58,
            66,
            67,
            69
        ],
        "memory in MB": 131.34
    },
    "bounds": {
        "lower_bounds": [
            [
                133226.20946960247,
                0.26964616775512695
            ],
            [
                1103728.0203829787,
                0.3528130054473877
            ],
            [
                1117042.5179040849,
                0.5720820426940918
            ],
            [
                1117586.6183009394,
                0.5998141765594482
            ],
            [
                1121827.920266147,
                0.738332986831665
            ],
            [
                1121948.2264977451,
                0.7560811042785645
            ],
            [
                1123985.8496475094,
                0.8669350147247314
            ],
            [
                1124060.083331742,
                0.882500171661377
            ],
            [
                1124075.9743239107,
                0.8867940902709961
            ],
            [
                1124103.9860362352,
                0.8906450271606445
            ],
            [
                1124105.2271695836,
                0.8935949802398682
            ],
            [
                1125256.1941374035,
                0.9970481395721436
            ],
            [
                1125279.361466647,
                1.3177170753479004
            ],
            [
                1126059.0832887492,
                1.4046320915222168
            ],
            [
                1126288.129040933,
                1.4174931049346924
            ],
            [
                1126305.9501774767,
                1.4202940464019775
            ],
            [
                1126307.0381827208,
                1.4229040145874023
            ],
            [
                1126921.1425151415,
                1.5258781909942627
            ],
            [
                1126999.981113019,
                1.540424108505249
            ],
            [
                1127020.0043039285,
                1.544236183166504
            ],
            [
                1127020.1178809933,
                1.546666145324707
            ],
            [
                1127453.5993613307,
                1.6545040607452393
            ],
            [
                1127476.7672216657,
                1.665297031402588
            ],
            [
                1127511.821156671,
                1.6683871746063232
            ],
            [
                1127533.971188214,
                1.671295166015625
            ],
            [
                1127669.7814157684,
                1.7116851806640625
            ],
            [
                1127673.4620182214,
                1.7282040119171143
            ],
            [
                1127680.9415026638,
                1.7748010158538818
            ],
            [
                1130194.9406763474,
                1.8893771171569824
            ],
            [
                1130634.7287976572,
                1.902083158493042
            ],
            [
                1130788.3014122325,
                1.9490389823913574
            ],
            [
                1134750.883023535,
                1.9943721294403076
            ],
            [
                1134762.610144602,
                2.0021591186523438
            ],
            [
                1135408.5190123774,
                2.0157010555267334
            ],
            [
                1135533.4363936174,
                2.0174410343170166
            ],
            [
                1135993.7051347345,
                2.067038059234619
            ],
            [
                1136887.3378626653,
                2.0968780517578125
            ],
            [
                1137478.4351463774,
                2.113685131072998
            ],
            [
                1137944.6561924545,
                2.1568591594696045
            ],
            [
                1138237.9754789553,
                2.1761600971221924
            ],
            [
                1138346.148865986,
                2.1798300743103027
            ],
            [
                1138407.008681684,
                2.18245005607605
            ],
            [
                1138521.3342290951,
                2.2100331783294678
            ],
            [
                1139138.775560882,
                2.2161409854888916
            ],
            [
                1139158.0014506013,
                2.2213950157165527
            ],
            [
                1139198.8148343887,
                2.224269151687622
            ],
            [
                1139594.8037186174,
                2.2246131896972656
            ],
            [
                1141879.6256927075,
                2.226438045501709
            ],
            [
                1141987.203373774,
                2.226555109024048
            ]
        ],
        "upper_bounds": [
            [
                1458479.2457935696,
                0.269970178604126
            ],
            [
                1194613.7076645668,
                0.3532400131225586
            ],
            [
                1187632.6675236754,
                0.3674631118774414
            ],
            [
                1181925.042361476,
                0.5842390060424805
            ],
            [
                1143688.3662135045,
                0.5947480201721191
            ]
        ]
    }
}