{
    "input parameters": [
        "2",
        "0",
        "cap",
        "b",
        "50_75",
        "preprocessing"
    ],
    "instance": {
        "facilities": 50,
        "customers": 75
    },
    "times": {
        "total_time in s": 0.55,
        "model_building_time in s": 0.34,
        "model_solving_time in s": 0.21
    },
    "nodes": {
        "total": 1.0
    },
    "solution": {
        "LB": 812756.8676,
        "UB": 812756.8676,
        "gap in %": 0.0,
        "incumbent": [
            1,
            3,
            6,
            7,
            8,
            9,
            10,
            13,
            17,
            21,
            32,
            37,
            39,
            45,
            47
        ],
        "memory in MB": 90.68
    },
    "bounds": {
        "lower_bounds": [
            [
                0.0,
                0.09284210205078125
            ],
            [
                802262.3885189883,
                0.10824298858642578
            ],
            [
                805920.5872510779,
                0.16804099082946777
            ],
            [
                808062.909320138,
                0.1761770248413086
            ],
            [
                808165.0829837528,
                0.17754006385803223
            ],
            [
                810376.8850546166,
                0.19130897521972656
            ],
            [
                812756.8675584851,
                0.21307897567749023
            ]
        ],
        "upper_bounds": [
            [
                1000090.3211441123,
                0.09301400184631348
            ],
            [
                871022.8163960066,
                0.10862517356872559
            ],
            [
                831203.4525746598,
                0.11156415939331055
            ],
            [
                815134.0796745763,
                0.16935205459594727
            ],
            [
                813990.4437809045,
                0.21147418022155762
            ],
            [
                812756.8675584854,
                0.2130579948425293
            ]
        ]
    }
}