{
    "input parameters": [
        "2",
        "0",
        "cap",
        "c",
        "50_75",
        "no_preprocessing"
    ],
    "instance": {
        "facilities": 50,
        "customers": 75
    },
    "times": {
        "total_time in s": 1.78,
        "model_building_time in s": 0.54,
        "model_solving_time in s": 1.24
    },
    "nodes": {
        "total": 1.0
    },
    "solution": {
        "LB": 716193.7925,
        "UB": 716193.7925,
        "gap in %": 0.0,
        "incumbent": [
            0,
            1,
            4,
            5,
            13,
            19,
            23,
            26,
            34,
            36,
            40,
            44,
            49
        ],
        "memory in MB": 150.63
    },
    "bounds": {
        "lower_bounds": [
            [
                0.0,
                1.2113659381866455
            ],
            [
                716193.7925257966,
                1.2367780208587646
            ]
        ],
        "upper_bounds": [
            [
                917452.0481320315,
                1.2116539478302002
            ],
            [
                716193.7925257966,
                1.2363719940185547
            ]
        ]
    }
}