{
    "input parameters": [
        "2",
        "1",
        "500",
        "X",
        "500_500",
        "preprocessing"
    ],
    "instance": {
        "facilities": 500,
        "customers": 500
    },
    "times": {
        "total_time in s": 3600.24,
        "model_building_time in s": 467.45,
        "model_solving_time in s": 3132.79
    },
    "nodes": {
        "total": 5.0
    },
    "solution": {
        "LB": 26762.6025,
        "UB": 38279.942,
        "gap in %": 0.3,
        "incumbent": [
            21,
            28,
            30,
            32,
            35,
            42,
            48,
            49,
            61,
            62,
            65,
            70,
            71,
            73,
            83,
            87,
            88,
            92,
            93,
            95,
            102,
            103,
            105,
            118,
            123,
            130,
            134,
            137,
            138,
            142,
            152,
            164,
            167,
            173,
            174,
            175,
            191,
            193,
            199,
            204,
            206,
            212,
            213,
            216,
            224,
            228,
            235,
            236,
            239,
            240,
            242,
            243,
            244,
            251,
            262,
            264,
            273,
            274,
            276,
            277,
            301,
            302,
            305,
            313,
            314,
            341,
            343,
            348,
            352,
            378,
            394,
            397,
            406,
            408,
            411,
            416,
            419,
            433,
            437,
            443,
            444,
            451,
            452,
            454,
            456,
            466,
            470,
            479,
            483,
            487,
            490,
            491,
            493,
            499
        ],
        "memory in MB": 5614.69
    },
    "bounds": {
        "lower_bounds": [
            [
                0.0,
                117.09888195991516
            ],
            [
                26083.581080915857,
                408.4668290615082
            ],
            [
                26333.582545163372,
                829.7064170837402
            ],
            [
                26436.459997174297,
                1351.2260410785675
            ],
            [
                26436.484931216284,
                1362.566642999649
            ],
            [
                26521.031127898594,
                1811.1656119823456
            ],
            [
                26521.582323223614,
                1822.79217004776
            ],
            [
                26521.584184086118,
                1823.999312877655
            ],
            [
                26538.242058534324,
                2038.30912899971
            ],
            [
                26540.212987801297,
                2052.5723469257355
            ],
            [
                26540.72025659401,
                2056.777505874634
            ],
            [
                26540.72348166001,
                2058.3131589889526
            ],
            [
                26547.072546634587,
                2174.918184041977
            ],
            [
                26547.091682498096,
                2182.0379769802094
            ],
            [
                26553.42726307488,
                2253.9379210472107
            ],
            [
                26553.458823102992,
                2260.86913895607
            ],
            [
                26555.231435947397,
                2308.2919640541077
            ],
            [
                26555.313526191407,
                2315.2558300495148
            ],
            [
                26555.438980276158,
                2318.888748884201
            ],
            [
                26555.823345892888,
                2322.003625869751
            ],
            [
                26556.161363033953,
                2326.951812982559
            ],
            [
                26556.851867751688,
                2331.9186520576477
            ],
            [
                26556.852413019227,
                2332.921438932419
            ],
            [
                26557.957410214767,
                2365.696615934372
            ],
            [
                26557.978238766227,
                2377.0490188598633
            ],
            [
                26558.088891984647,
                2412.9102070331573
            ],
            [
                26558.0911234821,
                2417.5689029693604
            ],
            [
                26558.098345877363,
                2439.4689218997955
            ],
            [
                26558.514596786805,
                2475.980805873871
            ],
            [
                26558.52217235786,
                2477.719166994095
            ],
            [
                26558.54132036072,
                2492.4653120040894
            ],
            [
                26558.543693816107,
                2493.035532951355
            ],
            [
                26566.161118736683,
                2772.328831911087
            ],
            [
                26689.511609207428,
                3084.4068779945374
            ],
            [
                26689.534734110563,
                3132.4971590042114
            ]
        ],
        "upper_bounds": [
            [
                104446.064003,
                120.85241508483887
            ],
            [
                45000.083404,
                409.0354199409485
            ],
            [
                40947.807667999994,
                414.4719879627228
            ],
            [
                40034.649615999995,
                1123.6001579761505
            ],
            [
                39939.080477999996,
                1359.1889729499817
            ],
            [
                39308.408902999996,
                2042.6631648540497
            ],
            [
                38898.338233999995,
                2258.9634490013123
            ],
            [
                38603.177095,
                2375.5939559936523
            ],
            [
                38279.941967,
                2470.1126098632812
            ]
        ]
    }
}