{"input parameters": ["2", "1", "300", "X", "300_300", "no_Lagrangian"], "instance": {"facilities": 300, "customers": 300}, "times": {"total_time in s": 3610.27, "initialisation_time in s": 52.59, "node_selection_time in s": 0.17, "implied_demands_time in s": 2251.95, "bounds_time in s": 268.57, "variable_selection in s": 788.98, "greedy_heuristics_time in s": 220.74, "other_time in s": 27.27}, "nodes": {"total": 254, "pruned": 0, "infeasible": 0, "finished": 0}, "solution": {"LB": 11202.9208, "UB": 19999.9509, "gap in %": 43.99, "incumbent": [2, 3, 5, 10, 11, 14, 19, 20, 28, 39, 46, 65, 67, 74, 81, 85, 88, 90, 95, 105, 109, 110, 112, 113, 118, 122, 127, 128, 143, 144, 153, 163, 165, 169, 172, 173, 178, 190, 198, 204, 207, 217, 226, 243, 244, 251, 253, 261, 271, 273, 276, 279, 282, 287, 288], "memory in MB": 1378.56}, "bounds": {"lower_bounds": [[10954.593, 52.59], [10955.372, 109.12, "combined_combinatorial"], [10963.445, 136.63, "combined_combinatorial"], [10963.925, 164.27, "combined_combinatorial"], [10966.203, 191.4, "combined_combinatorial"], [10966.488, 218.19, "combined_combinatorial"], [10966.929, 244.2, "combined_combinatorial"], [11002.05, 295.17, "combined_combinatorial"], [11010.364, 394.99, "combined_combinatorial"], [11018.258317000002, 414.17, "combined_combinatorial"], [11042.969663, 433.68, "combined_combinatorial"], [11043.727663, 472.61, "combined_combinatorial"], [11053.601535, 487.61, "combined_combinatorial"], [11054.290218, 550.16, "combined_combinatorial"], [11061.427535, 637.61, "combined_combinatorial"], [11061.908535, 666.56, "combined_combinatorial"], [11064.197535000001, 694.96, "combined_combinatorial"], [11064.331535000001, 737.08, "combined_combinatorial"], [11081.265097, 793.47, "combined_combinatorial"], [11086.622580000001, 813.18, "combined_combinatorial"], [11088.103097, 827.82, "combined_combinatorial"], [11088.735096999999, 843.52, "combined_combinatorial"], [11089.222580000001, 893.48, "combined_combinatorial"], [11097.865198, 905.72, "combined_combinatorial"], [11097.998198, 930.28, "combined_combinatorial"], [11098.164197999999, 966.61, "combined_combinatorial"], [11098.332198, 1001.97, "combined_combinatorial"], [11104.972789000001, 1013.97, "combined_combinatorial"], [11106.796789, 1061.13, "combined_combinatorial"], [11107.210789, 1084.09, "combined_combinatorial"], [11108.087789000001, 1095.48, "combined_combinatorial"], [11115.790218, 1124.53, "combined_combinatorial"], [11119.760819000001, 1156.54, "combined_combinatorial"], [11119.85858, 1177.22, "combined_combinatorial"], [11122.123218, 1215.62, "combined_combinatorial"], [11122.127819, 1229.66, "combined_combinatorial"], [11122.148580000001, 1250.02, "combined_combinatorial"], [11122.378218, 1267.85, "combined_combinatorial"], [11123.591218, 1284.77, "combined_combinatorial"], [11123.609218, 1353.13, "combined_combinatorial"], [11123.764580000001, 1373.13, "combined_combinatorial"], [11125.18058, 1393.09, "combined_combinatorial"], [11125.888819, 1485.07, "combined_combinatorial"], [11126.989580000001, 1544.92, "combined_combinatorial"], [11129.782597, 1574.89, "combined_combinatorial"], [11132.569897, 1612.34, "combined_combinatorial"], [11136.21958, 1630.93, "combined_combinatorial"], [11136.669597, 1695.71, "combined_combinatorial"], [11136.679597, 1716.02, "combined_combinatorial"], [11136.728597, 1755.52, "combined_combinatorial"], [11140.313205, 1784.18, "combined_combinatorial"], [11140.571897, 1819.29, "combined_combinatorial"], [11141.472580000001, 1882.57, "combined_combinatorial"], [11142.426897, 1897.86, "combined_combinatorial"], [11144.749580000002, 1960.95, "combined_combinatorial"], [11148.264511, 1972.55, "combined_combinatorial"], [11149.512510999999, 2006.84, "combined_combinatorial"], [11150.132511, 2017.84, "combined_combinatorial"], [11150.401, 2041.91, "combined_combinatorial"], [11150.415511, 2077.03, "combined_combinatorial"], [11150.788, 2123.07, "combined_combinatorial"], [11151.697317, 2141.99, "combined_combinatorial"], [11151.757317000001, 2179.87, "combined_combinatorial"], [11159.633078, 2243.9, "combined_combinatorial"], [11159.984317, 2262.22, "combined_combinatorial"], [11160.042078, 2270.28, "combined_combinatorial"], [11161.369272, 2300.13, "combined_combinatorial"], [11161.46526, 2309.46, "combined_combinatorial"], [11161.47226, 2318.69, "combined_combinatorial"], [11161.734317, 2354.67, "combined_combinatorial"], [11167.897912999999, 2381.59, "combined_combinatorial"], [11167.915912999999, 2390.41, "combined_combinatorial"], [11168.088913, 2399.06, "combined_combinatorial"], [11169.419663, 2434.81, "combined_combinatorial"], [11169.832913, 2461.62, "combined_combinatorial"], [11171.619096999999, 2476.06, "combined_combinatorial"], [11172.648389999998, 2513.74, "combined_combinatorial"], [11175.079115, 2545.25, "combined_combinatorial"], [11175.874389999999, 2566.76, "combined_combinatorial"], [11175.94139, 2585.53, "combined_combinatorial"], [11176.689115, 2597.6, "combined_combinatorial"], [11178.044789000001, 2620.43, "combined_combinatorial"], [11178.373474999999, 2627.23, "combined_combinatorial"], [11179.574535000002, 2640.75, "combined_combinatorial"], [11179.671475, 2647.65, "combined_combinatorial"], [11179.792535, 2667.59, "combined_combinatorial"], [11179.862535, 2693.65, "combined_combinatorial"], [11180.323535000001, 2706.65, "combined_combinatorial"], [11181.584423, 2772.79, "combined_combinatorial"], [11182.04228, 2816.65, "combined_combinatorial"], [11182.647423, 2832.27, "combined_combinatorial"], [11182.84339, 2841.6, "combined_combinatorial"], [11182.91828, 2853.74, "combined_combinatorial"], [11183.45839, 2887.48, "combined_combinatorial"], [11183.61139, 2896.39, "combined_combinatorial"], [11183.769115, 2907.97, "combined_combinatorial"], [11184.591741, 2939.2, "combined_combinatorial"], [11184.827115, 2950.55, "combined_combinatorial"], [11184.838474999999, 3011.68, "combined_combinatorial"], [11186.230085, 3021.15, "combined_combinatorial"], [11186.71328, 3033.13, "combined_combinatorial"], [11186.75528, 3079.71, "combined_combinatorial"], [11186.788085, 3100.12, "combined_combinatorial"], [11186.842085, 3118.47, "combined_combinatorial"], [11187.286085, 3127.96, "combined_combinatorial"], [11187.339741, 3135.97, "combined_combinatorial"], [11187.448279999999, 3155.12, "combined_combinatorial"], [11187.913475, 3161.85, "combined_combinatorial"], [11188.18598, 3183.36, "combined_combinatorial"], [11189.189423, 3198.77, "combined_combinatorial"], [11189.336422999999, 3214.18, "combined_combinatorial"], [11191.59528, 3239.58, "combined_combinatorial"], [11191.731979999999, 3254.95, "combined_combinatorial"], [11191.821979999999, 3269.91, "combined_combinatorial"], [11192.22998, 3284.64, "combined_combinatorial"], [11192.873567999999, 3300.35, "combined_combinatorial"], [11194.574833, 3311.99, "combined_combinatorial"], [11194.688740999998, 3331.16, "combined_combinatorial"], [11196.063474999999, 3352.63, "combined_combinatorial"], [11198.426833000001, 3363.74, "combined_combinatorial"], [11198.819833000001, 3385.48, "combined_combinatorial"], [11198.894834, 3398.8, "combined_combinatorial"], [11198.957868, 3415.4, "combined_combinatorial"], [11199.270151, 3443.52, "combined_combinatorial"], [11199.877741, 3451.08, "combined_combinatorial"], [11200.973568000001, 3474.17, "combined_combinatorial"], [11201.123567999999, 3505.36, "combined_combinatorial"], [11202.645568, 3550.82, "combined_combinatorial"], [11202.674051, 3562.19, "combined_combinatorial"], [11202.920819, 3598.14, "combined_combinatorial"]], "upper_bounds": [[20981.433779000003, 52.59]]}}