{
    "input parameters": [
        "2",
        "1",
        "300",
        "X",
        "300_300",
        "preprocessing"
    ],
    "instance": {
        "facilities": 300,
        "customers": 300
    },
    "times": {
        "total_time in s": 3600.24,
        "model_building_time in s": 55.01,
        "model_solving_time in s": 3545.23
    },
    "nodes": {
        "total": 560.0
    },
    "solution": {
        "LB": 13720.9075,
        "UB": 18522.088,
        "gap in %": 0.26,
        "incumbent": [
            2,
            3,
            5,
            9,
            11,
            14,
            19,
            20,
            26,
            28,
            41,
            46,
            56,
            60,
            65,
            67,
            74,
            81,
            85,
            86,
            95,
            109,
            110,
            112,
            118,
            127,
            128,
            144,
            163,
            172,
            173,
            178,
            190,
            198,
            204,
            207,
            212,
            217,
            236,
            243,
            244,
            251,
            253,
            261,
            263,
            268,
            271,
            273,
            276,
            282,
            284,
            287,
            288
        ],
        "memory in MB": 2169.5
    },
    "bounds": {
        "lower_bounds": [
            [
                0.0,
                26.249783992767334
            ],
            [
                13053.494427193795,
                56.37919592857361
            ],
            [
                13283.698571204683,
                223.82025003433228
            ],
            [
                13284.408154401039,
                235.08439111709595
            ],
            [
                13350.54872597661,
                330.15421199798584
            ],
            [
                13353.148679731004,
                336.2022430896759
            ],
            [
                13353.201765192081,
                360.59262800216675
            ],
            [
                13404.603015963547,
                390.5249149799347
            ],
            [
                13404.864024663906,
                406.28798508644104
            ],
            [
                13404.874339190279,
                407.0108630657196
            ],
            [
                13419.378028554625,
                453.3867390155792
            ],
            [
                13422.014823035723,
                490.911493062973
            ],
            [
                13422.131129393889,
                493.0548560619354
            ],
            [
                13422.131623358488,
                493.36913800239563
            ],
            [
                13427.666661776078,
                520.5541779994965
            ],
            [
                13428.228122846334,
                529.9859459400177
            ],
            [
                13428.279243258672,
                530.5315020084381
            ],
            [
                13428.371491143087,
                531.423259973526
            ],
            [
                13428.39194235623,
                532.2853569984436
            ],
            [
                13429.871267168657,
                556.2841839790344
            ],
            [
                13429.872743314323,
                557.0189640522003
            ],
            [
                13431.171158942154,
                568.6306500434875
            ],
            [
                13431.295534069675,
                584.235424041748
            ],
            [
                13431.300036547518,
                584.8816230297089
            ],
            [
                13431.848476473508,
                590.7044680118561
            ],
            [
                13432.429305595495,
                592.9303209781647
            ],
            [
                13432.467928764154,
                593.6566650867462
            ],
            [
                13433.053641449333,
                603.5047221183777
            ],
            [
                13433.08036978094,
                610.8249480724335
            ],
            [
                13433.659684729919,
                616.4454019069672
            ],
            [
                13433.796064043481,
                617.5323009490967
            ],
            [
                13433.818717167132,
                618.0832130908966
            ],
            [
                13434.34033299513,
                624.6367039680481
            ],
            [
                13434.83717017055,
                626.0736360549927
            ],
            [
                13434.854491307793,
                626.6146230697632
            ],
            [
                13435.032976453227,
                631.7129271030426
            ],
            [
                13435.034278076391,
                632.5565769672394
            ],
            [
                13435.330465979372,
                636.6846990585327
            ],
            [
                13435.394550407247,
                642.0320329666138
            ],
            [
                13435.460884289978,
                642.5744631290436
            ],
            [
                13435.669762954683,
                644.0760610103607
            ],
            [
                13435.707632072717,
                644.47771692276
            ],
            [
                13435.755878498969,
                647.6940839290619
            ],
            [
                13435.756129326404,
                648.4325339794159
            ],
            [
                13435.795664044992,
                653.3833999633789
            ],
            [
                13435.817100509055,
                653.5961709022522
            ],
            [
                13441.839542474703,
                665.7777709960938
            ],
            [
                13513.017268152236,
                721.260890007019
            ],
            [
                13531.736433649268,
                762.1564950942993
            ],
            [
                13592.271845044306,
                803.8156700134277
            ],
            [
                13632.432658674097,
                2154.606390953064
            ],
            [
                13669.29183092991,
                2162.753904104233
            ],
            [
                13720.907516603615,
                2839.752865076065
            ]
        ],
        "upper_bounds": [
            [
                62781.190675,
                26.543718099594116
            ],
            [
                21428.875439,
                56.579790115356445
            ],
            [
                19335.824258,
                118.30377793312073
            ],
            [
                18997.694026,
                228.08463096618652
            ],
            [
                18743.523801000003,
                1459.4992699623108
            ],
            [
                18741.117365000002,
                2142.5208780765533
            ],
            [
                18522.088042000003,
                2282.754030942917
            ]
        ]
    }
}