{"input parameters": ["2", "1", "1000", "X", "1000_1000", "no_Lagrangian"], "instance": {"facilities": 1000, "customers": 1000}, "times": {"total_time in s": 87110.84, "initialisation_time in s": 8011.92, "node_selection_time in s": 0.15, "implied_demands_time in s": 72385.7, "bounds_time in s": 622.33, "variable_selection in s": 4988.91, "greedy_heuristics_time in s": 1069.79, "other_time in s": 32.03}, "nodes": {"total": 26, "pruned": 0, "infeasible": 0, "finished": 0}, "solution": {"LB": 38011.4244, "UB": 78010.6087, "gap in %": 51.27, "incumbent": [3, 16, 17, 24, 36, 41, 44, 50, 55, 57, 63, 67, 75, 76, 83, 95, 106, 109, 110, 112, 123, 124, 131, 137, 140, 142, 145, 150, 151, 155, 163, 176, 182, 184, 188, 191, 207, 214, 226, 227, 230, 237, 243, 246, 250, 255, 260, 264, 269, 272, 294, 298, 310, 317, 321, 354, 355, 373, 376, 377, 388, 389, 392, 397, 405, 406, 409, 411, 435, 443, 449, 452, 457, 463, 468, 470, 471, 481, 484, 492, 493, 504, 505, 510, 514, 517, 531, 535, 536, 540, 541, 543, 548, 551, 560, 562, 565, 573, 585, 594, 595, 596, 616, 617, 618, 619, 622, 627, 630, 634, 635, 639, 642, 654, 658, 670, 672, 673, 676, 678, 680, 698, 700, 714, 715, 720, 722, 728, 732, 734, 737, 741, 742, 746, 754, 761, 763, 764, 770, 778, 784, 785, 786, 794, 815, 820, 822, 836, 839, 846, 848, 864, 882, 883, 894, 895, 899, 901, 903, 904, 906, 911, 914, 928, 930, 931, 933, 937, 941, 942, 949, 967, 975, 980, 983, 990, 993, 994, 998], "memory in MB": 2127.88}, "bounds": {"lower_bounds": [[37922.298, 8011.92], [37922.336, 15419.23, "combined_combinatorial"], [37922.589, 22901.36, "combined_combinatorial"], [37968.524, 26676.94, "combined_combinatorial"], [37970.358, 38600.7, "combined_combinatorial"], [37970.359, 42466.7, "combined_combinatorial"], [37970.493, 46560.65, "combined_combinatorial"], [37999.77044, 49544.39, "combined_combinatorial"], [38001.434440000005, 52489.55, "combined_combinatorial"], [38001.739440000005, 55475.96, "combined_combinatorial"], [38001.798440000006, 58425.79, "combined_combinatorial"], [38010.279440000006, 66886.66, "combined_combinatorial"], [38010.487440000004, 69710.18, "combined_combinatorial"], [38010.50144, 75137.99, "combined_combinatorial"], [38010.53744, 77667.94, "combined_combinatorial"], [38011.129440000004, 80478.98, "combined_combinatorial"], [38011.42444, 83659.37, "combined_combinatorial"]], "upper_bounds": [[83675.81656499999, 8011.92]]}}