{"input parameters": ["2", "1", "1000", "X", "1000_1000", "Lagrangian"], "instance": {"facilities": 1000, "customers": 1000}, "times": {"total_time in s": 90193.1, "initialisation_time in s": 9013.16, "node_selection_time in s": 0.1, "implied_demands_time in s": 51226.02, "bounds_time in s": 25936.74, "variable_selection in s": 3317.14, "greedy_heuristics_time in s": 679.8, "other_time in s": 20.15}, "nodes": {"total": 17, "pruned": 0, "infeasible": 0, "finished": 0}, "solution": {"LB": 38001.7984, "UB": 78470.9439, "gap in %": 51.57, "incumbent": [3, 16, 17, 23, 24, 26, 28, 31, 35, 41, 50, 55, 57, 65, 66, 67, 75, 88, 89, 95, 101, 106, 120, 132, 135, 140, 142, 144, 145, 146, 150, 151, 155, 161, 163, 169, 176, 182, 188, 189, 191, 207, 226, 227, 230, 237, 243, 246, 247, 255, 256, 269, 271, 272, 273, 291, 294, 298, 301, 310, 311, 317, 319, 322, 331, 338, 354, 355, 360, 373, 375, 377, 388, 389, 406, 407, 409, 415, 430, 436, 443, 449, 468, 470, 471, 474, 477, 481, 482, 504, 505, 510, 514, 527, 531, 532, 533, 535, 536, 537, 538, 541, 545, 548, 551, 558, 560, 562, 565, 568, 579, 585, 594, 595, 609, 616, 617, 619, 622, 623, 627, 639, 642, 649, 658, 661, 670, 672, 678, 680, 698, 700, 704, 713, 714, 720, 728, 732, 734, 737, 741, 742, 746, 754, 756, 764, 771, 778, 781, 785, 786, 793, 796, 820, 836, 839, 840, 846, 852, 864, 869, 882, 883, 895, 896, 899, 901, 903, 906, 911, 912, 914, 930, 933, 937, 941, 942, 945, 947, 949, 961, 975, 980, 986, 990, 993, 998], "memory in MB": 1634.77}, "bounds": {"lower_bounds": [[37922.298, 9013.16], [37922.336, 19384.96, "combined_combinatorial"], [37922.589, 31809.9, "combined_combinatorial"], [37968.524, 37880.34, "combined_combinatorial"], [37970.358, 56042.56, "combined_combinatorial"], [37970.359, 62156.69, "combined_combinatorial"], [37970.493, 67765.24, "combined_combinatorial"], [37999.77044, 71909.28, "combined_combinatorial"], [38001.434440000005, 76151.2, "combined_combinatorial"], [38001.739440000005, 80424.35, "combined_combinatorial"], [38001.798440000006, 85167.61, "combined_combinatorial"]], "upper_bounds": [[81851.82120799998, 9013.16]]}}