{
    "input parameters": [
        "2",
        "1",
        "300",
        "X",
        "300_300",
        "no_preprocessing"
    ],
    "instance": {
        "facilities": 300,
        "customers": 300
    },
    "times": {
        "total_time in s": 3600.08,
        "model_building_time in s": 21.43,
        "model_solving_time in s": 3578.65
    },
    "nodes": {
        "total": 310.0
    },
    "solution": {
        "LB": 13515.8025,
        "UB": 18854.7993,
        "gap in %": 0.28,
        "incumbent": [
            2,
            3,
            5,
            9,
            10,
            11,
            14,
            19,
            20,
            28,
            46,
            56,
            60,
            65,
            67,
            74,
            81,
            85,
            95,
            109,
            110,
            112,
            113,
            118,
            127,
            128,
            143,
            144,
            153,
            163,
            165,
            169,
            172,
            173,
            178,
            198,
            202,
            204,
            212,
            217,
            236,
            243,
            244,
            251,
            253,
            261,
            263,
            271,
            273,
            276,
            282,
            284,
            287,
            288,
            296
        ],
        "memory in MB": 4114.55
    },
    "bounds": {
        "lower_bounds": [
            [
                0.0,
                142.82392406463623
            ],
            [
                13047.952275172453,
                432.86232018470764
            ],
            [
                13247.713884966337,
                799.5948581695557
            ],
            [
                13283.348152089056,
                1243.9218401908875
            ],
            [
                13283.391291233886,
                1244.6179220676422
            ],
            [
                13288.351482539698,
                1247.1309490203857
            ],
            [
                13344.406506149735,
                1283.387475013733
            ],
            [
                13344.541827712712,
                1284.1850790977478
            ],
            [
                13344.654727080675,
                1285.1419432163239
            ],
            [
                13361.105861361637,
                1311.5650701522827
            ],
            [
                13361.107123475975,
                1312.198054075241
            ],
            [
                13361.68973753682,
                1313.6609020233154
            ],
            [
                13361.714691643025,
                1314.4497401714325
            ],
            [
                13399.612170612481,
                1343.9302999973297
            ],
            [
                13399.709269622714,
                1344.613216161728
            ],
            [
                13401.866065099142,
                1349.1501250267029
            ],
            [
                13403.435892028441,
                1357.2575290203094
            ],
            [
                13403.551296970048,
                1361.8156192302704
            ],
            [
                13405.637833096034,
                1365.5843122005463
            ],
            [
                13405.674552182876,
                1366.29194521904
            ],
            [
                13406.101431788165,
                1371.5997822284698
            ],
            [
                13406.116484540009,
                1374.739090204239
            ],
            [
                13406.284474994263,
                1377.1129879951477
            ],
            [
                13406.288470077032,
                1377.7406651973724
            ],
            [
                13407.322376531476,
                1383.23748421669
            ],
            [
                13407.333387078987,
                1383.9184641838074
            ],
            [
                13407.432468783152,
                1385.1232872009277
            ],
            [
                13407.528100436657,
                1396.8785331249237
            ],
            [
                13407.563880857731,
                1402.056559085846
            ],
            [
                13407.56435351344,
                1455.303474187851
            ],
            [
                13407.57447646175,
                1504.2180190086365
            ],
            [
                13418.278214802995,
                1517.484257221222
            ],
            [
                13418.716513508376,
                1547.5738320350647
            ],
            [
                13431.559260373286,
                1582.0834670066833
            ],
            [
                13431.594830949542,
                1601.1166532039642
            ],
            [
                13515.3395064009,
                1605.076122045517
            ],
            [
                13515.802505612584,
                2847.354654073715
            ]
        ],
        "upper_bounds": [
            [
                63085.201032,
                145.96823716163635
            ],
            [
                19788.976483000002,
                433.15453910827637
            ],
            [
                19289.444873,
                435.88751316070557
            ],
            [
                18854.799309,
                829.7269520759583
            ]
        ]
    }
}