{"input parameters": ["2", "1", "300", "X", "300_300", "Lagrangian"], "instance": {"facilities": 300, "customers": 300}, "times": {"total_time in s": 3617.05, "initialisation_time in s": 61.5, "node_selection_time in s": 0.08, "implied_demands_time in s": 1365.06, "bounds_time in s": 1619.86, "variable_selection in s": 437.86, "greedy_heuristics_time in s": 119.0, "other_time in s": 13.7}, "nodes": {"total": 129, "pruned": 0, "infeasible": 0, "finished": 0}, "solution": {"LB": 11150.4155, "UB": 19999.9509, "gap in %": 44.25, "incumbent": [2, 3, 5, 10, 11, 14, 19, 20, 28, 39, 46, 65, 67, 74, 81, 85, 88, 90, 95, 105, 109, 110, 112, 113, 118, 122, 127, 128, 143, 144, 153, 163, 165, 169, 172, 173, 178, 190, 198, 204, 207, 217, 226, 243, 244, 251, 253, 261, 271, 273, 276, 279, 282, 287, 288], "memory in MB": 770.2}, "bounds": {"lower_bounds": [[10954.593, 61.5], [10955.372, 160.2, "combined_combinatorial"], [10963.445, 206.55, "combined_combinatorial"], [10963.925, 254.53, "combined_combinatorial"], [10966.203, 301.09, "combined_combinatorial"], [10966.488, 346.79, "combined_combinatorial"], [10966.929, 391.59, "combined_combinatorial"], [11002.05, 478.38, "combined_combinatorial"], [11010.364, 647.18, "combined_combinatorial"], [11018.258317000002, 680.36, "combined_combinatorial"], [11042.969663, 713.76, "combined_combinatorial"], [11043.727663, 779.73, "combined_combinatorial"], [11053.601535, 805.83, "combined_combinatorial"], [11054.290218, 914.81, "combined_combinatorial"], [11061.427535, 1064.14, "combined_combinatorial"], [11061.908535, 1114.64, "combined_combinatorial"], [11064.197535000001, 1163.46, "combined_combinatorial"], [11064.331535000001, 1235.75, "combined_combinatorial"], [11081.265097, 1331.94, "combined_combinatorial"], [11086.622580000001, 1368.56, "combined_combinatorial"], [11088.103097, 1394.01, "combined_combinatorial"], [11088.735096999999, 1419.35, "combined_combinatorial"], [11089.222580000001, 1505.61, "combined_combinatorial"], [11097.865198, 1526.93, "combined_combinatorial"], [11097.998198, 1569.44, "combined_combinatorial"], [11098.164197999999, 1631.78, "combined_combinatorial"], [11098.332198, 1691.81, "combined_combinatorial"], [11104.972789000001, 1712.26, "combined_combinatorial"], [11106.796789, 1791.16, "combined_combinatorial"], [11107.210789, 1829.82, "combined_combinatorial"], [11108.087789000001, 1848.66, "combined_combinatorial"], [11115.790218, 1897.3, "combined_combinatorial"], [11119.760819000001, 1952.14, "combined_combinatorial"], [11119.85858, 1988.64, "combined_combinatorial"], [11122.123218, 2054.71, "combined_combinatorial"], [11122.127819, 2079.0, "combined_combinatorial"], [11122.148580000001, 2114.29, "combined_combinatorial"], [11122.378218, 2144.02, "combined_combinatorial"], [11123.591218, 2171.98, "combined_combinatorial"], [11123.609218, 2285.74, "combined_combinatorial"], [11123.764580000001, 2319.98, "combined_combinatorial"], [11125.18058, 2354.3, "combined_combinatorial"], [11125.888819, 2512.46, "combined_combinatorial"], [11126.989580000001, 2615.83, "combined_combinatorial"], [11129.782597, 2665.76, "combined_combinatorial"], [11132.569897, 2730.94, "combined_combinatorial"], [11136.21958, 2762.31, "combined_combinatorial"], [11136.669597, 2872.0, "combined_combinatorial"], [11136.679597, 2907.3, "combined_combinatorial"], [11136.728597, 2975.13, "combined_combinatorial"], [11140.313205, 3026.94, "combined_combinatorial"], [11140.571897, 3090.69, "combined_combinatorial"], [11141.472580000001, 3203.62, "combined_combinatorial"], [11142.426897, 3231.35, "combined_combinatorial"], [11144.749580000002, 3341.75, "combined_combinatorial"], [11148.264511, 3361.48, "combined_combinatorial"], [11149.512510999999, 3420.6, "combined_combinatorial"], [11150.132511, 3439.8, "combined_combinatorial"], [11150.401, 3481.19, "combined_combinatorial"], [11150.415511, 3541.25, "combined_combinatorial"]], "upper_bounds": [[20981.433779000003, 61.5]]}}