{
    "input parameters": [
        "2",
        "1",
        "500",
        "X",
        "500_500",
        "no_preprocessing"
    ],
    "instance": {
        "facilities": 500,
        "customers": 500
    },
    "times": {
        "total_time in s": 2729.47,
        "model_building_time in s": 80.78,
        "model_solving_time in s": 2648.69
    },
    "nodes": {
        "total": 1.0
    },
    "solution": {
        "LB": 26081.3561,
        "UB": 42048.5755,
        "gap in %": 0.38,
        "incumbent": [
            17,
            28,
            32,
            35,
            42,
            56,
            58,
            61,
            62,
            70,
            71,
            73,
            77,
            78,
            79,
            81,
            83,
            87,
            88,
            92,
            95,
            102,
            103,
            116,
            118,
            120,
            123,
            130,
            131,
            133,
            134,
            137,
            142,
            161,
            163,
            164,
            167,
            173,
            174,
            178,
            187,
            191,
            193,
            199,
            204,
            207,
            210,
            212,
            213,
            216,
            224,
            228,
            235,
            236,
            242,
            243,
            244,
            258,
            262,
            268,
            273,
            274,
            276,
            277,
            279,
            289,
            298,
            301,
            302,
            313,
            314,
            326,
            341,
            343,
            348,
            352,
            354,
            361,
            375,
            383,
            394,
            397,
            406,
            408,
            409,
            411,
            416,
            419,
            433,
            441,
            443,
            444,
            451,
            452,
            454,
            455,
            456,
            479,
            481,
            483,
            487,
            490,
            493,
            499
        ],
        "memory in MB": 9432.18
    },
    "bounds": {
        "lower_bounds": [
            [
                0.0,
                621.6294009685516
            ],
            [
                26081.35606096168,
                2563.6786727905273
            ]
        ],
        "upper_bounds": [
            [
                104829.83037400001,
                641.884908914566
            ],
            [
                45000.083404,
                2565.1325747966766
            ],
            [
                42048.575536,
                2612.7693247795105
            ]
        ]
    }
}