{
    "input parameters": [
        "3",
        "0",
        "cap",
        "b",
        "50_75",
        "preprocessing"
    ],
    "instance": {
        "facilities": 50,
        "customers": 75
    },
    "times": {
        "total_time in s": 0.58,
        "model_building_time in s": 0.35,
        "model_solving_time in s": 0.23
    },
    "nodes": {
        "total": 1.0
    },
    "solution": {
        "LB": 762648.0593,
        "UB": 762648.4081,
        "gap in %": 0.0,
        "incumbent": [
            3,
            6,
            8,
            9,
            10,
            17,
            21,
            25,
            30,
            31,
            39,
            49
        ],
        "memory in MB": 94.73
    },
    "bounds": {
        "lower_bounds": [
            [
                0.0,
                0.1750011444091797
            ],
            [
                756421.9283108517,
                0.18336105346679688
            ],
            [
                758058.0822656311,
                0.19889616966247559
            ],
            [
                762648.0593403042,
                0.22640395164489746
            ]
        ],
        "upper_bounds": [
            [
                1126958.9940891587,
                0.17554116249084473
            ],
            [
                1053734.8873337456,
                0.17606496810913086
            ],
            [
                932864.5858389655,
                0.17688608169555664
            ],
            [
                785424.3469802394,
                0.18384003639221191
            ],
            [
                763483.0794768987,
                0.18575501441955566
            ],
            [
                763256.2111451998,
                0.18759608268737793
            ],
            [
                762648.4080693574,
                0.22495102882385254
            ]
        ]
    }
}