{
    "input parameters": [
        "3",
        "0",
        "cap",
        "a",
        "50_75",
        "preprocessing"
    ],
    "instance": {
        "facilities": 50,
        "customers": 75
    },
    "times": {
        "total_time in s": 3.97,
        "model_building_time in s": 0.38,
        "model_solving_time in s": 3.58
    },
    "nodes": {
        "total": 152.0
    },
    "solution": {
        "LB": 1207727.6716,
        "UB": 1207727.6716,
        "gap in %": 0.0,
        "incumbent": [
            0,
            8,
            9,
            10,
            11,
            16,
            21,
            29,
            33,
            46
        ],
        "memory in MB": 112.22
    },
    "bounds": {
        "lower_bounds": [
            [
                0.0,
                0.18747806549072266
            ],
            [
                1161196.2231320853,
                0.26276206970214844
            ],
            [
                1175274.3405582237,
                0.4312779903411865
            ],
            [
                1176046.4099327684,
                0.45322704315185547
            ],
            [
                1176080.757689396,
                0.4569261074066162
            ],
            [
                1176090.7488281496,
                0.45961618423461914
            ],
            [
                1179324.0315871614,
                0.558650016784668
            ],
            [
                1179424.599462395,
                0.5707681179046631
            ],
            [
                1179432.7387557973,
                0.5733320713043213
            ],
            [
                1179432.7922083577,
                0.5757911205291748
            ],
            [
                1181626.7382886,
                0.7121682167053223
            ],
            [
                1181857.1664194406,
                0.7308211326599121
            ],
            [
                1181858.285345559,
                0.7333581447601318
            ],
            [
                1184282.1480175196,
                0.8509500026702881
            ],
            [
                1184440.4691223763,
                0.8689100742340088
            ],
            [
                1184510.8852047566,
                0.8736131191253662
            ],
            [
                1184517.6862738987,
                0.8772561550140381
            ],
            [
                1184518.4248248383,
                0.8802480697631836
            ],
            [
                1185497.0830777541,
                0.9465541839599609
            ],
            [
                1185555.4332462635,
                0.9615950584411621
            ],
            [
                1185580.3579658929,
                0.9652860164642334
            ],
            [
                1186274.627086985,
                1.038344144821167
            ],
            [
                1186346.9716279896,
                1.0854980945587158
            ],
            [
                1186347.1352730684,
                1.0879452228546143
            ],
            [
                1186497.551971036,
                1.149510145187378
            ],
            [
                1186619.7001936156,
                1.1671380996704102
            ],
            [
                1186620.320479459,
                1.1700210571289062
            ],
            [
                1186640.3939119808,
                1.216238021850586
            ],
            [
                1186659.446161961,
                1.2790610790252686
            ],
            [
                1186788.7815823555,
                1.3496580123901367
            ],
            [
                1186801.4198493764,
                1.3614420890808105
            ],
            [
                1187614.9700495738,
                1.426934003829956
            ],
            [
                1187747.243925782,
                1.4401140213012695
            ],
            [
                1187753.5043657946,
                1.4442050457000732
            ],
            [
                1187802.618774094,
                1.5009241104125977
            ],
            [
                1187827.7184793933,
                1.5146331787109375
            ],
            [
                1187838.5711068232,
                1.5181610584259033
            ],
            [
                1187840.909494268,
                1.521045207977295
            ],
            [
                1187913.7190151834,
                1.5903451442718506
            ],
            [
                1187935.8808385362,
                1.60312819480896
            ],
            [
                1187948.1979633279,
                1.6565821170806885
            ],
            [
                1187966.4323750346,
                1.6669301986694336
            ],
            [
                1188168.2931398875,
                1.7231202125549316
            ],
            [
                1188593.3901182555,
                2.224555015563965
            ],
            [
                1188648.1004011643,
                2.235300064086914
            ],
            [
                1188655.7350918346,
                2.239028215408325
            ],
            [
                1189432.701096726,
                2.339334011077881
            ],
            [
                1189468.6633064696,
                2.3517820835113525
            ],
            [
                1189529.2949788678,
                2.3554201126098633
            ],
            [
                1190044.9196723108,
                2.447078227996826
            ],
            [
                1190088.760022851,
                2.461134195327759
            ],
            [
                1190116.1197999406,
                2.4657959938049316
            ],
            [
                1190118.1644389725,
                2.4679651260375977
            ],
            [
                1190160.0740636713,
                2.5259320735931396
            ],
            [
                1190163.8753885424,
                2.5350182056427
            ],
            [
                1190358.5776640736,
                2.5834810733795166
            ],
            [
                1190392.955095697,
                2.5940070152282715
            ],
            [
                1190399.7205194838,
                2.5975990295410156
            ],
            [
                1190399.7697224724,
                2.599832057952881
            ],
            [
                1190401.8037688476,
                2.642383098602295
            ],
            [
                1190403.7686473697,
                2.6510300636291504
            ],
            [
                1190436.2946211684,
                2.6952240467071533
            ],
            [
                1190481.9526031895,
                2.7057712078094482
            ],
            [
                1190482.4772153462,
                2.7084481716156006
            ],
            [
                1190515.1972059503,
                2.753599166870117
            ],
            [
                1190515.5638019778,
                2.764165163040161
            ],
            [
                1190549.4929892884,
                2.8124911785125732
            ],
            [
                1190550.119809884,
                2.8244659900665283
            ],
            [
                1190552.3609546185,
                2.8662869930267334
            ],
            [
                1190552.4690150379,
                2.8760621547698975
            ],
            [
                1190556.8636316215,
                2.9194860458374023
            ],
            [
                1191338.2519865888,
                3.0478131771087646
            ],
            [
                1191788.7814466276,
                3.0725982189178467
