{"input parameters": ["3", "0", "1000", "X", "1000_1000", "Lagrangian"], "instance": {"facilities": 1000, "customers": 1000}, "times": {"total_time in s": 23182.68, "initialisation_time in s": 6527.59, "node_selection_time in s": 0.7, "implied_demands_time in s": 4819.13, "bounds_time in s": 5513.38, "variable_selection in s": 4597.31, "greedy_heuristics_time in s": 1518.92, "other_time in s": 205.65}, "nodes": {"total": 151, "pruned": 0, "infeasible": 0, "finished": 0}, "solution": {"LB": 45329.3445, "UB": 84506.8501, "gap in %": 46.36, "incumbent": [7, 11, 14, 16, 18, 31, 40, 46, 47, 52, 68, 70, 75, 78, 82, 84, 85, 86, 88, 97, 99, 101, 107, 109, 127, 139, 141, 145, 152, 160, 162, 164, 174, 182, 188, 193, 203, 206, 208, 216, 219, 223, 230, 234, 236, 239, 247, 248, 249, 255, 257, 262, 265, 271, 272, 282, 284, 305, 310, 316, 323, 329, 340, 345, 347, 359, 361, 363, 378, 380, 382, 383, 390, 391, 394, 395, 410, 418, 419, 428, 431, 442, 456, 458, 471, 474, 476, 479, 502, 507, 511, 522, 554, 559, 566, 569, 574, 578, 582, 585, 587, 588, 592, 594, 597, 598, 599, 601, 608, 610, 612, 616, 623, 637, 645, 646, 652, 653, 659, 660, 663, 669, 673, 675, 677, 678, 680, 686, 692, 712, 733, 737, 738, 747, 748, 751, 760, 763, 780, 782, 789, 791, 794, 796, 810, 822, 830, 831, 832, 835, 840, 845, 846, 853, 864, 877, 879, 886, 893, 894, 906, 907, 911, 912, 913, 916, 919, 921, 922, 929, 937, 954, 965, 966, 967, 969, 971, 972, 980, 982, 983, 984, 985, 992], "memory in MB": 10045.5}, "bounds": {"lower_bounds": [[43173.076, 6527.59], [43180.103021497875, 6606.96, "combined_combinatorial"], [43256.46881218502, 6645.63, "combined_combinatorial"], [43566.001441936656, 6685.11, "combined_combinatorial"], [43750.966886790906, 6868.3, "combined_combinatorial"], [44233.13324450691, 6958.83, "combined_combinatorial"], [44264.40853087845, 7045.15, "combined_combinatorial"], [44471.521440074604, 7220.74, "combined_combinatorial"], [44503.46024450691, 7258.29, "combined_combinatorial"], [44597.67864187845, 7345.61, "combined_combinatorial"], [44598.669065434966, 7433.55, "combined_combinatorial"], [44711.492888594454, 7520.9, "combined_combinatorial"], [44725.884724970456, 7609.27, "combined_combinatorial"], [44776.930440074604, 7737.28, "combined_combinatorial"], [44837.057261002665, 7827.85, "combined_combinatorial"], [44844.42077924302, 7917.28, "combined_combinatorial"], [44856.11588007698, 8007.01, "combined_combinatorial"], [44864.989108984235, 8096.18, "combined_combinatorial"], [44865.01510898424, 8185.08, "combined_combinatorial"], [44912.69164384148, 8282.76, "combined_combinatorial"], [44918.08309246441, 8383.47, "combined_combinatorial"], [44918.57785060719, 8480.27, "combined_combinatorial"], [44926.956321371676, 8675.73, "combined_combinatorial"], [44926.98232137167, 8771.09, "combined_combinatorial"], [44936.727139252966, 8870.78, "combined_combinatorial"], [44949.02424008693, 8969.88, "combined_combinatorial"], [44974.65885622891, 9064.78, "combined_combinatorial"], [44980.54506299463, 9160.33, "combined_combinatorial"], [44981.81988859445, 9298.25, "combined_combinatorial"], [44984.96308416214, 9398.95, "combined_combinatorial"], [44999.35492053815, 9500.66, "combined_combinatorial"], [45010.38945247436, 9698.05, "combined_combinatorial"], [45019.86468138162, 9795.84, "combined_combinatorial"], [45023.59385060719, 9888.37, "combined_combinatorial"], [45026.596794034056, 9985.99, "combined_combinatorial"], [45032.483000799766, 10083.69, "combined_combinatorial"], [45044.76299959445, 10183.59, "combined_combinatorial"], [45059.154835970454, 10283.59, "combined_combinatorial"], [45067.560294359486, 10383.16, "combined_combinatorial"], [45076.43352326675, 10482.81, "combined_combinatorial"], [45076.459523266756, 10679.91, "combined_combinatorial"], [45077.02870952251, 10780.76, "combined_combinatorial"], [45080.658126925046, 10880.69, "combined_combinatorial"], [45085.90506299463, 10977.69, "combined_combinatorial"], [45088.56400642148, 11078.94, "combined_combinatorial"], [45089.38481035647, 11181.02, "combined_combinatorial"], [45092.35996791947, 11280.82, "combined_combinatorial"], [45094.4502131872, 11381.44, "combined_combinatorial"], [45095.17228173815, 11478.82, "combined_combinatorial"], [45105.59985060719, 11578.15, "combined_combinatorial"], [45117.89097481072, 11681.11, "combined_combinatorial"], [45117.89505470438, 11785.59, "combined_combinatorial"], [45117.90010542373, 11891.88, "combined_combinatorial"], [45126.773334330996, 11994.55, "combined_combinatorial"], [45126.79933433099, 12101.02, "combined_combinatorial"], [45138.373334330994, 12146.85, "combined_combinatorial"], [45138.400735654184, 12265.86, "combined_combinatorial"], [45138.42673565418, 12498.81, "combined_combinatorial"], [45142.62533931248, 12614.55, "combined_combinatorial"], [45142.84881659539, 12728.91, "combined_combinatorial"], [45144.33200079977, 12845.72, "combined_combinatorial"], [45146.782000799765, 12961.69, "combined_combinatorial"], [45148.7350233611, 13077.76, "combined_combinatorial"], [45150.69102274389, 13313.96, "combined_combinatorial"], [45154.3271803069, 13434.63, "combined_combinatorial"], [45157.139494125586, 13551.28, "combined_combinatorial"], [45160.166251651164, 13671.31, "combined_combinatorial"], [45167.91106299462, 13788.82, "combined_combinatorial"], [45175.11533482066, 13910.81, "combined_combinatorial"], [45177.690890243015, 14031.81, "combined_combinatorial"], [45180.87036643143, 14155.45, "combined_combinatorial"], [45181.47236643143, 14277.78, "combined_combinatorial"], [45189.385991076975, 14398.89, "combined_combinatorial"], [45191.33847602778, 14518.52, "combined_combinatorial"], [45198.25921998424, 14762.59, "combined_combinatorial"], [45198.285219984245, 14883.77, "combined_combinatorial"], [45200.46164755239, 15005.9, "combined_combinatorial"], [45204.81602898282, 15126.56, "combined_combinatorial"], [45206.3478543181, 15234.75, "combined_combinatorial"], [45206.6432131872, 15451.72, "combined_combinatorial"], [45207.92086462903, 15561.31, "combined_combinatorial"], [45209.0932131872, 15669.34, "combined_combinatorial"], [45210.70223574853, 15777.01, "combined_combinatorial"], [45210.80341471432, 15996.65, "combined_combinatorial"], [45210.80846543368, 16110.65, "combined_combinatorial"], [45216.79409353629, 16221.24, "combined_combinatorial"], [45216.82009353629, 16329.44, "combined_combinatorial"], [45238.041208316565, 16441.75, "combined_combinatorial"], [45242.224605115945, 16598.79, "combined_combinatorial"], [45242.23981197487, 16711.44, "combined_combinatorial"], [45245.24085060719, 16820.17, "combined_combinatorial"], [45245.961754841475, 16932.19, "combined_combinatorial"], [45251.35320346441, 17045.52, "combined_combinatorial"], [45251.41160511595, 17159.64, "combined_combinatorial"], [45251.847961607185, 17269.48, "combined_combinatorial"], [45252.43874779113, 17490.75, "combined_combinatorial"], [45253.30568841521, 17603.03, "combined_combinatorial"], [45253.751023361096, 17824.16, "combined_combinatorial"], [45255.290084162145, 17869.41, "combined_combinatorial"], [45256.558850607194, 17978.76, "combined_combinatorial"], [45256.75396678796, 18091.88, "combined_combinatorial"], [45260.22643237167, 18205.05, "combined_combinatorial"], [45260.25243237168, 18317.18, "combined_combinatorial"], [45262.64017355367, 18430.12, "combined_combinatorial"], [45264.49662839353, 18539.32, "combined_combinatorial"], [45265.98709914512, 18650.61, "combined_combinatorial"], [45270.38283515924, 18760.11, "combined_combinatorial"], [45272.354834023216, 18984.29, "combined_combinatorial"], [45278.11617140195, 19431.01, "combined_combinatorial"], [45278.702305923725, 19657.0, "combined_combinatorial"], [45278.72830592373, 19769.65, "combined_combinatorial"], [45288.3810193808, 19884.67, "combined_combinatorial"], [45292.84900079977, 19996.87, "combined_combinatorial"], [45292.87600079977, 20217.84, "combined_combinatorial"], [45299.4489651259, 20263.12, 