{"input parameters": ["3", "0", "700", "X", "700_700", "no_Lagrangian"], "instance": {"facilities": 700, "customers": 700}, "times": {"total_time in s": 3623.83, "initialisation_time in s": 1321.98, "node_selection_time in s": 0.24, "implied_demands_time in s": 836.53, "bounds_time in s": 137.93, "variable_selection in s": 988.9, "greedy_heuristics_time in s": 268.79, "other_time in s": 69.46}, "nodes": {"total": 88, "pruned": 0, "infeasible": 0, "finished": 0}, "solution": {"LB": 36453.3817, "UB": 63351.6158, "gap in %": 42.46, "incumbent": [6, 8, 9, 12, 14, 17, 22, 28, 34, 42, 52, 53, 57, 60, 64, 67, 69, 73, 79, 82, 90, 100, 102, 111, 112, 113, 117, 118, 121, 123, 125, 126, 132, 137, 142, 153, 161, 162, 169, 170, 177, 189, 193, 199, 213, 220, 227, 230, 231, 236, 238, 240, 249, 252, 253, 256, 262, 263, 269, 276, 287, 294, 300, 301, 304, 308, 314, 329, 331, 336, 337, 341, 347, 354, 357, 358, 361, 362, 363, 375, 378, 381, 393, 406, 411, 416, 422, 425, 427, 432, 436, 438, 439, 445, 461, 467, 468, 472, 476, 477, 480, 505, 506, 513, 514, 516, 524, 526, 535, 536, 537, 549, 551, 557, 562, 572, 575, 588, 596, 602, 607, 609, 614, 622, 623, 624, 625, 626, 639, 648, 649, 652, 654, 657, 665, 675, 678, 695, 699], "memory in MB": 4106.36}, "bounds": {"lower_bounds": [[33321.058, 1321.98], [33520.67385062461, 1351.49, "combined_combinatorial"], [33997.427758543, 1373.1, "combined_combinatorial"], [34059.42585062461, 1381.14, "combined_combinatorial"], [34072.842113838975, 1388.68, "combined_combinatorial"], [34074.766113838974, 1410.65, "combined_combinatorial"], [34252.19311383898, 1430.25, "combined_combinatorial"], [34279.42032580702, 1451.18, "combined_combinatorial"], [34286.02532580702, 1458.63, "combined_combinatorial"], [34460.23527172131, 1466.3, "combined_combinatorial"], [34605.892271721306, 1474.53, "combined_combinatorial"], [34635.039823647254, 1481.96, "combined_combinatorial"], [34751.08082364725, 1524.33, "combined_combinatorial"], [34828.612892311074, 1532.57, "combined_combinatorial"], [35262.71771269872, 1553.3, "combined_combinatorial"], [35320.77976345385, 1574.11, "combined_combinatorial"], [35345.697434939546, 1581.78, "combined_combinatorial"], [35347.79143493955, 1603.47, "combined_combinatorial"], [35402.56347765932, 1610.99, "combined_combinatorial"], [35406.12520435087, 1641.0, "combined_combinatorial"], [35423.20579023552, 1648.71, "combined_combinatorial"], [35425.107790235525, 1670.83, "combined_combinatorial"], [35428.68520435087, 1692.98, "combined_combinatorial"], [35475.74668819061, 1699.27, "combined_combinatorial"], [35516.04082494064, 1727.8, "combined_combinatorial"], [35580.09082494064, 1736.24, "combined_combinatorial"], [35617.269806380136, 1757.69, "combined_combinatorial"], [35627.25999268016, 1765.41, "combined_combinatorial"], [35670.54299268016, 1809.79, "combined_combinatorial"], [35675.33185713526, 1832.3, "combined_combinatorial"], [35692.45368819061, 1852.93, "combined_combinatorial"], [35707.880948117854, 1860.99, "combined_combinatorial"], [35715.58220435087, 1883.46, "combined_combinatorial"], [35783.15018603084, 1889.89, "combined_combinatorial"], [35793.38094730928, 1933.09, "combined_combinatorial"], [35793.62557410794, 1953.97, "combined_combinatorial"], [35857.49742709464, 1977.02, "combined_combinatorial"], [35884.015948117856, 1999.61, "combined_combinatorial"], [35894.52842709464, 2008.06, "combined_combinatorial"], [35915.559477849776, 2030.29, "combined_combinatorial"], [35925.06543195759, 2053.41, "combined_combinatorial"], [35951.9150898989, 2075.16, "combined_combinatorial"], [35951.928697401, 2098.15, "combined_combinatorial"], [35951.995697401, 2119.75, "combined_combinatorial"], [35952.59047784977, 2126.97, "combined_combinatorial"], [35972.29294811786, 2149.74, "combined_combinatorial"], [35985.39864967626, 2157.84, "combined_combinatorial"], [35985.8581910268, 2180.78, "combined_combinatorial"], [35985.8717985289, 2204.57, "combined_combinatorial"], [35985.93879852889, 2228.13, "combined_combinatorial"], [35991.414366710786, 2253.18, "combined_combinatorial"], [36009.97714065403, 2275.33, "combined_combinatorial"], [36010.044140654034, 2297.55, "combined_combinatorial"], [36015.76192979782, 2305.97, "combined_combinatorial"], [36025.09508636157, 2352.92, "combined_combinatorial"], [36030.15856870762, 2361.41, "combined_combinatorial"], [36043.46070043139, 2370.62, "combined_combinatorial"], [36043.920241781925, 2394.14, "combined_combinatorial"], [36043.98724178193, 2417.4, "combined_combinatorial"], [36050.09169107626, 2441.2, "combined_combinatorial"], [36054.58892979782, 2464.31, "combined_combinatorial"], [36059.07041746592, 2488.24, "combined_combinatorial"], [36062.126086361575, 2496.16, "combined_combinatorial"], [36063.187462815884, 2520.14, "combined_combinatorial"], [36106.924980655036, 2544.55, "combined_combinatorial"], [36109.01046449477, 2551.88, "combined_combinatorial"], [36119.512749165835, 2574.99, "combined_combinatorial"], [36130.37794675209, 2599.16, "combined_combinatorial"], [36139.837662212056, 2622.33, "combined_combinatorial"], [36140.75971025058, 2646.46, "combined_combinatorial"], [36153.45585029373, 2672.63, "combined_combinatorial"], [36156.916720911744, 2697.75, "combined_combinatorial"], [36176.87037305614, 2720.88, "combined_combinatorial"], [36177.82276113324, 2744.29, "combined_combinatorial"], [36193.94772091174, 2751.96, "combined_combinatorial"], [36196.20885836294, 2761.17, "combined_combinatorial"], [36198.82176100571, 2811.22, "combined_combinatorial"], [36214.978771666865, 2835.73, "combined_combinatorial"], [36243.270342202675, 2843.14, "combined_combinatorial"], [36251.334383716, 2890.51, "combined_combinatorial"], [36252.00977166687, 2947.4, "combined_combinatorial"], [36278.99802923043, 2970.94, "combined_combinatorial"], [36285.27748484389, 2995.96, "combined_combinatorial"], [36308.950559565244, 3073.32, "combined_combinatorial"], [36309.09943447113, 3097.58, "combined_combinatorial"], [36321.01083850901, 3146.7, "combined_combinatorial"], [36341.62220826175, 3155.97, "combined_combinatorial"], [36343.04253559902, 3181.11, "combined_combinatorial"], [36354.95393963691, 3231.38, "combined_combinatorial"], [36363.63572442202, 3257.91, "combined_combinatorial"], [36367.01261032037, 3283.45, "combined_combinatorial"], [36370.89329511177, 3308.52, "combined_combinatorial"], [36379.05928176204, 3332.96, "combined_combinatorial"], [36380.98733096509, 3358.57, "combined_combinatorial"], [36393.2239296577, 3367.72, "combined_combinatorial"], [36394.78364669223, 3376.57, "combined_combinatorial"], [36396.54840597903, 3427.98, "combined_combinatorial"], [36413.002382889936, 3453.63, "combined_combinatorial"], [36418.01833096509, 3461.48, "combined_combinatorial"], [36429.154652644895, 3471.3, "combined_combinatorial"], [36433.58111682312, 3523.78, "combined_combinatorial"], [36438.08377904797, 3549.4, "combined_combinatorial"], [36439.04938172022, 3575.02, "combined_combinatorial"], [36453.38169555781, 3599.99, "combined_combinatorial"]], "upper_bounds": [[64699.40911325876, 1321.98]]}}