{"input parameters": ["3", "0", "700", "X", "700_700", "Lagrangian"], "instance": {"facilities": 700, "customers": 700}, "times": {"total_time in s": 3606.97, "initialisation_time in s": 1404.39, "node_selection_time in s": 0.14, "implied_demands_time in s": 449.8, "bounds_time in s": 990.91, "variable_selection in s": 544.46, "greedy_heuristics_time in s": 174.66, "other_time in s": 42.61}, "nodes": {"total": 49, "pruned": 0, "infeasible": 0, "finished": 0}, "solution": {"LB": 36109.0105, "UB": 63351.6158, "gap in %": 43.0, "incumbent": [6, 8, 9, 12, 14, 17, 22, 28, 34, 42, 52, 53, 57, 60, 64, 67, 69, 73, 79, 82, 90, 100, 102, 111, 112, 113, 117, 118, 121, 123, 125, 126, 132, 137, 142, 153, 161, 162, 169, 170, 177, 189, 193, 199, 213, 220, 227, 230, 231, 236, 238, 240, 249, 252, 253, 256, 262, 263, 269, 276, 287, 294, 300, 301, 304, 308, 314, 329, 331, 336, 337, 341, 347, 354, 357, 358, 361, 362, 363, 375, 378, 381, 393, 406, 411, 416, 422, 425, 427, 432, 436, 438, 439, 445, 461, 467, 468, 472, 476, 477, 480, 505, 506, 513, 514, 516, 524, 526, 535, 536, 537, 549, 551, 557, 562, 572, 575, 588, 596, 602, 607, 609, 614, 622, 623, 624, 625, 626, 639, 648, 649, 652, 654, 657, 665, 675, 678, 695, 699], "memory in MB": 2400.4}, "bounds": {"lower_bounds": [[33321.058, 1404.39], [33520.67385062461, 1458.58, "combined_combinatorial"], [33997.427758543, 1496.5, "combined_combinatorial"], [34059.42585062461, 1512.62, "combined_combinatorial"], [34072.842113838975, 1528.38, "combined_combinatorial"], [34074.766113838974, 1566.59, "combined_combinatorial"], [34252.19311383898, 1602.08, "combined_combinatorial"], [34279.42032580702, 1638.92, "combined_combinatorial"], [34286.02532580702, 1654.14, "combined_combinatorial"], [34460.23527172131, 1669.9, "combined_combinatorial"], [34605.892271721306, 1686.24, "combined_combinatorial"], [34635.039823647254, 1701.59, "combined_combinatorial"], [34751.08082364725, 1775.16, "combined_combinatorial"], [34828.612892311074, 1791.32, "combined_combinatorial"], [35262.71771269872, 1827.69, "combined_combinatorial"], [35320.77976345385, 1864.09, "combined_combinatorial"], [35345.697434939546, 1879.91, "combined_combinatorial"], [35347.79143493955, 1917.43, "combined_combinatorial"], [35402.56347765932, 1932.93, "combined_combinatorial"], [35406.12520435087, 1986.88, "combined_combinatorial"], [35423.20579023552, 2002.64, "combined_combinatorial"], [35425.107790235525, 2040.46, "combined_combinatorial"], [35428.68520435087, 2078.89, "combined_combinatorial"], [35475.74668819061, 2093.18, "combined_combinatorial"], [35516.04082494064, 2145.63, "combined_combinatorial"], [35580.09082494064, 2162.25, "combined_combinatorial"], [35617.269806380136, 2199.5, "combined_combinatorial"], [35627.25999268016, 2214.98, "combined_combinatorial"], [35670.54299268016, 2290.76, "combined_combinatorial"], [35675.33185713526, 2329.13, "combined_combinatorial"], [35692.45368819061, 2365.85, "combined_combinatorial"], [35707.880948117854, 2381.78, "combined_combinatorial"], [35715.58220435087, 2420.58, "combined_combinatorial"], [35783.15018603084, 2434.72, "combined_combinatorial"], [35793.38094730928, 2509.93, "combined_combinatorial"], [35793.62557410794, 2546.57, "combined_combinatorial"], [35857.49742709464, 2585.43, "combined_combinatorial"], [35884.015948117856, 2623.98, "combined_combinatorial"], [35894.52842709464, 2640.29, "combined_combinatorial"], [35915.559477849776, 2678.23, "combined_combinatorial"], [35925.06543195759, 2717.15, "combined_combinatorial"], [35951.9150898989, 2754.3, "combined_combinatorial"], [35951.928697401, 2793.15, "combined_combinatorial"], [35951.995697401, 2830.43, "combined_combinatorial"], [35952.59047784977, 2845.48, "combined_combinatorial"], [35972.29294811786, 2883.88, "combined_combinatorial"], [35985.39864967626, 2899.91, "combined_combinatorial"], [35985.8581910268, 2938.46, "combined_combinatorial"], [35985.8717985289, 2977.93, "combined_combinatorial"], [35985.93879852889, 3017.23, "combined_combinatorial"], [35991.414366710786, 3058.08, "combined_combinatorial"], [36009.97714065403, 3095.99, "combined_combinatorial"], [36010.044140654034, 3133.84, "combined_combinatorial"], [36015.76192979782, 3150.0, "combined_combinatorial"], [36025.09508636157, 3228.56, "combined_combinatorial"], [36030.15856870762, 3245.11, "combined_combinatorial"], [36043.46070043139, 3262.11, "combined_combinatorial"], [36043.920241781925, 3301.26, "combined_combinatorial"], [36043.98724178193, 3340.41, "combined_combinatorial"], [36050.09169107626, 3379.76, "combined_combinatorial"], [36054.58892979782, 3418.98, "combined_combinatorial"], [36059.07041746592, 3458.97, "combined_combinatorial"], [36062.126086361575, 3474.51, "combined_combinatorial"], [36063.187462815884, 3514.36, "combined_combinatorial"], [36106.924980655036, 3554.93, "combined_combinatorial"], [36109.01046449477, 3569.69, "combined_combinatorial"]], "upper_bounds": [[64699.40911325876, 1404.39]]}}