{
    "input parameters": [
        "3",
        "0",
        "cap",
        "b",
        "50_75",
        "no_preprocessing"
    ],
    "instance": {
        "facilities": 50,
        "customers": 75
    },
    "times": {
        "total_time in s": 1.9,
        "model_building_time in s": 0.51,
        "model_solving_time in s": 1.39
    },
    "nodes": {
        "total": 1.0
    },
    "solution": {
        "LB": 762648.4081,
        "UB": 762648.4081,
        "gap in %": 0.0,
        "incumbent": [
            3,
            6,
            8,
            9,
            10,
            17,
            21,
            25,
            30,
            31,
            39,
            49
        ],
        "memory in MB": 151.2
    },
    "bounds": {
        "lower_bounds": [
            [
                0.0,
                1.2749660015106201
            ],
            [
                756421.9283108517,
                1.321789026260376
            ],
            [
                758324.1025680185,
                1.3475768566131592
            ],
            [
                762648.4080693573,
                1.3831150531768799
            ]
        ],
        "upper_bounds": [
            [
                1010856.8507170803,
                1.2753660678863525
            ],
            [
                774282.9007149938,
                1.3229730129241943
            ],
            [
                763483.0794768987,
                1.327544927597046
            ],
            [
                763256.2111451998,
                1.331096887588501
            ],
            [
                762648.4080693574,
                1.3830628395080566
            ]
        ]
    }
}