{
    "input parameters": [
        "3",
        "0",
        "cap",
        "c",
        "75_100",
        "preprocessing"
    ],
    "instance": {
        "facilities": 75,
        "customers": 100
    },
    "times": {
        "total_time in s": 5.79,
        "model_building_time in s": 0.88,
        "model_solving_time in s": 4.91
    },
    "nodes": {
        "total": 317.0
    },
    "solution": {
        "LB": 1116400.126,
        "UB": 1116400.126,
        "gap in %": 0.0,
        "incumbent": [
            1,
            5,
            13,
            19,
            30,
            34,
            35,
            47,
            48,
            50,
            51,
            55,
            65,
            67
        ],
        "memory in MB": 145.29
    },
    "bounds": {
        "lower_bounds": [
            [
                0.0,
                0.41136598587036133
            ],
            [
                1079076.4272918638,
                0.5199260711669922
            ],
            [
                1090220.9744257382,
                0.7998459339141846
            ],
            [
                1090421.0444918198,
                0.8340320587158203
            ],
            [
                1090422.7169689268,
                0.8472468852996826
            ],
            [
                1093930.6708645897,
                1.107900857925415
            ],
            [
                1093945.7041419442,
                1.1335408687591553
            ],
            [
                1095587.296093825,
                1.4133660793304443
            ],
            [
                1096091.667455421,
                1.4564259052276611
            ],
            [
                1096365.2932840348,
                1.4657790660858154
            ],
            [
                1096399.3975107004,
                1.471039056777954
            ],
            [
                1096408.259242195,
                1.4789378643035889
            ],
            [
                1098495.6993031604,
                1.744718074798584
            ],
            [
                1098538.6507149343,
                1.7710559368133545
            ],
            [
                1098654.8775954035,
                1.9022579193115234
            ],
            [
                1098658.4154230733,
                2.412018060684204
            ],
            [
                1099373.8903782822,
                2.6248700618743896
            ],
            [
                1099414.045243461,
                2.6459810733795166
            ],
            [
                1099827.3541680921,
                2.8646700382232666
            ],
            [
                1099850.033509748,
                2.8830599784851074
            ],
            [
                1099851.1695969494,
                2.886652946472168
            ],
            [
                1100171.3013623427,
                3.111297845840454
            ],
            [
                1100182.5959439392,
                3.1334760189056396
            ],
            [
                1100188.7540350761,
                3.1375389099121094
            ],
            [
                1100196.4460749868,
                3.1418259143829346
            ],
            [
                1100197.8550530097,
                3.1453609466552734
            ],
            [
                1100310.8081581702,
                3.277306079864502
            ],
            [
                1100329.4352474734,
                3.2987539768218994
            ],
            [
                1100330.8889317235,
                3.302006959915161
            ],
            [
                1100332.361583111,
                3.4130918979644775
            ],
            [
                1100332.6137313207,
                3.4308149814605713
            ],
            [
                1100333.095913386,
                3.5461790561676025
            ],
            [
                1100333.1247176544,
                3.572722911834717
            ],
            [
                1100333.2893285083,
                3.7150869369506836
            ],
            [
                1100343.5884431442,
                3.716799020767212
            ],
            [
                1100381.2656387147,
                3.8922479152679443
            ],
            [
                1101422.9709395298,
                3.8981690406799316
            ],
            [
                1101576.6439418136,
                3.9117228984832764
            ],
            [
                1101688.4594129235,
                3.91642689704895
            ],
            [
                1101689.397322629,
                3.924207925796509
            ],
            [
                1102163.6140332306,
                3.9310688972473145
            ],
            [
                1102549.7649100989,
                3.943350076675415
            ],
            [
                1102551.5810416222,
                4.040231943130493
            ],
            [
                1102788.4550435536,
                4.093441963195801
            ],
            [
                1102810.8856391027,
                4.1319708824157715
            ],
            [
                1102928.0568784154,
                4.198026895523071
            ],
            [
                1103450.3772791333,
                4.2785539627075195
            ],
            [
                1103568.8217964817,
                4.334794044494629
            ],
            [
                1103984.811998031,
                4.3895628452301025
            ],
            [
                1104691.4910340337,
                4.444879055023193
            ],
            [
                1104694.4691353699,
                4.446855068206787
            ],
            [
                1104882.754738651,
                4.499583005905151
            ],
            [
                1105127.3808627527,
                4.542101860046387
            ],
            [
                1105709.8037888424,
                4.543622970581055
            ],
            [
                1105760.2411534498,
                4.554354906082153
            ],
            [
                1106590.8659445613,
                4.569705009460449
            ],
            [
                1106799.0350043704,
                4.58727502822876
            ],
            [
                1107118.6266249926,
                4.588716983795166
            ],
            [
                1107358.3839007467,
                4.606168985366821
            ],
            [
                1107461.6602166553,
                4.6218039989471436
            ],
            [
                1108220.658515177,
                4.645389080047607
            ],
            [
                1109317.2579979952,
                4.648447036743164
            ],
            [
                1109710.5192517955,
                4.682965040206909
            ],
            [
                1110031.8525622955,
                4.684040069580078
            ],
            [
                1110122.2315416588,
                4.701998949050903
            ],
            [
                1110166.4179968813,
                4.731165885925293
            ],
            [
                1110303.8377117065,
                4.731224060058594
            ],
            [
                1110329.487149493,
                4.735352993011475
            ],
            [
                1110346.7521498008,
                4.741863012313843
            ],
            [
                1110824.3510293483,
                4.744534015655518
            ],
            [
                1111013.4892115993,
                4.749140024185181
            ],
            [
                1111220.9868660562,
                4.755835056304932
            ],
            [
