{
    "input parameters": [
        "3",
        "0",
        "cap",
        "a",
        "50_75",
        "no_preprocessing"
    ],
    "instance": {
        "facilities": 50,
        "customers": 75
    },
    "times": {
        "total_time in s": 7.69,
        "model_building_time in s": 0.49,
        "model_solving_time in s": 7.2
    },
    "nodes": {
        "total": 96.0
    },
    "solution": {
        "LB": 1207727.6716,
        "UB": 1207727.6716,
        "gap in %": 0.0,
        "incumbent": [
            0,
            8,
            9,
            10,
            11,
            16,
            21,
            29,
            33,
            46
        ],
        "memory in MB": 170.14
    },
    "bounds": {
        "lower_bounds": [
            [
                0.0,
                1.350445032119751
            ],
            [
                1162793.1498770898,
                1.544551134109497
            ],
            [
                1174463.397085197,
                1.8849050998687744
            ],
            [
                1175509.7133006784,
                1.9285821914672852
            ],
            [
                1175510.4063439548,
                1.9320721626281738
            ],
            [
                1178152.8697377727,
                2.304983139038086
            ],
            [
                1178746.389237362,
                2.3321571350097656
            ],
            [
                1178822.5781420197,
                2.34904408454895
            ],
            [
                1178862.5736703118,
                2.3553340435028076
            ],
            [
                1180650.5627731443,
                2.591210126876831
            ],
            [
                1180785.049793319,
                2.6083199977874756
            ],
            [
                1180792.3430629547,
                2.613265037536621
            ],
            [
                1182558.1804586004,
                2.8272030353546143
            ],
            [
                1182993.490421626,
                2.8491291999816895
            ],
            [
                1183051.9531767943,
                2.861302137374878
            ],
            [
                1183055.7265492005,
                2.864737033843994
            ],
            [
                1184344.0940971172,
                3.0040690898895264
            ],
            [
                1184428.74852429,
                3.035737991333008
            ],
            [
                1184436.0457652425,
                3.041492223739624
            ],
            [
                1184979.1015041836,
                3.242732048034668
            ],
            [
                1184994.1081361077,
                3.2620952129364014
            ],
            [
                1184997.4883821267,
                3.265752077102661
            ],
            [
                1185206.1093907845,
                3.446707010269165
            ],
            [
                1185242.006048608,
                3.4698891639709473
            ],
            [
                1185247.4608175505,
                3.474112033843994
            ],
            [
                1185247.8774277656,
                3.4778292179107666
            ],
            [
                1185266.876966234,
                3.676537036895752
            ],
            [
                1185267.5376059085,
                3.69783616065979
            ],
            [
                1185393.3249199232,
                3.8986411094665527
            ],
            [
                1185481.864234908,
                3.922114133834839
            ],
            [
                1185519.526158557,
                3.9284350872039795
            ],
            [
                1185520.7746707192,
                3.9320321083068848
            ],
            [
                1185574.179288547,
                4.150918006896973
            ],
            [
                1185598.2756070953,
                4.168040037155151
            ],
            [
                1185656.287430192,
                4.345086097717285
            ],
            [
                1185658.4770088433,
                4.371422052383423
            ],
            [
                1185669.6741804963,
                4.39559006690979
            ],
            [
                1185781.0381959907,
                4.875052213668823
            ],
            [
                1186052.8923421379,
                4.884453058242798
            ],
            [
                1186272.1554865597,
                4.892171144485474
            ],
            [
                1186273.7705047575,
                4.8967649936676025
            ],
            [
                1187375.1464992347,
                5.19471001625061
            ],
            [
                1188017.0830317647,
                5.277454137802124
            ],
            [
                1188047.0383260634,
                5.2892680168151855
            ],
            [
                1188299.159912223,
                5.453350067138672
            ],
            [
                1188383.9287041668,
                5.49010705947876
            ],
            [
                1188461.7895987309,
                5.497044086456299
            ],
            [
                1188479.1926426238,
                5.501636028289795
            ],
            [
                1188540.1248021484,
                5.525822162628174
            ],
            [
                1188574.8043981579,
                5.556953191757202
            ],
            [
                1188578.242802916,
                5.570639133453369
            ],
            [
                1188615.9616447936,
                5.589375019073486
            ],
            [
                1188621.0984417843,
                6.209291219711304
            ],
            [
                1188625.9725369227,
                6.3323822021484375
            ],
            [
                1188659.3107241322,
                6.404924154281616
            ],
            [
                1188686.0573915932,
                6.421827077865601
            ],
            [
                1188687.5162475805,
                6.424324989318848
            ],
            [
                1188784.3430324618,
                6.459700107574463
            ],
            [
                1188795.4955332847,
                6.474714040756226
            ],
            [
                1188796.9326775093,
                6.554439067840576
            ],
            [
                1189149.685944934,
                6.586807012557983
            ],
            [
                1190203.6023430452,
                6.598344087600708
            ],
            [
                1190235.3396300732,
                6.642825126647949
            ],
            [
                1190882.1200789658,
                6.65767502784729
            ],
            [
                1191931.0016763208,
                6.674427032470703
            ],
            [
                1191993.6869484417,
                6.7000041007995605
            ],
            [
                1193367.5020392414,
                6.711355209350586
            ],
            [
                1193409.3749180802,
                6.739363193511963
            ],
            [
                1195234.343582228,
                6.744186162948608
            ],
            [
                1195236.6140071237,
                6.754646062850952
            ],
            [
                1196771.8827840635,
                6.879403114318848
            ],
            [
                1196853.4063166585,
                6.932733058929443
            ],
            [
                1196905.9826109249,
                6.970455169677734
            ],
            [
