{
    "input parameters": [
        "3",
        "0",
        "cap",
        "c",
        "50_75",
        "preprocessing"
    ],
    "instance": {
        "facilities": 50,
        "customers": 75
    },
    "times": {
        "total_time in s": 0.54,
        "model_building_time in s": 0.34,
        "model_solving_time in s": 0.19
    },
    "nodes": {
        "total": 1.0
    },
    "solution": {
        "LB": 707654.6131,
        "UB": 707654.6131,
        "gap in %": 0.0,
        "incumbent": [
            0,
            1,
            4,
            5,
            13,
            19,
            23,
            26,
            28,
            34,
            40,
            44
        ],
        "memory in MB": 93.26
    },
    "bounds": {
        "lower_bounds": [
            [
                0.0,
                0.18755888938903809
            ],
            [
                707654.6130661622,
                0.192641019821167
            ]
        ],
        "upper_bounds": [
            [
                1074395.85953143,
                0.18777990341186523
            ],
            [
                882472.2695123486,
                0.1885991096496582
            ],
            [
                750902.1251173387,
                0.18994688987731934
            ],
            [
                707654.6130661622,
                0.19261407852172852
            ]
        ]
    }
}