{
    "input parameters": [
        "3",
        "0",
        "cap",
        "c",
        "75_100",
        "no_preprocessing"
    ],
    "instance": {
        "facilities": 75,
        "customers": 100
    },
    "times": {
        "total_time in s": 18.6,
        "model_building_time in s": 1.13,
        "model_solving_time in s": 17.47
    },
    "nodes": {
        "total": 253.0
    },
    "solution": {
        "LB": 1116400.126,
        "UB": 1116400.126,
        "gap in %": 0.0,
        "incumbent": [
            1,
            5,
            13,
            19,
            30,
            34,
            35,
            47,
            48,
            50,
            51,
            55,
            65,
            67
        ],
        "memory in MB": 317.67
    },
    "bounds": {
        "lower_bounds": [
            [
                0.0,
                4.343832015991211
            ],
            [
                1078980.2360762756,
                5.458047151565552
            ],
            [
                1089199.0055253997,
                7.403522968292236
            ],
            [
                1090755.7585985,
                10.034627199172974
            ],
            [
                1091206.5594206864,
                10.11404800415039
            ],
            [
                1093989.9339934231,
                10.40270209312439
            ],
            [
                1094019.697369332,
                10.49086308479309
            ],
            [
                1094021.101692704,
                10.500715970993042
            ],
            [
                1096860.7960107452,
                10.632622003555298
            ],
            [
                1096963.5691637225,
                12.456645965576172
            ],
            [
                1096970.379569644,
                12.461852073669434
            ],
            [
                1098042.4405405861,
                12.855792045593262
            ],
            [
                1098121.860122364,
                12.894203186035156
            ],
            [
                1098150.2235563223,
                12.903614044189453
            ],
            [
                1098152.6186362035,
                12.910941123962402
            ],
            [
                1098153.6589177777,
                12.916826963424683
            ],
            [
                1098322.5738873866,
                13.17611312866211
            ],
            [
                1098380.77814742,
                13.24962306022644
            ],
            [
                1098381.2130888193,
                13.255079984664917
            ],
            [
                1098453.509502906,
                13.371004104614258
            ],
            [
                1098465.6054045986,
                13.4065101146698
            ],
            [
                1098467.1329407343,
                13.414921045303345
            ],
            [
                1098496.0068065664,
                13.451629161834717
            ],
            [
                1098496.62388212,
                13.513689994812012
            ],
            [
                1098497.5178998802,
                13.539043188095093
            ],
            [
                1098852.8754551644,
                13.59855318069458
            ],
            [
                1098945.3297538443,
                15.577612161636353
            ],
            [
                1099025.3385020928,
                15.643530130386353
            ],
            [
                1099026.1918340933,
                15.709159135818481
            ],
            [
                1099030.435348408,
                15.739968061447144
            ],
            [
                1099030.732447594,
                15.78776216506958
            ],
            [
                1099033.4273440042,
                15.976229190826416
            ],
            [
                1099041.6298417603,
                15.992627143859863
            ],
            [
                1099175.676583105,
                16.02243399620056
            ],
            [
                1099279.8708932158,
                16.164513111114502
            ],
            [
                1100397.5694891799,
                16.172255039215088
            ],
            [
                1100524.9696686505,
                16.181220054626465
            ],
            [
                1101740.1510585607,
                16.297497987747192
            ],
            [
                1101783.2386260524,
                16.555323123931885
            ],
            [
                1102612.2131787771,
                16.59514617919922
            ],
            [
                1103070.7939791745,
                16.671144008636475
            ],
            [
                1103090.4081293475,
                16.741669178009033
            ],
            [
                1103630.586246195,
                16.7920241355896
            ],
            [
                1104116.490268929,
                16.837480068206787
            ],
            [
                1104343.2703075395,
                16.906273126602173
            ],
            [
                1104388.5611471708,
                16.920648097991943
            ],
            [
                1104411.1025654424,
                16.9727520942688
            ],
            [
                1104538.6834136872,
                17.012376070022583
            ],
            [
                1105359.7402639387,
                17.028834104537964
            ],
            [
                1105563.9161916608,
                17.035385131835938
            ],
            [
                1105598.1016491377,
                17.03948712348938
            ],
            [
                1105751.769943925,
                17.07650899887085
            ],
            [
                1105776.0680572318,
                17.114718198776245
            ],
            [
                1106283.7956787243,
                17.182934045791626
            ],
            [
                1106478.2612230876,
                17.184816122055054
            ],
            [
                1107572.6729371937,
                17.196375131607056
            ],
            [
                1107805.944357099,
                17.19948101043701
            ],
            [
                1107961.9035006727,
                17.21771812438965
            ],
            [
                1108430.7447058822,
                17.219240188598633
            ],
            [
                1108443.0628986314,
                17.27015709877014
            ],
            [
                1108447.568720555,
                17.274188995361328
            ],
            [
                1108531.8654021276,
                17.309296131134033
            ],
            [
                1108906.2034828926,
                17.341912984848022
            ],
            [
                1109366.4361313337,
                17.344812154769897
            ],
            [
                1109830.7811690203,
                17.353593111038208
            ],
            [
                1109947.114553601,
                17.358996152877808
            ],
            [
                1110093.4149528008,
                17.359400033950806
            ],
            [
                1110241.1743079296,
                17.376444101333618
            ],
            [
                1110627.1505694115,
                17.37706708908081
            ],
            [
                1110634.5593859744,
                17.3824520111084
            ],
            [
                1110650.408815246,
                17.394435167312622
            ],
            [
                1111153.710462032,
                17.39526605606079
            ],
            [
