{"input parameters": ["3", "0", "cap", "c", "50_75", "Lagrangian"], "instance": {"facilities": 50, "customers": 75}, "times": {"total_time in s": 34.99, "initialisation_time in s": 0.46, "node_selection_time in s": 0.01, "implied_demands_time in s": 7.19, "bounds_time in s": 19.66, "variable_selection in s": 4.91, "greedy_heuristics_time in s": 1.38, "other_time in s": 1.37}, "nodes": {"total": 194, "pruned": 194, "infeasible": 0, "finished": 0}, "solution": {"LB": 707654.6131, "UB": 707654.6131, "gap in %": -0.0, "incumbent": [0, 1, 4, 5, 13, 19, 23, 26, 28, 34, 40, 44], "memory in MB": 74.56}, "bounds": {"lower_bounds": [[501204.13533621567, 0.46], [502820.72283621563, 1.42, "Lagrangian"], [560056.1607373668, 1.75, "Lagrangian"], [601092.079861224, 1.87, "Lagrangian"], [603422.6487910791, 2.17, "Lagrangian"], [620740.1006007117, 2.47, "Lagrangian"], [628549.4827536354, 2.73, "Lagrangian"], [636639.0785283789, 2.85, "Lagrangian"], [651324.0401258958, 3.16, "Lagrangian"], [659739.0553970067, 3.46, "Lagrangian"], [666307.6034340934, 3.72, "Lagrangian"], [671576.6454334158, 3.98, "Lagrangian"], [672796.5601156632, 4.25, "Lagrangian"], [673358.4343472564, 4.54, "Lagrangian"], [675512.1928586131, 4.83, "Lagrangian"], [677862.9226199378, 5.13, "Lagrangian"], [679094.1656126529, 5.42, "Lagrangian"], [683113.3010145442, 5.69, "Lagrangian"], [684231.0987375439, 5.98, "Lagrangian"], [686410.9819841597, 6.25, "Lagrangian"], [687120.6345375087, 6.52, "Lagrangian"], [688205.7587859663, 6.76, "Lagrangian"], [689635.100726269, 7.06, "Lagrangian"], [692441.7236430106, 7.3, "Lagrangian"], [693075.0731626666, 7.61, "Lagrangian"], [693729.661087273, 7.87, "Lagrangian"], [694483.9022984083, 8.13, "Lagrangian"], [694767.4454020633, 8.38, "Lagrangian"], [696615.4146460018, 8.66, "Lagrangian"], [697595.9797285876, 8.95, "Lagrangian"], [697816.2210865715, 9.24, "Lagrangian"], [698149.488585385, 9.49, "Lagrangian"], [698449.1407494075, 9.74, "Lagrangian"], [698835.6739822845, 10.05, "Lagrangian"], [700555.1692902832, 10.29, "Lagrangian"], [702818.9238470078, 10.58, "Lagrangian"], [703140.5847970683, 10.84, "Lagrangian"], [703901.0928650929, 12.31, "Lagrangian"], [704435.439818797, 12.59, "Lagrangian"], [704451.0607769318, 12.83, "Lagrangian"], [704608.3600658978, 14.58, "Lagrangian"], [704691.1306982425, 14.77, "Lagrangian"], [704802.749863028, 15.04, "Lagrangian"], [704998.6077692043, 15.28, "Lagrangian"], [704999.3745555745, 15.57, "Lagrangian"], [705001.2376286541, 15.8, "Lagrangian"], [705108.8975411206, 16.27, "Lagrangian"], [705125.9530146428, 16.5, "Lagrangian"], [705424.0342261412, 16.92, "Lagrangian"], [705491.009101619, 17.16, "Lagrangian"], [705602.0792979368, 17.43, "Lagrangian"], [705632.9037990943, 18.95, "Lagrangian"], [705697.7619164425, 20.41, "Lagrangian"], [705705.4442486793, 23.02, "Lagrangian"], [705748.1890106094, 23.21, "Lagrangian"], [705982.8936611402, 23.39, "Lagrangian"], [706105.767289613, 23.67, "Lagrangian"], [706105.7672896131, 23.96, "Lagrangian"], [706122.8925503576, 24.16, "Lagrangian"], [706192.2622640128, 24.36, "Lagrangian"], [706485.8658876026, 24.51, "Lagrangian"], [706534.0216761834, 25.62, "Lagrangian"], [706621.7693190862, 26.06, "Lagrangian"], [706674.5555353633, 26.33, "Lagrangian"], [706773.2831840033, 26.5, "Lagrangian"], [706782.3873787879, 26.94, "Lagrangian"], [706789.8208726819, 27.15, "Lagrangian"], [706917.0966250764, 27.26, "Lagrangian"], [706968.7175276354, 27.48, "Lagrangian"], [706980.7791621042, 27.62, "Lagrangian"], [707023.7669006933, 28.56, "Lagrangian"], [707062.4940865487, 30.2, "Lagrangian"], [707144.6133794107, 30.29, "Lagrangian"], [707188.3771855654, 30.56, "Lagrangian"], [707258.7718596876, 31.01, "Lagrangian"], [707284.757528685, 31.73, "Lagrangian"], [707309.3102378398, 33.06, "Lagrangian"], [707319.1773737273, 33.17, "Lagrangian"], [707376.4348139283, 33.26, "Lagrangian"], [707470.8098237349, 33.37, "Lagrangian"], [707547.16240142, 33.59, "Lagrangian"], [707575.0722787615, 33.88, "Lagrangian"], [707576.1390446124, 34.14, "Lagrangian"], [707629.1584361603, 34.33, "Lagrangian"], [707654.6130661622, 34.41, "Lagrangian"]], "upper_bounds": [[919532.7745481969, 0.46], [907038.5730519366, 0.82], [824621.704099894, 1.11], [806153.6459582415, 1.75], [792154.8289008832, 2.17], [779522.3605381869, 2.47], [773217.2519614222, 2.73], [771129.3623348217, 3.72], [764544.7891659627, 3.98], [755297.2187668269, 4.25], [745444.7901299119, 4.54], [735791.224287961, 5.69], [734881.7209778298, 6.52], [723117.9983082684, 6.76], [722210.8421234335, 7.3], [711429.6902634366, 8.38], [709416.7000830147, 10.29], [708809.4245709957, 12.83]]}}