{"input parameters": ["3", "0", "1000", "X", "1000_1000", "no_Lagrangian"], "instance": {"facilities": 1000, "customers": 1000}, "times": {"total_time in s": 18421.37, "initialisation_time in s": 6514.4, "node_selection_time in s": 0.71, "implied_demands_time in s": 4974.56, "bounds_time in s": 404.42, "variable_selection in s": 4738.67, "greedy_heuristics_time in s": 1571.59, "other_time in s": 217.02}, "nodes": {"total": 153, "pruned": 0, "infeasible": 0, "finished": 0}, "solution": {"LB": 45332.291, "UB": 84898.9878, "gap in %": 46.6, "incumbent": [5, 7, 11, 14, 16, 18, 31, 40, 46, 47, 68, 75, 78, 82, 84, 85, 86, 88, 95, 97, 99, 101, 107, 109, 125, 136, 139, 141, 143, 145, 152, 153, 160, 162, 164, 174, 188, 192, 203, 208, 216, 219, 223, 230, 234, 236, 239, 247, 248, 249, 255, 257, 262, 265, 271, 272, 284, 305, 310, 323, 329, 337, 340, 345, 347, 359, 361, 363, 370, 378, 380, 382, 383, 390, 391, 394, 395, 410, 418, 419, 428, 431, 442, 456, 458, 471, 473, 474, 476, 479, 502, 507, 511, 522, 554, 559, 566, 569, 574, 578, 579, 582, 585, 587, 588, 594, 597, 598, 599, 601, 610, 612, 616, 623, 637, 642, 645, 646, 652, 653, 659, 660, 663, 669, 673, 675, 677, 678, 680, 686, 692, 696, 698, 712, 733, 737, 738, 744, 747, 748, 751, 760, 763, 780, 782, 791, 794, 796, 810, 822, 830, 831, 832, 835, 840, 845, 846, 853, 864, 877, 879, 886, 893, 894, 906, 911, 913, 916, 919, 921, 922, 929, 937, 954, 965, 966, 967, 968, 969, 971, 972, 980, 982, 983, 984, 985, 992], "memory in MB": 10048.29}, "bounds": {"lower_bounds": [[43173.076, 6514.4], [43180.103021497875, 6559.31, "combined_combinatorial"], [43256.46881218502, 6582.46, "combined_combinatorial"], [43566.001441936656, 6604.99, "combined_combinatorial"], [43750.966886790906, 6717.13, "combined_combinatorial"], [44233.13324450691, 6774.37, "combined_combinatorial"], [44264.40853087845, 6832.35, "combined_combinatorial"], [44471.521440074604, 6951.19, "combined_combinatorial"], [44503.46024450691, 6973.07, "combined_combinatorial"], [44597.67864187845, 7028.43, "combined_combinatorial"], [44598.669065434966, 7084.27, "combined_combinatorial"], [44711.492888594454, 7139.53, "combined_combinatorial"], [44725.884724970456, 7195.75, "combined_combinatorial"], [44776.930440074604, 7275.36, "combined_combinatorial"], [44837.057261002665, 7333.32, "combined_combinatorial"], [44844.42077924302, 7390.21, "combined_combinatorial"], [44856.11588007698, 7447.74, "combined_combinatorial"], [44864.989108984235, 7505.28, "combined_combinatorial"], [44865.01510898424, 7560.97, "combined_combinatorial"], [44912.69164384148, 7616.97, "combined_combinatorial"], [44918.08309246441, 7676.09, "combined_combinatorial"], [44918.57785060719, 7732.99, "combined_combinatorial"], [44926.956321371676, 7850.77, "combined_combinatorial"], [44926.98232137167, 7909.05, "combined_combinatorial"], [44936.727139252966, 7970.92, "combined_combinatorial"], [44949.02424008693, 8032.34, "combined_combinatorial"], [44974.65885622891, 8091.21, "combined_combinatorial"], [44980.54506299463, 8150.53, "combined_combinatorial"], [44981.81988859445, 8241.43, "combined_combinatorial"], [44984.96308416214, 8312.26, "combined_combinatorial"], [44999.35492053815, 8382.76, "combined_combinatorial"], [45010.38945247436, 8522.89, "combined_combinatorial"], [45019.86468138162, 8593.29, "combined_combinatorial"], [45023.59385060719, 8658.25, "combined_combinatorial"], [45026.596794034056, 8727.14, "combined_combinatorial"], [45032.483000799766, 8795.54, "combined_combinatorial"], [45044.76299959445, 8866.92, "combined_combinatorial"], [45059.154835970454, 8937.42, "combined_combinatorial"], [45067.560294359486, 9006.82, "combined_combinatorial"], [45076.43352326675, 9076.22, "combined_combinatorial"], [45076.459523266756, 9213.37, "combined_combinatorial"], [45077.02870952251, 9283.94, "combined_combinatorial"], [45080.658126925046, 9352.85, "combined_combinatorial"], [45085.90506299463, 9420.64, "combined_combinatorial"], [45088.56400642148, 9492.58, "combined_combinatorial"], [45089.38481035647, 9565.27, "combined_combinatorial"], [45092.35996791947, 9634.81, "combined_combinatorial"], [45094.4502131872, 9705.16, "combined_combinatorial"], [45095.17228173815, 9772.96, "combined_combinatorial"], [45105.59985060719, 9843.01, "combined_combinatorial"], [45117.89097481072, 9914.92, "combined_combinatorial"], [45117.89505470438, 9987.36, "combined_combinatorial"], [45117.90010542373, 10059.63, "combined_combinatorial"], [45126.773334330996, 10131.85, "combined_combinatorial"], [45126.79933433099, 10201.65, "combined_combinatorial"], [45138.373334330994, 10226.76, "combined_combinatorial"], [45138.400735654184, 10300.48, "combined_combinatorial"], [45138.42673565418, 10444.76, "combined_combinatorial"], [45142.62533931248, 10515.83, "combined_combinatorial"], [45142.84881659539, 10586.34, "combined_combinatorial"], [45144.33200079977, 10659.3, "combined_combinatorial"], [45146.782000799765, 10732.0, "combined_combinatorial"], [45148.7350233611, 10803.04, "combined_combinatorial"], [45150.69102274389, 10950.7, "combined_combinatorial"], [45154.3271803069, 11026.07, "combined_combinatorial"], [45157.139494125586, 11097.84, "combined_combinatorial"], [45160.166251651164, 11172.69, "combined_combinatorial"], [45167.91106299462, 11245.92, "combined_combinatorial"], [45175.11533482066, 11322.29, "combined_combinatorial"], [45177.690890243015, 11397.68, "combined_combinatorial"], [45180.87036643143, 11474.79, "combined_combinatorial"], [45181.47236643143, 11551.06, "combined_combinatorial"], [45189.385991076975, 11627.26, "combined_combinatorial"], [45191.33847602778, 11702.33, "combined_combinatorial"], [45198.25921998424, 11860.29, "combined_combinatorial"], [45198.285219984245, 11935.07, "combined_combinatorial"], [45200.46164755239, 12010.76, "combined_combinatorial"], [45204.81602898282, 12089.63, "combined_combinatorial"], [45206.3478543181, 12173.92, "combined_combinatorial"], [45206.6432131872, 12346.81, "combined_combinatorial"], [45207.92086462903, 12433.63, "combined_combinatorial"], [45209.0932131872, 12519.78, "combined_combinatorial"], [45210.70223574853, 12605.6, "combined_combinatorial"], [45210.80341471432, 12781.38, "combined_combinatorial"], [45210.80846543368, 12873.41, "combined_combinatorial"], [45216.79409353629, 12962.21, "combined_combinatorial"], [45216.82009353629, 13048.57, "combined_combinatorial"], [45238.041208316565, 13139.43, "combined_combinatorial"], [45242.224605115945, 13262.72, "combined_combinatorial"], [45242.23981197487, 13353.12, "combined_combinatorial"], [45245.24085060719, 13441.14, "combined_combinatorial"], [45245.961754841475, 13529.15, "combined_combinatorial"], [45251.35320346441, 13620.38, "combined_combinatorial"], [45251.41160511595, 13712.34, "combined_combinatorial"], [45251.847961607185, 13799.76, "combined_combinatorial"], [45252.43874779113, 13976.18, "combined_combinatorial"], [45253.30568841521, 14065.37, "combined_combinatorial"], [45253.751023361096, 14241.47, "combined_combinatorial"], [45255.290084162145, 14273.59, "combined_combinatorial"], [45256.558850607194, 14361.67, "combined_combinatorial"], [45256.75396678796, 14452.01, "combined_combinatorial"], [45260.22643237167, 14543.45, "combined_combinatorial"], [45260.25243237168, 14633.13, "combined_combinatorial"], [45262.64017355367, 14723.66, "combined_combinatorial"], [45264.49662839353, 14812.93, "combined_combinatorial"], [45265.98709914512, 14903.9, "combined_combinatorial"], [45270.38283515924, 14993.73, "combined_combinatorial"], [45272.354834023216, 15171.72, "combined_combinatorial"], [45278.11617140195, 15496.43, "combined_combinatorial"], [45278.702305923725, 15663.12, "combined_combinatorial"], [45278.72830592373, 15745.42, "combined_combinatorial"], [45288.3810193808, 15830.06, "combined_combinatorial"], [45292.84900079977, 15911.67, "combined_combinatorial"], [45292.87600079977, 16075.68, "combined_combinatorial"], [45299.4489651259, 16104.91, 