{
    "input parameters": [
        "3",
        "0",
        "300",
        "X",
        "300_300",
        "no_preprocessing"
    ],
    "instance": {
        "facilities": 300,
        "customers": 300
    },
    "times": {
        "total_time in s": 3600.1,
        "model_building_time in s": 22.61,
        "model_solving_time in s": 3577.48
    },
    "nodes": {
        "total": 12.0
    },
    "solution": {
        "LB": 17354.679,
        "UB": 31441.4868,
        "gap in %": 0.45,
        "incumbent": [
            1,
            13,
            17,
            21,
            24,
            26,
            29,
            48,
            49,
            50,
            64,
            68,
            69,
            71,
            75,
            92,
            100,
            104,
            115,
            119,
            121,
            124,
            127,
            130,
            131,
            132,
            138,
            139,
            144,
            146,
            147,
            148,
            149,
            155,
            158,
            160,
            167,
            173,
            176,
            180,
            183,
            189,
            193,
            199,
            208,
            209,
            220,
            222,
            226,
            227,
            228,
            229,
            235,
            244,
            253,
            255,
            258,
            260,
            263,
            266,
            270,
            271,
            272,
            283,
            290,
            293,
            295,
            297
        ],
        "memory in MB": 3051.52
    },
    "bounds": {
        "lower_bounds": [
            [
                0.0,
                181.46771597862244
            ],
            [
                16957.485463265373,
                864.9375810623169
            ],
            [
                17097.057570177276,
                937.0722570419312
            ],
            [
                17097.15960061513,
                938.2325439453125
            ],
            [
                17109.9054589253,
                945.9202039241791
            ],
            [
                17139.56281153248,
                981.0392608642578
            ],
            [
                17139.940337835546,
                981.9826099872589
            ],
            [
                17149.38779580924,
                989.2040810585022
            ],
            [
                17150.648865121362,
                991.6501240730286
            ],
            [
                17170.062579394136,
                1018.7554659843445
            ],
            [
                17170.257822894087,
                1019.7771780490875
            ],
            [
                17174.410006697035,
                1021.9650390148163
            ],
            [
                17174.411851204735,
                1022.1676950454712
            ],
            [
                17252.570264582268,
                1054.1608469486237
            ],
            [
                17252.86789716579,
                1055.3506379127502
            ],
            [
                17254.411607584803,
                1056.950903892517
            ],
            [
                17262.696768823367,
                1068.670243024826
            ],
            [
                17262.98143499583,
                1069.564815044403
            ],
            [
                17264.6693212452,
                1072.957664012909
            ],
            [
                17264.877013787693,
                1074.0947358608246
            ],
            [
                17264.878769103507,
                1074.387265920639
            ],
            [
                17268.230546982115,
                1081.9922058582306
            ],
            [
                17268.288395886477,
                1082.830666065216
            ],
            [
                17268.870633928604,
                1085.0631129741669
            ],
            [
                17271.50467863154,
                1092.0950689315796
            ],
            [
                17271.60468272283,
                1092.9186279773712
            ],
            [
                17274.560240123752,
                1100.9497289657593
            ],
            [
                17274.60892109457,
                1101.9475350379944
            ],
            [
                17274.90815091707,
                1103.054067850113
            ],
            [
                17277.74946314088,
                1111.1471209526062
            ],
            [
                17277.993359726217,
                1112.4509580135345
            ],
            [
                17278.0062049428,
                1113.8605370521545
            ],
            [
                17279.16686631348,
                1118.2746720314026
            ],
            [
                17279.25791640451,
                1122.3675289154053
            ],
            [
                17281.163841803384,
                1126.5232660770416
            ],
            [
                17281.240718311874,
                1127.8107540607452
            ],
            [
                17281.293989489277,
                1131.2511880397797
            ],
            [
                17281.888164573313,
                1134.4225580692291
            ],
            [
                17282.250567277195,
                1221.5402600765228
            ],
            [
                17289.83500872267,
                1283.3985879421234
            ],
            [
                17319.711926065942,
                1317.9704930782318
            ],
            [
                17347.7892395937,
                1358.8536839485168
            ],
            [
                17354.678983825284,
                1362.8530850410461
            ]
        ],
        "upper_bounds": [
            [
                88455.24849009595,
                182.07959485054016
            ],
            [
                78657.41575743724,
                865.6806979179382
            ],
            [
                77351.81018382276,
                865.9652669429779
            ],
            [
                32104.238179761167,
                938.2051830291748
            ],
            [
                32056.40565466713,
                1019.7502980232239
            ],
            [
                31787.88492565222,
                1101.9157478809357
            ],
            [
                31441.4868140616,
                1132.001690864563
            ]
        ]
    }
}