{
    "input parameters": [
        "3",
        "1",
        "500",
        "X",
        "500_500",
        "preprocessing"
    ],
    "instance": {
        "facilities": 500,
        "customers": 500
    },
    "times": {
        "total_time in s": 3600.07,
        "model_building_time in s": 429.14,
        "model_solving_time in s": 3170.93
    },
    "nodes": {
        "total": 5.0
    },
    "solution": {
        "LB": 27215.1332,
        "UB": 41799.8349,
        "gap in %": 0.35,
        "incumbent": [
            2,
            5,
            18,
            24,
            25,
            28,
            32,
            48,
            59,
            63,
            64,
            65,
            68,
            88,
            89,
            107,
            123,
            131,
            144,
            146,
            155,
            156,
            160,
            164,
            165,
            166,
            192,
            201,
            209,
            214,
            223,
            229,
            243,
            245,
            246,
            252,
            261,
            262,
            279,
            292,
            296,
            297,
            303,
            308,
            314,
            318,
            324,
            325,
            335,
            336,
            341,
            342,
            343,
            346,
            348,
            364,
            365,
            366,
            372,
            375,
            383,
            384,
            394,
            398,
            405,
            406,
            411,
            434,
            436,
            437,
            438,
            441,
            456,
            460,
            462,
            470,
            478,
            482,
            486,
            489,
            490,
            491,
            492,
            494,
            496,
            497
        ],
        "memory in MB": 4927.23
    },
    "bounds": {
        "lower_bounds": [
            [
                0.0,
                108.0898118019104
            ],
            [
                26399.638411280448,
                384.8046169281006
            ],
            [
                26900.455489435237,
                757.9128148555756
            ],
            [
                26902.37821203514,
                1216.8483719825745
            ],
            [
                26965.0109050216,
                1382.0575098991394
            ],
            [
                26967.804222661867,
                1410.680461883545
            ],
            [
                26967.84472746484,
                1413.099527835846
            ],
            [
                27032.537461021133,
                1877.146006822586
            ],
            [
                27032.764967654126,
                1886.902417898178
            ],
            [
                27032.76811921235,
                1888.63481092453
            ],
            [
                27047.480646419055,
                2100.5111379623413
            ],
            [
                27047.929371138172,
                2125.139950990677
            ],
            [
                27047.949353971493,
                2126.8510727882385
            ],
            [
                27051.733716542352,
                2218.465749979019
            ],
            [
                27051.803072131264,
                2225.562110900879
            ],
            [
                27052.116476644784,
                2274.6930508613586
            ],
            [
                27052.11930042234,
                2304.19766497612
            ],
            [
                27052.223867983375,
                2330.4596359729767
            ],
            [
                27052.224244843947,
                2334.164575815201
            ],
            [
                27052.254684976946,
                2360.1318368911743
            ],
            [
                27052.25525276933,
                2410.577708005905
            ],
            [
                27052.936613273432,
                2431.3985018730164
            ],
            [
                27052.950424295555,
                2435.18816280365
            ],
            [
                27053.12044523085,
                2480.121960878372
            ],
            [
                27053.234194524557,
                2480.626149892807
            ],
            [
                27109.94953830031,
                3096.523589849472
            ],
            [
                27109.972917596868,
                3151.5999779701233
            ]
        ],
        "upper_bounds": [
            [
                102870.187827,
                111.0276448726654
            ],
            [
                51959.66781400001,
                385.2560558319092
            ],
            [
                49352.54821900001,
                388.1278100013733
            ],
            [
                47352.182953999996,
                761.9970829486847
            ],
            [
                44557.545388,
                1207.5868139266968
            ],
            [
                44346.711198000005,
                1401.216120004654
            ],
            [
                43743.386333,
                2119.763095855713
            ],
            [
                42252.350736,
                2303.4507129192352
            ],
            [
                42062.535686,
                2409.5960018634796
            ],
            [
                41799.834928,
                2764.021045923233
            ]
        ]
    }
}