{"input parameters": ["3", "1", "1000", "X", "1000_1000", "no_Lagrangian"], "instance": {"facilities": 1000, "customers": 1000}, "times": {"total_time in s": 88577.78, "initialisation_time in s": 7475.99, "node_selection_time in s": 0.17, "implied_demands_time in s": 73769.42, "bounds_time in s": 744.27, "variable_selection in s": 5271.55, "greedy_heuristics_time in s": 1281.94, "other_time in s": 34.43}, "nodes": {"total": 26, "pruned": 0, "infeasible": 0, "finished": 0}, "solution": {"LB": 40611.8463, "UB": 85774.0976, "gap in %": 52.65, "incumbent": [3, 6, 7, 11, 14, 16, 18, 29, 38, 40, 45, 46, 48, 51, 52, 59, 70, 76, 99, 101, 107, 120, 124, 125, 127, 131, 132, 143, 156, 162, 167, 168, 170, 172, 174, 186, 188, 191, 196, 205, 206, 211, 212, 216, 226, 228, 230, 232, 234, 236, 246, 249, 255, 261, 262, 272, 276, 278, 279, 280, 282, 283, 294, 297, 303, 305, 334, 359, 363, 367, 371, 376, 378, 382, 392, 394, 395, 410, 417, 420, 428, 429, 433, 435, 450, 456, 459, 473, 474, 482, 485, 494, 497, 499, 507, 522, 531, 533, 534, 535, 544, 554, 559, 566, 567, 569, 570, 579, 582, 587, 588, 592, 597, 608, 610, 620, 622, 627, 642, 643, 645, 646, 653, 663, 669, 670, 672, 675, 677, 678, 681, 682, 693, 696, 697, 699, 712, 720, 726, 731, 733, 738, 744, 745, 746, 747, 748, 764, 777, 779, 785, 791, 794, 802, 803, 810, 813, 820, 822, 831, 846, 858, 865, 866, 867, 874, 894, 902, 906, 910, 912, 913, 915, 916, 919, 921, 929, 936, 937, 942, 954, 955, 959, 960, 966, 969, 972, 978, 980, 984, 991, 992], "memory in MB": 2144.71}, "bounds": {"lower_bounds": [[40538.432, 7475.99], [40597.309, 14847.77, "combined_combinatorial"], [40598.19, 22217.02, "combined_combinatorial"], [40598.334, 25845.79, "combined_combinatorial"], [40598.5, 29473.88, "combined_combinatorial"], [40600.788, 43909.48, "combined_combinatorial"], [40603.653, 47502.67, "combined_combinatorial"], [40603.734, 54710.17, "combined_combinatorial"], [40605.349, 58234.01, "combined_combinatorial"], [40611.806317, 78356.42, "combined_combinatorial"], [40611.846317, 83507.45, "combined_combinatorial"]], "upper_bounds": [[90061.88510600003, 7475.99]]}}