{"input parameters": ["3", "1", "300", "X", "300_300", "no_Lagrangian"], "instance": {"facilities": 300, "customers": 300}, "times": {"total_time in s": 3601.03, "initialisation_time in s": 51.15, "node_selection_time in s": 0.15, "implied_demands_time in s": 2295.3, "bounds_time in s": 260.27, "variable_selection in s": 763.73, "greedy_heuristics_time in s": 205.53, "other_time in s": 24.89}, "nodes": {"total": 235, "pruned": 0, "infeasible": 0, "finished": 0}, "solution": {"LB": 14062.4479, "UB": 30143.3886, "gap in %": 53.35, "incumbent": [1, 3, 17, 19, 26, 29, 33, 37, 39, 59, 69, 71, 73, 80, 82, 92, 95, 97, 98, 99, 104, 116, 120, 126, 132, 135, 138, 143, 146, 148, 155, 160, 164, 167, 173, 176, 180, 183, 188, 190, 206, 211, 216, 217, 222, 224, 227, 228, 235, 239, 243, 244, 253, 255, 260, 265, 270, 272, 275, 288, 290, 297], "memory in MB": 1277.54}, "bounds": {"lower_bounds": [[13554.019, 51.15], [13578.178791999999, 179.31, "combined_combinatorial"], [13578.180792, 219.84, "combined_combinatorial"], [13786.045542, 240.87, "combined_combinatorial"], [13786.920542, 283.1, "combined_combinatorial"], [13788.515542000001, 303.71, "combined_combinatorial"], [13810.310334, 380.25, "combined_combinatorial"], [13810.621334, 442.89, "combined_combinatorial"], [13810.689334, 473.21, "combined_combinatorial"], [13813.463334, 488.58, "combined_combinatorial"], [13813.652334, 518.32, "combined_combinatorial"], [13824.383791999999, 567.51, "combined_combinatorial"], [13829.645792, 587.11, "combined_combinatorial"], [13851.01137, 604.65, "combined_combinatorial"], [13852.260976, 616.82, "combined_combinatorial"], [13852.264, 655.19, "combined_combinatorial"], [13852.388, 707.68, "combined_combinatorial"], [13853.891, 733.86, "combined_combinatorial"], [13855.19, 759.39, "combined_combinatorial"], [13855.913, 783.9, "combined_combinatorial"], [13860.267062, 798.81, "combined_combinatorial"], [13863.325, 821.62, "combined_combinatorial"], [13867.571061999999, 862.96, "combined_combinatorial"], [13868.493062, 877.75, "combined_combinatorial"], [13874.105, 917.38, "combined_combinatorial"], [13874.923, 941.63, "combined_combinatorial"], [13875.035, 1035.4, "combined_combinatorial"], [13875.237062, 1049.98, "combined_combinatorial"], [13875.529, 1086.97, "combined_combinatorial"], [13875.797, 1174.84, "combined_combinatorial"], [13878.351, 1195.86, "combined_combinatorial"], [13881.078062, 1210.61, "combined_combinatorial"], [13881.090156, 1224.85, "combined_combinatorial"], [13881.943156, 1238.86, "combined_combinatorial"], [13882.125156, 1252.86, "combined_combinatorial"], [13883.001156, 1266.29, "combined_combinatorial"], [13887.170479999999, 1287.02, "combined_combinatorial"], [13888.920479999999, 1307.55, "combined_combinatorial"], [13890.28448, 1327.78, "combined_combinatorial"], [13896.152479999999, 1368.14, "combined_combinatorial"], [13896.49337, 1382.94, "combined_combinatorial"], [13897.180479999999, 1402.79, "combined_combinatorial"], [13899.515370000001, 1456.59, "combined_combinatorial"], [13900.60737, 1485.42, "combined_combinatorial"], [13907.32327, 1501.38, "combined_combinatorial"], [13907.78248, 1551.65, "combined_combinatorial"], [13909.196408, 1580.94, "combined_combinatorial"], [13909.541408000001, 1590.74, "combined_combinatorial"], [13910.124408, 1600.51, "combined_combinatorial"], [13911.29537, 1614.28, "combined_combinatorial"], [13914.967270000001, 1629.95, "combined_combinatorial"], [13930.335272, 1645.43, "combined_combinatorial"], [13931.677772, 1698.63, "combined_combinatorial"], [13938.248272, 1712.99, "combined_combinatorial"], [13938.981772, 1735.71, "combined_combinatorial"], [13942.918598, 1748.06, "combined_combinatorial"], [13944.222597999998, 1760.25, "combined_combinatorial"], [13944.234692, 1771.77, "combined_combinatorial"], [13947.734272, 1786.01, "combined_combinatorial"], [13948.289272, 1813.99, "combined_combinatorial"], [13949.632692, 1825.61, "combined_combinatorial"], [13957.092734, 1837.16, "combined_combinatorial"], [13957.916733999999, 1848.59, "combined_combinatorial"], [13963.363265, 1864.01, "combined_combinatorial"], [13966.011976, 1906.29, "combined_combinatorial"], [13967.190563, 1917.96, "combined_combinatorial"], [13967.252563, 1929.53, "combined_combinatorial"], [13967.491563000001, 1963.61, "combined_combinatorial"], [13968.055792, 1993.94, "combined_combinatorial"], [13971.371861000001, 2005.91, "combined_combinatorial"], [13973.349264999999, 2021.35, "combined_combinatorial"], [13973.353265, 2036.56, "combined_combinatorial"], [13975.359792, 2099.81, "combined_combinatorial"], [13975.864542, 2111.28, "combined_combinatorial"], [13976.684792, 2163.73, "combined_combinatorial"], [13976.857791999999, 2182.44, "combined_combinatorial"], [13976.929791999999, 2309.84, "combined_combinatorial"], [13977.114861, 2374.04, "combined_combinatorial"], [13977.126792, 2426.16, "combined_combinatorial"], [13977.293955000001, 2454.75, "combined_combinatorial"], [13977.927791999999, 2483.25, "combined_combinatorial"], [13978.887792, 2500.22, "combined_combinatorial"], [13981.513792, 2516.65, "combined_combinatorial"], [13981.525791999999, 2533.44, "combined_combinatorial"], [13983.979563, 2544.67, "combined_combinatorial"], [13986.068563, 2555.93, "combined_combinatorial"], [13988.236887, 2568.27, "combined_combinatorial"], [13988.382563000001, 2579.19, "combined_combinatorial"], [13988.618886999999, 2602.05, "combined_combinatorial"], [13989.155886999999, 2614.14, "combined_combinatorial"], [14004.307334, 2653.04, "combined_combinatorial"], [14005.705462000002, 2665.24, "combined_combinatorial"], [14005.941929, 2675.65, "combined_combinatorial"], [14006.495815, 2692.66, "combined_combinatorial"], [14008.321815, 2709.63, "combined_combinatorial"], [14008.322815, 2726.46, "combined_combinatorial"], [14012.098791999999, 2743.0, "combined_combinatorial"], [14012.112792, 2758.88, "combined_combinatorial"], [14012.246462, 2771.16, "combined_combinatorial"], [14012.589462, 2783.2, "combined_combinatorial"], [14013.26727, 2810.07, "combined_combinatorial"], [14013.95627, 2824.98, "combined_combinatorial"], [14014.243156, 2838.72, "combined_combinatorial"], [14014.793364, 2853.21, "combined_combinatorial"], [14014.826, 2873.77, "combined_combinatorial"], [14015.579364, 2887.89, "combined_combinatorial"], [14019.37, 2907.81, "combined_combinatorial"], [14023.575214999999, 2917.9, "combined_combinatorial"], [14027.076408, 2937.39, "combined_combinatorial"], [14028.564604000001, 2949.64, "combined_combinatorial"], [14028.767592, 2952.66, "combined_combinatorial"], [14028.786698, 2964.54, "combined_combinatorial"], [14031.072723000001, 2983.15, "combined_combinatorial"], [14033.066214999999, 2993.1, "combined_combinatorial"], [14033.140215, 3002.76, "combined_combinatorial"], [14034.045657, 3015.72, "combined_combinatorial"], [14034.29277, 3028.24, "combined_combinatorial"], [14039.119085, 3053.51, "combined_combinatorial"], [14039.952909, 3079.08, "combined_combinatorial"], [14040.18277, 3091.47, "combined_combinatorial"], [14040.82577, 3103.48, "combined_combinatorial"], [14042.069723, 3121.19, "combined_combinatorial"], [14042.193723, 3156.95, "combined_combinatorial"], [14042.227909, 3238.81, "combined_combinatorial"], [14044.117232999999, 3247.38, "combined_combinatorial"], [14044.583789999999, 3257.45, "combined_combinatorial"], [14044.595884, 3267.54, "combined_combinatorial"], [14046.340884, 3277.29, "combined_combinatorial"], [14046.423085, 3299.92, "combined_combinatorial"], [14046.835657000001, 3313.03, "combined_combinatorial"], [14047.045884, 3322.55, "combined_combinatorial"], [14047.848883999999, 3341.81, "combined_combinatorial"], [14048.743428, 3351.81, "combined_combinatorial"], [14049.11867, 3364.49, "combined_combinatorial"], [14051.003233, 3373.17, "combined_combinatorial"], [14051.14467, 3403.12, "combined_combinatorial"], [14052.111085, 3416.11, "combined_combinatorial"], [14054.787875, 3441.37, 