{
    "input parameters": [
        "3",
        "1",
        "500",
        "X",
        "500_500",
        "no_preprocessing"
    ],
    "instance": {
        "facilities": 500,
        "customers": 500
    },
    "times": {
        "total_time in s": 3604.15,
        "model_building_time in s": 73.67,
        "model_solving_time in s": 3530.48
    },
    "nodes": {
        "total": 1.0
    },
    "solution": {
        "LB": 26394.4165,
        "UB": 46224.4407,
        "gap in %": 0.43,
        "incumbent": [
            2,
            18,
            20,
            22,
            24,
            32,
            43,
            48,
            59,
            63,
            64,
            68,
            69,
            85,
            107,
            111,
            123,
            130,
            131,
            144,
            147,
            156,
            160,
            164,
            165,
            166,
            181,
            191,
            192,
            193,
            198,
            201,
            205,
            207,
            223,
            226,
            243,
            246,
            250,
            252,
            253,
            260,
            275,
            292,
            296,
            297,
            308,
            319,
            324,
            325,
            326,
            328,
            330,
            332,
            341,
            342,
            343,
            345,
            346,
            347,
            358,
            360,
            364,
            365,
            366,
            372,
            375,
            383,
            384,
            386,
            398,
            405,
            414,
            424,
            434,
            435,
            436,
            437,
            456,
            460,
            466,
            470,
            473,
            478,
            482,
            486,
            489,
            490,
            491,
            492,
            494,
            495,
            497
        ],
        "memory in MB": 9045.81
    },
    "bounds": {
        "lower_bounds": [
            [
                0.0,
                710.6915020942688
            ],
            [
                26394.416527987032,
                2697.312210083008
            ]
        ],
        "upper_bounds": [
            [
                108127.389103,
                730.5786321163177
            ],
            [
                51959.667814,
                2699.028137922287
            ],
            [
                51102.662737,
                2701.435704946518
            ],
            [
                46224.440685,
                2724.6227281093597
            ]
        ]
    }
}