{
    "input parameters": [
        "3",
        "1",
        "300",
        "X",
        "300_300",
        "preprocessing"
    ],
    "instance": {
        "facilities": 300,
        "customers": 300
    },
    "times": {
        "total_time in s": 3600.42,
        "model_building_time in s": 52.95,
        "model_solving_time in s": 3547.47
    },
    "nodes": {
        "total": 552.0
    },
    "solution": {
        "LB": 17998.1425,
        "UB": 27920.2418,
        "gap in %": 0.36,
        "incumbent": [
            1,
            13,
            17,
            26,
            39,
            43,
            59,
            64,
            69,
            71,
            73,
            75,
            89,
            92,
            95,
            100,
            102,
            104,
            120,
            124,
            126,
            132,
            143,
            160,
            168,
            170,
            173,
            176,
            177,
            180,
            183,
            186,
            188,
            190,
            192,
            196,
            211,
            215,
            217,
            222,
            224,
            226,
            228,
            235,
            239,
            243,
            253,
            255,
            260,
            261,
            263,
            265,
            270,
            271,
            272,
            283,
            288,
            289,
            293,
            295,
            297
        ],
        "memory in MB": 2186.7
    },
    "bounds": {
        "lower_bounds": [
            [
                0.0,
                23.77006697654724
            ],
            [
                17434.305396778465,
                39.687854051589966
            ],
            [
                17653.67835691232,
                163.5756540298462
            ],
            [
                17653.773810004182,
                184.8361840248108
            ],
            [
                17683.624431256,
                247.80738496780396
            ],
            [
                17687.914574037575,
                255.4675018787384
            ],
            [
                17688.03059962188,
                256.6005299091339
            ],
            [
                17689.59633886696,
                259.28737688064575
            ],
            [
                17728.384352043242,
                313.1079499721527
            ],
            [
                17728.393915078348,
                362.9494459629059
            ],
            [
                17731.917284226278,
                398.863774061203
            ],
            [
                17733.782477621313,
                402.2997748851776
            ],
            [
                17733.92585650769,
                403.2659499645233
            ],
            [
                17733.92685659675,
                403.8955669403076
            ],
            [
                17736.839196363995,
                450.62533593177795
            ],
            [
                17736.899850691672,
                452.38496685028076
            ],
            [
                17738.951453456397,
                474.79713582992554
            ],
            [
                17739.64214011407,
                476.8914430141449
            ],
            [
                17739.643172433745,
                477.24165391921997
            ],
            [
                17742.12757231154,
                491.9936180114746
            ],
            [
                17742.13227805031,
                508.907595872879
            ],
            [
                17742.87516090849,
                519.1075358390808
            ],
            [
                17742.946071903363,
                527.4463920593262
            ],
            [
                17742.947346846995,
                527.7986118793488
            ],
            [
                17744.141396297688,
                544.3135759830475
            ],
            [
                17744.24283601136,
                545.480612039566
            ],
            [
                17744.35363788951,
                545.9928588867188
            ],
            [
                17744.35744284337,
                546.3492138385773
            ],
            [
                17745.047004884236,
                561.1784470081329
            ],
            [
                17745.075192437213,
                563.9807419776917
            ],
            [
                17746.4477530011,
                574.2523419857025
            ],
            [
                17746.44788405696,
                574.9538400173187
            ],
            [
                17746.51330023168,
                584.4605429172516
            ],
            [
                17746.563787194613,
                592.5119450092316
            ],
            [
                17746.586918203884,
                597.802414894104
            ],
            [
                17746.602386891478,
                598.0162220001221
            ],
            [
                17750.72230288673,
                641.6609950065613
            ],
            [
                17752.853744151762,
                691.7501649856567
            ],
            [
                17819.377681734928,
                709.9508218765259
            ],
            [
                17837.98697319851,
                767.0652639865875
            ],
            [
                17875.412846664527,
                799.6980140209198
            ],
            [
                17875.506160363482,
                1792.427810907364
            ],
            [
                17998.05375157591,
                2307.4850249290466
            ],
            [
                17998.142496328754,
                2560.1727018356323
            ]
        ],
        "upper_bounds": [
            [
                68144.45131599999,
                23.823843002319336
            ],
            [
                36947.94863500001,
                39.84514498710632
            ],
            [
                32746.271264,
                55.085541009902954
            ],
            [
                30559.928388,
                99.75672888755798
            ],
            [
                30036.094177000003,
                180.35553097724915
            ],
            [
                29734.050681999997,
                362.48046684265137
            ],
            [
                29394.818894,
                508.6119349002838
            ],
            [
                28979.700412000002,
                526.5354499816895
            ],
            [
                28840.245885,
                600.5334038734436
            ],
            [
                28724.778337,
                1574.9395940303802
            ],
            [
                28562.576695,
                1700.078891992569
            ],
            [
                28294.209338,
                1762.6520509719849
            ],
            [
                28019.016403999998,
                2690.8127698898315
            ],
            [
                27991.382458,
                2846.971398830414
            ],
            [
                27920.241845,
                3119.393301963806
            ]
        ]
    }
}