{"input parameters": ["3", "1", "300", "X", "300_300", "Lagrangian"], "instance": {"facilities": 300, "customers": 300}, "times": {"total_time in s": 3609.96, "initialisation_time in s": 59.05, "node_selection_time in s": 0.08, "implied_demands_time in s": 1390.83, "bounds_time in s": 1609.39, "variable_selection in s": 426.26, "greedy_heuristics_time in s": 111.28, "other_time in s": 13.07}, "nodes": {"total": 124, "pruned": 0, "infeasible": 0, "finished": 0}, "solution": {"LB": 13975.8645, "UB": 29042.0638, "gap in %": 51.88, "incumbent": [1, 8, 17, 19, 26, 29, 30, 37, 39, 43, 48, 57, 59, 69, 80, 92, 97, 99, 104, 124, 125, 126, 132, 135, 143, 146, 155, 157, 160, 164, 173, 180, 183, 188, 190, 206, 209, 211, 216, 220, 222, 224, 225, 227, 235, 239, 241, 242, 243, 253, 255, 260, 263, 270, 272, 286, 288, 291, 297], "memory in MB": 736.79}, "bounds": {"lower_bounds": [[13554.019, 59.05], [13578.178791999999, 280.42, "combined_combinatorial"], [13578.180792, 350.95, "combined_combinatorial"], [13786.045542, 388.24, "combined_combinatorial"], [13786.920542, 461.82, "combined_combinatorial"], [13788.515542000001, 497.36, "combined_combinatorial"], [13810.310334, 630.26, "combined_combinatorial"], [13810.621334, 738.12, "combined_combinatorial"], [13810.689334, 789.93, "combined_combinatorial"], [13813.463334, 815.67, "combined_combinatorial"], [13813.652334, 866.48, "combined_combinatorial"], [13824.383791999999, 950.04, "combined_combinatorial"], [13829.645792, 983.51, "combined_combinatorial"], [13851.01137, 1013.66, "combined_combinatorial"], [13852.260976, 1034.32, "combined_combinatorial"], [13852.264, 1099.86, "combined_combinatorial"], [13852.388, 1189.79, "combined_combinatorial"], [13853.891, 1233.63, "combined_combinatorial"], [13855.19, 1276.82, "combined_combinatorial"], [13855.913, 1318.4, "combined_combinatorial"], [13860.267062, 1344.48, "combined_combinatorial"], [13863.325, 1386.26, "combined_combinatorial"], [13867.571061999999, 1453.39, "combined_combinatorial"], [13868.493062, 1479.11, "combined_combinatorial"], [13874.105, 1545.72, "combined_combinatorial"], [13874.923, 1586.03, "combined_combinatorial"], [13875.035, 1739.77, "combined_combinatorial"], [13875.237062, 1764.86, "combined_combinatorial"], [13875.529, 1826.79, "combined_combinatorial"], [13875.797, 1969.98, "combined_combinatorial"], [13878.351, 2003.93, "combined_combinatorial"], [13881.078062, 2029.06, "combined_combinatorial"], [13881.090156, 2053.07, "combined_combinatorial"], [13881.943156, 2077.23, "combined_combinatorial"], [13882.125156, 2101.07, "combined_combinatorial"], [13883.001156, 2124.28, "combined_combinatorial"], [13887.170479999999, 2160.12, "combined_combinatorial"], [13888.920479999999, 2195.41, "combined_combinatorial"], [13890.28448, 2230.61, "combined_combinatorial"], [13896.152479999999, 2299.07, "combined_combinatorial"], [13896.49337, 2324.29, "combined_combinatorial"], [13897.180479999999, 2357.93, "combined_combinatorial"], [13899.515370000001, 2448.83, "combined_combinatorial"], [13900.60737, 2497.81, "combined_combinatorial"], [13907.32327, 2524.1, "combined_combinatorial"], [13907.78248, 2608.06, "combined_combinatorial"], [13909.196408, 2657.27, "combined_combinatorial"], [13909.541408000001, 2673.97, "combined_combinatorial"], [13910.124408, 2690.25, "combined_combinatorial"], [13911.29537, 2713.31, "combined_combinatorial"], [13914.967270000001, 2739.0, "combined_combinatorial"], [13930.335272, 2765.29, "combined_combinatorial"], [13931.677772, 2855.68, "combined_combinatorial"], [13938.248272, 2880.32, "combined_combinatorial"], [13938.981772, 2919.34, "combined_combinatorial"], [13942.918598, 2940.46, "combined_combinatorial"], [13944.222597999998, 2961.21, "combined_combinatorial"], [13944.234692, 2981.04, "combined_combinatorial"], [13947.734272, 3005.64, "combined_combinatorial"], [13948.289272, 3053.91, "combined_combinatorial"], [13949.632692, 3073.85, "combined_combinatorial"], [13957.092734, 3094.19, "combined_combinatorial"], [13957.916733999999, 3114.27, "combined_combinatorial"], [13963.363265, 3142.4, "combined_combinatorial"], [13966.011976, 3217.18, "combined_combinatorial"], [13967.190563, 3237.49, "combined_combinatorial"], [13967.252563, 3257.37, "combined_combinatorial"], [13967.491563000001, 3316.48, "combined_combinatorial"], [13968.055792, 3368.45, "combined_combinatorial"], [13971.371861000001, 3389.65, "combined_combinatorial"], [13973.349264999999, 3417.06, "combined_combinatorial"], [13973.353265, 3443.93, "combined_combinatorial"], [13975.359792, 3553.79, "combined_combinatorial"], [13975.864542, 3573.08, "combined_combinatorial"]], "upper_bounds": [[31347.85489400001, 59.05]]}}