{"input parameters": ["3", "1", "500", "X", "500_500", "Lagrangian"], "instance": {"facilities": 500, "customers": 500}, "times": {"total_time in s": 3728.07, "initialisation_time in s": 501.74, "node_selection_time in s": 0.02, "implied_demands_time in s": 1587.76, "bounds_time in s": 1337.16, "variable_selection in s": 245.58, "greedy_heuristics_time in s": 52.22, "other_time in s": 3.58}, "nodes": {"total": 15, "pruned": 0, "infeasible": 0, "finished": 0}, "solution": {"LB": 21422.2111, "UB": 42198.7515, "gap in %": 49.23, "incumbent": [1, 2, 18, 22, 24, 27, 32, 41, 43, 60, 61, 63, 64, 69, 84, 85, 88, 89, 90, 95, 96, 123, 126, 131, 144, 156, 158, 160, 164, 176, 181, 192, 194, 197, 199, 208, 209, 220, 227, 238, 243, 246, 247, 252, 259, 261, 292, 294, 295, 297, 298, 303, 305, 318, 319, 324, 325, 330, 332, 341, 342, 365, 375, 386, 405, 412, 414, 419, 424, 432, 434, 435, 436, 437, 438, 439, 456, 460, 462, 470, 473, 475, 478, 482, 486, 489, 490, 491, 497], "memory in MB": 445.73}, "bounds": {"lower_bounds": [[21339.228, 501.74], [21340.985, 1211.83, "combined_combinatorial"], [21385.211524000002, 1471.79, "combined_combinatorial"], [21385.457524, 1731.47, "combined_combinatorial"], [21421.445141, 2195.76, "combined_combinatorial"], [21422.192095, 2791.31, "combined_combinatorial"], [21422.211095, 2983.92, "combined_combinatorial"]], "upper_bounds": [[43685.191867999994, 501.74]]}}