{"input parameters": ["3", "1", "500", "X", "500_500", "no_Lagrangian"], "instance": {"facilities": 500, "customers": 500}, "times": {"total_time in s": 3619.16, "initialisation_time in s": 495.29, "node_selection_time in s": 0.03, "implied_demands_time in s": 2550.55, "bounds_time in s": 90.46, "variable_selection in s": 386.84, "greedy_heuristics_time in s": 89.71, "other_time in s": 6.28}, "nodes": {"total": 21, "pruned": 0, "infeasible": 0, "finished": 0}, "solution": {"LB": 21452.1309, "UB": 42964.3448, "gap in %": 50.07, "incumbent": [1, 2, 10, 18, 24, 32, 40, 43, 48, 49, 55, 63, 64, 84, 85, 88, 89, 95, 96, 112, 131, 144, 156, 160, 166, 178, 192, 194, 201, 206, 209, 218, 220, 223, 238, 243, 246, 249, 252, 255, 257, 260, 277, 280, 291, 292, 297, 300, 303, 305, 317, 318, 325, 330, 332, 338, 341, 342, 343, 346, 348, 361, 364, 365, 366, 374, 375, 383, 384, 394, 398, 402, 405, 411, 412, 414, 419, 424, 434, 436, 437, 439, 456, 460, 470, 482, 486, 489, 490, 491, 494, 497], "memory in MB": 505.36}, "bounds": {"lower_bounds": [[21339.228, 495.29], [21340.985, 1013.9, "combined_combinatorial"], [21385.211524000002, 1197.64, "combined_combinatorial"], [21385.457524, 1379.27, "combined_combinatorial"], [21421.445141, 1704.9, "combined_combinatorial"], [21422.192095, 2125.7, "combined_combinatorial"], [21422.211095, 2265.03, "combined_combinatorial"], [21448.381, 2799.76, "combined_combinatorial"], [21452.130889, 3172.29, "combined_combinatorial"]], "upper_bounds": [[44926.85348700001, 495.29]]}}