{
    "input parameters": [
        "3",
        "1",
        "300",
        "X",
        "300_300",
        "no_preprocessing"
    ],
    "instance": {
        "facilities": 300,
        "customers": 300
    },
    "times": {
        "total_time in s": 3600.07,
        "model_building_time in s": 21.5,
        "model_solving_time in s": 3578.57
    },
    "nodes": {
        "total": 125.0
    },
    "solution": {
        "LB": 17823.9761,
        "UB": 29560.7788,
        "gap in %": 0.4,
        "incumbent": [
            1,
            11,
            17,
            19,
            26,
            34,
            39,
            43,
            49,
            57,
            59,
            60,
            64,
            66,
            69,
            71,
            73,
            80,
            85,
            92,
            95,
            97,
            99,
            113,
            119,
            124,
            126,
            132,
            143,
            146,
            147,
            155,
            160,
            167,
            173,
            180,
            183,
            188,
            190,
            209,
            211,
            217,
            222,
            224,
            226,
            235,
            237,
            239,
            243,
            253,
            255,
            258,
            260,
            263,
            265,
            266,
            270,
            271,
            272,
            275,
            293,
            295
        ],
        "memory in MB": 5848.89
    },
    "bounds": {
        "lower_bounds": [
            [
                0.0,
                147.0764729976654
            ],
            [
                17401.737656120087,
                410.055536031723
            ],
            [
                17618.59492015836,
                760.7394690513611
            ],
            [
                17623.854115218182,
                832.1071119308472
            ],
            [
                17627.846004836378,
                1291.798975944519
            ],
            [
                17627.922595059936,
                1292.6520829200745
            ],
            [
                17632.333983299028,
                1295.393961906433
            ],
            [
                17648.928180367915,
                1328.8211081027985
            ],
            [
                17649.00765065036,
                1329.684664964676
            ],
            [
                17653.080682928357,
                1355.4705939292908
            ],
            [
                17653.21897354301,
                1356.353185892105
            ],
            [
                17655.361823899064,
                1359.1850271224976
            ],
            [
                17655.38069187507,
                1359.6848230361938
            ],
            [
                17658.461039013368,
                1388.9568049907684
            ],
            [
                17658.503932293646,
                1389.8932809829712
            ],
            [
                17658.623337262776,
                1411.2503108978271
            ],
            [
                17658.770355076802,
                1412.1317961215973
            ],
            [
                17659.42880183604,
                1413.723473072052
            ],
            [
                17659.5373336373,
                1472.730789899826
            ],
            [
                17659.59878002903,
                1489.9227900505066
            ],
            [
                17660.694385192404,
                1491.8293380737305
            ],
            [
                17660.85522895027,
                1492.9188771247864
            ],
            [
                17661.606900518174,
                1514.4614040851593
            ],
            [
                17661.924072248574,
                1529.6968030929565
            ],
            [
                17661.953614966482,
                1548.7685449123383
            ],
            [
                17661.95548224396,
                1563.9413180351257
            ],
            [
                17669.167758697506,
                1623.3044469356537
            ],
            [
                17669.216909851257,
                1674.662878036499
            ],
            [
                17670.299233832353,
                1677.4602999687195
            ],
            [
                17670.352770313864,
                1726.2655329704285
            ],
            [
                17673.85697037944,
                1729.8267769813538
            ],
            [
                17673.861489700063,
                1810.4293360710144
            ],
            [
                17676.900806264246,
                1815.9684619903564
            ],
            [
                17686.029806748546,
                1926.083347082138
            ],
            [
                17686.27524662071,
                1945.3618330955505
            ],
            [
                17818.674700150397,
                1947.6791520118713
            ],
            [
                17823.931371988165,
                1976.4893131256104
            ],
            [
                17823.976088354164,
                2005.1507549285889
            ]
        ],
        "upper_bounds": [
            [
                65829.19304499999,
                150.016184091568
            ],
            [
                36999.92333100001,
                410.37164402008057
            ],
            [
                34620.29401800001,
                413.5018470287323
            ],
            [
                32036.091344999997,
                761.9876430034637
            ],
            [
                29560.778758999997,
                830.1823570728302
            ]
        ]
    }
}