{
    "input parameters": [
        "4",
        "0",
        "cap",
        "c",
        "75_100",
        "preprocessing"
    ],
    "instance": {
        "facilities": 75,
        "customers": 100
    },
    "times": {
        "total_time in s": 1.93,
        "model_building_time in s": 1.02,
        "model_solving_time in s": 0.91
    },
    "nodes": {
        "total": 1.0
    },
    "solution": {
        "LB": 1079491.9513,
        "UB": 1079491.9513,
        "gap in %": 0.0,
        "incumbent": [
            1,
            5,
            13,
            19,
            23,
            34,
            35,
            48,
            49,
            51,
            55,
            65,
            67,
            69
        ],
        "memory in MB": 145.87
    },
    "bounds": {
        "lower_bounds": [
            [
                0.0,
                0.5440289974212646
            ],
            [
                1073004.1731108297,
                0.671036958694458
            ],
            [
                1075458.7011992834,
                0.7756710052490234
            ],
            [
                1076565.312366373,
                0.8952610492706299
            ],
            [
                1076690.935732246,
                0.8961949348449707
            ],
            [
                1076708.1870577645,
                0.8970029354095459
            ],
            [
                1077581.849092876,
                0.9034280776977539
            ]
        ],
        "upper_bounds": [
            [
                1528703.0489768141,
                0.5446009635925293
            ],
            [
                1098925.380138025,
                0.6718659400939941
            ],
            [
                1095917.4046487054,
                0.6744570732116699
            ],
            [
                1083430.706529499,
                0.6852149963378906
            ],
            [
                1079491.9512686578,
                0.8895411491394043
            ]
        ]
    }
}