{
    "input parameters": [
        "4",
        "0",
        "cap",
        "a",
        "50_75",
        "preprocessing"
    ],
    "instance": {
        "facilities": 50,
        "customers": 75
    },
    "times": {
        "total_time in s": 4.04,
        "model_building_time in s": 0.42,
        "model_solving_time in s": 3.62
    },
    "nodes": {
        "total": 125.0
    },
    "solution": {
        "LB": 1144110.3524,
        "UB": 1144110.3524,
        "gap in %": 0.0,
        "incumbent": [
            8,
            10,
            11,
            16,
            21,
            22,
            32,
            48
        ],
        "memory in MB": 123.39
    },
    "bounds": {
        "lower_bounds": [
            [
                0.0,
                0.24834108352661133
            ],
            [
                1107466.1278828443,
                0.32340097427368164
            ],
            [
                1117845.14929973,
                0.4992239475250244
            ],
            [
                1120861.3332200905,
                0.7226150035858154
            ],
            [
                1120873.780750824,
                0.7392609119415283
            ],
            [
                1121846.5157055897,
                0.9324860572814941
            ],
            [
                1122163.758027114,
                0.9528930187225342
            ],
            [
                1122184.72748093,
                0.957258939743042
            ],
            [
                1122203.2720038868,
                0.960766077041626
            ],
            [
                1123044.8023062043,
                1.1032729148864746
            ],
            [
                1123156.8524249655,
                1.1222848892211914
            ],
            [
                1123156.956750649,
                1.1250860691070557
            ],
            [
                1123204.6855162024,
                1.2482240200042725
            ],
            [
                1123262.9880657769,
                1.400947093963623
            ],
            [
                1123271.3908422033,
                1.4200599193572998
            ],
            [
                1123271.9381504338,
                1.4233911037445068
            ],
            [
                1123315.3113517056,
                1.5616519451141357
            ],
            [
                1123315.9214197574,
                1.575744867324829
            ],
            [
                1123442.5940851052,
                1.716209888458252
            ],
            [
                1123459.0349567558,
                1.7306818962097168
            ],
            [
                1123460.1292009824,
                1.7337679862976074
            ],
            [
                1123475.4244528178,
                1.8639569282531738
            ],
            [
                1123762.01800406,
                2.300297975540161
            ],
            [
                1124330.6588000036,
                2.3064780235290527
            ],
            [
                1124404.7393048801,
                2.311767101287842
            ],
            [
                1124814.4347765257,
                2.4150760173797607
            ],
            [
                1124816.6728650944,
                2.4299869537353516
            ],
            [
                1125195.8040966012,
                2.5803420543670654
            ],
            [
                1125328.9187886352,
                2.5980758666992188
            ],
            [
                1125331.2000543813,
                2.600275993347168
            ],
            [
                1125735.1040431808,
                2.764137029647827
            ],
            [
                1125779.9803741847,
                2.7828259468078613
            ],
            [
                1125789.6313411037,
                2.786125898361206
            ],
            [
                1125915.6106934864,
                2.8943850994110107
            ],
            [
                1125917.4636221041,
                2.90926194190979
            ],
            [
                1125926.4876660306,
                2.923460006713867
            ],
            [
                1125928.267180737,
                3.041071891784668
            ],
            [
                1125949.9238587338,
                3.076361894607544
            ],
            [
                1125969.6078742682,
                3.189236879348755
            ],
            [
                1127869.520280864,
                3.197122097015381
            ],
            [
                1127879.7551372775,
                3.2041258811950684
            ],
            [
                1129496.0271133697,
                3.2148258686065674
            ],
            [
                1129603.6819134585,
                3.3512609004974365
            ],
            [
                1129612.1077526002,
                3.372765064239502
            ],
            [
                1129645.068539051,
                3.415708065032959
            ],
            [
                1131783.5218989858,
                3.463299036026001
            ],
            [
                1132463.279129721,
                3.494917869567871
            ],
            [
                1132493.4339866953,
                3.5107920169830322
            ],
            [
                1132998.32164122,
                3.5343239307403564
            ],
            [
                1134186.9771298806,
                3.5628769397735596
            ],
            [
                1137111.8166826973,
                3.574265956878662
            ],
            [
                1137240.3095220895,
                3.5788679122924805
            ],
            [
                1138167.2801515607,
                3.5908310413360596
            ],
            [
                1138226.197161528,
                3.591127872467041
            ],
            [
                1139169.0489912783,
                3.594161033630371
            ],
            [
                1140320.968112468,
                3.595654010772705
            ],
            [
                1140505.0331831647,
                3.5967869758605957
            ],
            [
                1140569.324996996,
                3.5972940921783447
            ],
            [
                1140669.549719205,
                3.598146915435791
            ],
            [
                1140973.4323243392,
                3.598860025405884
            ],
            [
                1141066.8449170615,
                3.609576940536499
            ],
            [
                1142021.104938047,
                3.6098098754882812
            ],
            [
                1143477.6615459954,
                3.610882043838501
            ],
            [
                1143516.7332431073,
                3.611583948135376
            ],
            [
                1143548.83809904,
                3.613373041152954
            ],
            [
                1143761.7532139192,
                3.613770008087158
            ]
        ],
        "upper_bounds": [
            [
                1564765.8738792138,
                0.2486279010772705
            ],
            [
                1155071.3491488816,
                0.3239259719848633
            ],
            [
                1150589.5207499743,
                0.3312540054321289
            ],
            [
                1149902.5870816126,
                0.5135340690612793
            ],
            [
                1144601.4388821288,
                3.355747938156128
            ],
            [
                1144110.3524044885,
                3.6011509895324707
            ]
        ]
    }
}