{
    "input parameters": [
        "4",
        "0",
        "cap",
        "b",
        "50_75",
        "preprocessing"
    ],
    "instance": {
        "facilities": 50,
        "customers": 75
    },
    "times": {
        "total_time in s": 0.83,
        "model_building_time in s": 0.42,
        "model_solving_time in s": 0.41
    },
    "nodes": {
        "total": 1.0
    },
    "solution": {
        "LB": 751971.5365,
        "UB": 751971.5365,
        "gap in %": 0.0,
        "incumbent": [
            3,
            6,
            8,
            9,
            13,
            22,
            25,
            28,
            30,
            39,
            45,
            47
        ],
        "memory in MB": 102.38
    },
    "bounds": {
        "lower_bounds": [
            [
                0.0,
                0.2089240550994873
            ],
            [
                746180.3717969065,
                0.26377105712890625
            ],
            [
                747794.4041115519,
                0.3062260150909424
            ],
            [
                748237.6804137449,
                0.3595559597015381
            ],
            [
                748260.4689053791,
                0.36118507385253906
            ],
            [
                748263.9717224322,
                0.36168789863586426
            ],
            [
                750546.232032126,
                0.370650053024292
            ],
            [
                750651.412905406,
                0.37247395515441895
            ],
            [
                750678.1292761219,
                0.373262882232666
            ],
            [
                751251.5560345917,
                0.38219308853149414
            ],
            [
                751344.7634761637,
                0.3836040496826172
            ],
            [
                751347.0847535506,
                0.38405799865722656
            ],
            [
                751447.9166054241,
                0.3879048824310303
            ],
            [
                751460.9056079607,
                0.38949108123779297
            ],
            [
                751462.3395620238,
                0.3900430202484131
            ],
            [
                751494.4106968255,
                0.3939950466156006
            ],
            [
                751971.5364568688,
                0.41181492805480957
            ]
        ],
        "upper_bounds": [
            [
                1037849.3419487851,
                0.20932602882385254
            ],
            [
                761541.0672925318,
                0.26450610160827637
            ],
            [
                756788.048444783,
                0.2671070098876953
            ],
            [
                756771.2202348621,
                0.36066603660583496
            ],
            [
                756083.2462689109,
                0.3884599208831787
            ],
            [
                751971.5364568688,
                0.41140007972717285
            ]
        ]
    }
}