{"input parameters": ["4", "0", "1000", "X", "1000_1000", "no_Lagrangian"], "instance": {"facilities": 1000, "customers": 1000}, "times": {"total_time in s": 18503.39, "initialisation_time in s": 6254.23, "node_selection_time in s": 0.79, "implied_demands_time in s": 4920.67, "bounds_time in s": 439.97, "variable_selection in s": 4833.95, "greedy_heuristics_time in s": 1829.47, "other_time in s": 224.31}, "nodes": {"total": 155, "pruned": 0, "infeasible": 0, "finished": 0}, "solution": {"LB": 48700.7137, "UB": 90056.7435, "gap in %": 45.92, "incumbent": [2, 6, 8, 15, 16, 17, 18, 19, 25, 35, 46, 51, 61, 63, 64, 68, 82, 83, 85, 93, 94, 96, 97, 111, 117, 118, 123, 125, 128, 136, 141, 144, 151, 154, 155, 158, 159, 161, 163, 168, 178, 182, 192, 200, 203, 213, 222, 224, 231, 232, 233, 250, 251, 253, 258, 259, 260, 261, 267, 272, 277, 288, 289, 298, 301, 303, 314, 318, 323, 327, 329, 335, 357, 360, 362, 363, 370, 371, 372, 377, 379, 381, 383, 386, 390, 393, 395, 402, 419, 420, 432, 433, 434, 441, 459, 464, 467, 469, 476, 479, 502, 504, 509, 510, 518, 519, 528, 533, 544, 545, 550, 559, 563, 573, 577, 580, 581, 587, 607, 612, 615, 616, 627, 631, 642, 646, 649, 657, 663, 664, 668, 676, 679, 682, 685, 692, 696, 706, 712, 713, 715, 720, 735, 739, 742, 752, 757, 759, 771, 775, 782, 793, 795, 796, 799, 805, 807, 815, 820, 822, 823, 827, 830, 844, 848, 857, 863, 864, 868, 875, 881, 883, 892, 895, 910, 911, 919, 923, 935, 941, 943, 962, 969, 982, 986, 988, 990, 992, 996], "memory in MB": 10050.36}, "bounds": {"lower_bounds": [[45276.273, 6254.23], [45609.037, 6330.05, "combined_combinatorial"], [45628.06188890489, 6352.86, "combined_combinatorial"], [45630.68188890489, 6374.55, "combined_combinatorial"], [45792.42532267772, 6396.39, "combined_combinatorial"], [45814.07021158261, 6418.79, "combined_combinatorial"], [46248.13145652212, 6439.95, "combined_combinatorial"], [46269.41934542701, 6493.0, "combined_combinatorial"], [46512.72334542701, 6515.23, "combined_combinatorial"], [46814.415077074606, 6569.68, "combined_combinatorial"], [46818.767945857064, 6625.35, "combined_combinatorial"], [46836.534866302005, 6679.8, "combined_combinatorial"], [46999.59046713765, 6702.35, "combined_combinatorial"], [47032.44485797248, 6758.53, "combined_combinatorial"], [47079.00696597949, 6816.32, "combined_combinatorial"], [47082.976834761954, 6874.4, "combined_combinatorial"], [47100.743755206895, 6932.4, "combined_combinatorial"], [47216.31788528146, 6955.54, "combined_combinatorial"], [47233.16527611629, 7010.13, "combined_combinatorial"], [47244.972661320586, 7064.99, "combined_combinatorial"], [47250.02966132059, 7119.8, "combined_combinatorial"], [47263.72835604254, 7141.65, "combined_combinatorial"], [47296.492746877375, 7197.42, "combined_combinatorial"], [47353.12150243712, 7253.5, "combined_combinatorial"], [47442.92707946438, 7310.36, "combined_combinatorial"], [47447.91507946439, 7367.24, "combined_combinatorial"], [47480.52377418635, 7389.74, "combined_combinatorial"], [47488.76341838433, 7446.93, "combined_combinatorial"], [47497.34516502118, 7504.77, "combined_combinatorial"], [47509.02055022547, 7563.21, "combined_combinatorial"], [47514.07755022547, 7621.23, "combined_combinatorial"], [47560.97230578522, 7680.53, "combined_combinatorial"], [47614.758391342, 7739.85, "combined_combinatorial"], [47629.99530578522, 7799.45, "combined_combinatorial"], [47686.71783652814, 7859.36, "combined_combinatorial"], [47706.97496836927, 7920.09, "combined_combinatorial"], [47711.96296836928, 7980.52, "combined_combinatorial"], [47752.81130728923, 8040.96, "combined_combinatorial"], [47804.76306284897, 8102.58, "combined_combinatorial"], [47822.6091946901, 8164.76, "combined_combinatorial"], [47894.14719469011, 8232.35, "combined_combinatorial"], [47923.08673221305, 8259.43, "combined_combinatorial"], [47950.76572543303, 8328.37, "combined_combinatorial"], [47967.386732213046, 8354.91, "combined_combinatorial"], [48066.39995175386, 8423.04, "combined_combinatorial"], [48090.29542447624, 8490.71, "combined_combinatorial"], [48115.4330770746, 8517.18, "combined_combinatorial"], [48124.373038053935, 8585.44, "combined_combinatorial"], [48132.72592928854, 8787.8, "combined_combinatorial"], [48137.970929288545, 8855.9, "combined_combinatorial"], [48140.97934582475, 8924.07, "combined_combinatorial"], [48172.059542866235, 8991.5, "combined_combinatorial"], [48178.246959402444, 9058.93, "combined_combinatorial"], [48201.47476396856, 9263.64, "combined_combinatorial"], [48295.56990589274, 9332.41, "combined_combinatorial"], [48324.97333147214, 9401.72, "combined_combinatorial"], [48329.02918154, 9609.8, "combined_combinatorial"], [48349.44382724125, 9678.18, "combined_combinatorial"], [48354.34331338113, 9747.33, "combined_combinatorial"], [48363.10679511769, 9816.76, "combined_combinatorial"], [48371.52868635231, 10026.18, "combined_combinatorial"], [48372.61583628444, 10096.05, "combined_combinatorial"], [48376.70468635231, 10167.15, "combined_combinatorial"], [48379.71310288851, 10237.98, "combined_combinatorial"], [48381.88425282065, 10309.2, "combined_combinatorial"], [48383.82996597949, 10476.9, "combined_combinatorial"], [48387.24561961077, 10502.79, "combined_combinatorial"], [48388.42092695882, 10574.57, "combined_combinatorial"], [48392.57761961077, 10789.07, "combined_combinatorial"], [48396.77381819343, 10863.03, "combined_combinatorial"], [48402.15181819344, 10935.67, "combined_combinatorial"], [48405.02723472964, 11008.3, "combined_combinatorial"], [48410.79329992999, 11081.79, "combined_combinatorial"], [48416.9807164662, 11154.95, "combined_combinatorial"], [48430.73706894087, 11327.45, "combined_combinatorial"], [48436.24043177112, 11400.15, "combined_combinatorial"], [48440.20852103231, 11473.65, "combined_combinatorial"], [48441.119540959284, 11499.77, "combined_combinatorial"], [48442.29484830733, 11572.63, "combined_combinatorial"], [48445.228440281964, 11794.35, "combined_combinatorial"], [48446.451540959286, 11870.83, "combined_combinatorial"], [48461.97999028939, 11945.89, "combined_combinatorial"], [48462.159990289394, 12047.91, "combined_combinatorial"], [48465.65565287345, 12133.18, "combined_combinatorial"], [48486.69986903583, 12218.73, "combined_combinatorial"], [48496.170199310945, 12305.01, "combined_combinatorial"], [48501.8015230209, 12391.01, "combined_combinatorial"], [48508.211055211206, 12476.83, "combined_combinatorial"], [48512.629093649266, 12563.55, "combined_combinatorial"], [48513.26805521121, 12649.22, "combined_combinatorial"], [48517.37196854853, 12736.97, "combined_combinatorial"], [48517.482462070526, 12825.0, "combined_combinatorial"], [48517.48907564821, 12913.11, "combined_combinatorial"], [48533.67035276553, 13268.78, "combined_combinatorial"], [48534.303662956496, 13356.57, "combined_combinatorial"], [48538.03722154799, 13445.94, "combined_combinatorial"], [48553.08112065946, 13534.13, "combined_combinatorial"], [48555.424668788895, 13621.79, "combined_combinatorial"], [48555.804141992936, 13710.93, "combined_combinatorial"], [48558.44248744958, 13741.89, "combined_combinatorial"], [48559.617794797625, 13830.48, "combined_combinatorial"], [48563.7070885359, 13918.82, "combined_combinatorial"], [48563.77448744958, 14183.76, "combined_combinatorial"], [48569.2021763882, 14272.47, "combined_combinatorial"], [48574.89238341904, 14362.11, "combined_combinatorial"], [48574.89899699673, 14450.82, "combined_combinatorial"], [48587.845913028985, 14659.94, "combined_combinatorial"], [48588.177584305005, 14748.94, "combined_combinatorial"], [48589.02122037703, 14840.39, "combined_combinatorial"], [48589.091060119485, 15114.74, "combined_combinatorial"], [48593.07707044489, 15196.4, "combined_combinatorial"], [48593.17791302898, 15275.41, "combined_combinatorial"], [48594.99232077407, 15354.71, "combined_combinatorial"], [48605.50482600463, 15436.09, "combined_combinatorial"], [48611.3495933482, 15517.07, "combined_combinatorial"], 