{
    "input parameters": [
        "4",
        "0",
        "cap",
        "a",
        "50_75",
        "no_preprocessing"
    ],
    "instance": {
        "facilities": 50,
        "customers": 75
    },
    "times": {
        "total_time in s": 7.05,
        "model_building_time in s": 0.5,
        "model_solving_time in s": 6.55
    },
    "nodes": {
        "total": 157.0
    },
    "solution": {
        "LB": 1144110.3524,
        "UB": 1144110.3524,
        "gap in %": 0.0,
        "incumbent": [
            8,
            10,
            11,
            16,
            21,
            22,
            32,
            48
        ],
        "memory in MB": 171.15
    },
    "bounds": {
        "lower_bounds": [
            [
                0.0,
                1.364922046661377
            ],
            [
                1107466.1278828443,
                1.5048730373382568
            ],
            [
                1118694.4604220928,
                1.8161230087280273
            ],
            [
                1120435.1771471635,
                2.144926071166992
            ],
            [
                1120658.620257156,
                2.6734700202941895
            ],
            [
                1121125.694492429,
                2.702138900756836
            ],
            [
                1121182.3249479872,
                2.7062430381774902
            ],
            [
                1122430.5912261729,
                2.9468538761138916
            ],
            [
                1122480.8843737436,
                2.962427854537964
            ],
            [
                1122483.4999520965,
                2.965308904647827
            ],
            [
                1124210.7433945818,
                3.25567889213562
            ],
            [
                1124309.1369343204,
                3.2714340686798096
            ],
            [
                1124309.3623248143,
                3.2741570472717285
            ],
            [
                1125024.63867051,
                3.52962589263916
            ],
            [
                1125040.2893121222,
                3.5487959384918213
            ],
            [
                1125226.9700010314,
                3.733304023742676
            ],
            [
                1125236.9683269628,
                3.748213052749634
            ],
            [
                1125237.626530624,
                3.751244068145752
            ],
            [
                1125258.081554773,
                3.9219579696655273
            ],
            [
                1125272.5878370404,
                3.9359469413757324
            ],
            [
                1125273.9297257077,
                3.938823938369751
            ],
            [
                1125292.942873285,
                4.160048007965088
            ],
            [
                1125293.7083648732,
                4.176480054855347
            ],
            [
                1125295.3908836776,
                4.379140853881836
            ],
            [
                1125305.380883151,
                4.380629062652588
            ],
            [
                1125391.4269757848,
                5.198482990264893
            ],
            [
                1125391.865987762,
                5.213270902633667
            ],
            [
                1125899.614532234,
                5.427563905715942
            ],
            [
                1125923.0565215063,
                5.4407958984375
            ],
            [
                1125923.8581548317,
                5.443889856338501
            ],
            [
                1125942.6629250352,
                5.5087220668792725
            ],
            [
                1125956.0097805231,
                5.536922931671143
            ],
            [
                1126056.6327300672,
                5.663797855377197
            ],
            [
                1126140.395084915,
                5.689245939254761
            ],
            [
                1126184.9700333106,
                5.705298900604248
            ],
            [
                1126187.899186906,
                5.72696590423584
            ],
            [
                1126193.0337702406,
                5.741234064102173
            ],
            [
                1126193.6887439091,
                5.760467052459717
            ],
            [
                1126205.7071702797,
                5.793771982192993
            ],
            [
                1126208.3236783298,
                5.820050001144409
            ],
            [
                1126208.3840401138,
                5.828980922698975
            ],
            [
                1126218.8716574127,
                5.909493923187256
            ],
            [
                1126881.5055109048,
                5.963957071304321
            ],
            [
                1127004.2995111216,
                5.976325988769531
            ],
            [
                1128429.3063954934,
                5.981391906738281
            ],
            [
                1128619.3030924199,
                6.026731967926025
            ],
            [
                1128627.6149137367,
                6.179127931594849
            ],
            [
                1130168.71375978,
                6.2333478927612305
            ],
            [
                1130758.333599009,
                6.296999931335449
            ],
            [
                1132618.359401118,
                6.318753004074097
            ],
            [
                1133188.8908158261,
                6.3304479122161865
            ],
            [
                1133248.4809090595,
                6.361135005950928
            ],
            [
                1133703.807086405,
                6.379441022872925
            ],
            [
                1133792.6325230373,
                6.395179986953735
            ],
            [
                1133898.7165760503,
                6.420536041259766
            ],
            [
                1133907.3280773968,
                6.435220003128052
            ],
            [
                1134162.840257188,
                6.452211856842041
            ],
            [
                1134210.407323433,
                6.471719026565552
            ],
            [
                1134601.713781899,
                6.47294807434082
            ],
            [
                1135034.1393627913,
                6.484580993652344
            ],
            [
                1135266.0771963454,
                6.48661994934082
            ],
            [
                1135496.6158275458,
                6.492217063903809
            ],
            [
                1136126.6396640108,
                6.495995998382568
            ],
            [
                1136461.169907104,
                6.496166944503784
            ],
            [
                1136546.267339732,
                6.503049850463867
            ],
            [
                1136714.1737253265,
                6.511981964111328
            ],
            [
                1136909.9954971753,
                6.513495922088623
            ],
            [
                1137357.311054132,
                6.515701055526733
            ],
            [
                1137369.6028732508,
                6.534713983535767
            ],
            [
                1138201.9235670094,
                6.535383939743042
            ],
            [
                1138323.0320333783,
                6.539551019668579
            ],
            [
                1139749.3577949745,
                6.540556907653809
            ],
            [
                1140691.7362734193,
                6.540705919265747
            ],
            [
                1142629.762054608,
