{"input parameters": ["4", "0", "1000", "X", "1000_1000", "Lagrangian"], "instance": {"facilities": 1000, "customers": 1000}, "times": {"total_time in s": 23321.46, "initialisation_time in s": 6267.88, "node_selection_time in s": 0.78, "implied_demands_time in s": 4736.63, "bounds_time in s": 5702.01, "variable_selection in s": 4639.22, "greedy_heuristics_time in s": 1757.22, "other_time in s": 217.72}, "nodes": {"total": 153, "pruned": 0, "infeasible": 0, "finished": 0}, "solution": {"LB": 48688.6859, "UB": 89723.6338, "gap in %": 45.73, "incumbent": [2, 6, 8, 15, 16, 17, 18, 21, 35, 46, 51, 61, 63, 64, 68, 82, 83, 85, 93, 94, 96, 97, 106, 111, 118, 120, 123, 125, 128, 136, 140, 141, 144, 151, 154, 155, 158, 159, 161, 163, 165, 168, 178, 182, 192, 200, 203, 213, 222, 224, 231, 232, 233, 251, 253, 258, 259, 260, 261, 267, 277, 288, 289, 298, 301, 314, 318, 327, 329, 335, 357, 362, 363, 370, 371, 372, 377, 379, 381, 383, 386, 390, 393, 402, 419, 420, 432, 433, 434, 441, 456, 459, 464, 467, 469, 476, 479, 502, 504, 509, 510, 518, 519, 528, 533, 544, 545, 550, 559, 563, 573, 577, 580, 581, 587, 607, 612, 615, 616, 631, 642, 646, 649, 657, 663, 664, 668, 685, 696, 705, 706, 712, 713, 715, 717, 720, 739, 742, 752, 757, 759, 771, 775, 779, 782, 793, 795, 796, 805, 807, 815, 820, 822, 823, 824, 827, 830, 835, 844, 848, 857, 863, 864, 868, 881, 883, 892, 895, 903, 910, 911, 919, 923, 935, 941, 942, 943, 962, 969, 982, 986, 988, 990, 992, 996], "memory in MB": 10040.05}, "bounds": {"lower_bounds": [[45276.273, 6267.88], [45609.037, 6392.5, "combined_combinatorial"], [45628.06188890489, 6431.36, "combined_combinatorial"], [45630.68188890489, 6469.28, "combined_combinatorial"], [45792.42532267772, 6506.91, "combined_combinatorial"], [45814.07021158261, 6545.85, "combined_combinatorial"], [46248.13145652212, 6583.95, "combined_combinatorial"], [46269.41934542701, 6670.91, "combined_combinatorial"], [46512.72334542701, 6709.81, "combined_combinatorial"], [46814.415077074606, 6798.45, "combined_combinatorial"], [46818.767945857064, 6887.38, "combined_combinatorial"], [46836.534866302005, 6974.6, "combined_combinatorial"], [46999.59046713765, 7011.02, "combined_combinatorial"], [47032.44485797248, 7094.02, "combined_combinatorial"], [47079.00696597949, 7178.64, "combined_combinatorial"], [47082.976834761954, 7263.62, "combined_combinatorial"], [47100.743755206895, 7348.84, "combined_combinatorial"], [47216.31788528146, 7386.05, "combined_combinatorial"], [47233.16527611629, 7471.0, "combined_combinatorial"], [47244.972661320586, 7556.32, "combined_combinatorial"], [47250.02966132059, 7641.58, "combined_combinatorial"], [47263.72835604254, 7678.95, "combined_combinatorial"], [47296.492746877375, 7765.14, "combined_combinatorial"], [47353.12150243712, 7852.18, "combined_combinatorial"], [47442.92707946438, 7939.79, "combined_combinatorial"], [47447.91507946439, 8026.79, "combined_combinatorial"], [47480.52377418635, 8064.74, "combined_combinatorial"], [47488.76341838433, 8151.76, "combined_combinatorial"], [47497.34516502118, 8247.87, "combined_combinatorial"], [47509.02055022547, 8346.74, "combined_combinatorial"], [47514.07755022547, 8443.16, "combined_combinatorial"], [47560.97230578522, 8541.16, "combined_combinatorial"], [47614.758391342, 8638.84, "combined_combinatorial"], [47629.99530578522, 8734.69, "combined_combinatorial"], [47686.71783652814, 8830.56, "combined_combinatorial"], [47706.97496836927, 8927.71, "combined_combinatorial"], [47711.96296836928, 9022.46, "combined_combinatorial"], [47752.81130728923, 9117.6, "combined_combinatorial"], [47804.76306284897, 9214.3, "combined_combinatorial"], [47822.6091946901, 9311.76, "combined_combinatorial"], [47894.14719469011, 9409.01, "combined_combinatorial"], [47923.08673221305, 9451.03, "combined_combinatorial"], [47950.76572543303, 9548.33, "combined_combinatorial"], [47967.386732213046, 9588.55, "combined_combinatorial"], [48066.39995175386, 9683.3, "combined_combinatorial"], [48090.29542447624, 9777.16, "combined_combinatorial"], [48115.4330770746, 9816.9, "combined_combinatorial"], [48124.373038053935, 9911.16, "combined_combinatorial"], [48132.72592928854, 10194.45, "combined_combinatorial"], [48137.970929288545, 10289.99, "combined_combinatorial"], [48140.97934582475, 10385.99, "combined_combinatorial"], [48172.059542866235, 10482.39, "combined_combinatorial"], [48178.246959402444, 10579.02, "combined_combinatorial"], [48201.47476396856, 10869.99, "combined_combinatorial"], [48295.56990589274, 10966.61, "combined_combinatorial"], [48324.97333147214, 11064.35, "combined_combinatorial"], [48329.02918154, 11355.94, "combined_combinatorial"], [48349.44382724125, 11452.38, "combined_combinatorial"], [48354.34331338113, 11550.83, "combined_combinatorial"], [48363.10679511769, 11649.86, "combined_combinatorial"], [48371.52868635231, 11951.28, "combined_combinatorial"], [48372.61583628444, 12049.73, "combined_combinatorial"], [48376.70468635231, 12162.99, "combined_combinatorial"], [48379.71310288851, 12277.09, "combined_combinatorial"], [48381.88425282065, 12391.05, "combined_combinatorial"], [48383.82996597949, 12666.24, "combined_combinatorial"], [48387.24561961077, 12712.69, "combined_combinatorial"], [48388.42092695882, 12827.57, "combined_combinatorial"], [48392.57761961077, 13170.75, "combined_combinatorial"], [48396.77381819343, 13286.84, "combined_combinatorial"], [48402.15181819344, 13402.91, "combined_combinatorial"], [48405.02723472964, 13519.06, "combined_combinatorial"], [48410.79329992999, 13635.78, "combined_combinatorial"], [48416.9807164662, 13752.95, "combined_combinatorial"], [48430.73706894087, 14032.68, "combined_combinatorial"], [48436.24043177112, 14149.55, "combined_combinatorial"], [48440.20852103231, 14266.28, "combined_combinatorial"], [48441.119540959284, 14312.39, "combined_combinatorial"], [48442.29484830733, 14428.79, "combined_combinatorial"], [48445.228440281964, 14778.21, "combined_combinatorial"], [48446.451540959286, 14896.9, "combined_combinatorial"], [48461.97999028939, 15016.89, "combined_combinatorial"], [48462.159990289394, 15179.09, "combined_combinatorial"], [48465.65565287345, 15285.49, "combined_combinatorial"], [48486.69986903583, 15391.83, "combined_combinatorial"], [48496.170199310945, 15497.96, "combined_combinatorial"], [48501.8015230209, 15603.48, "combined_combinatorial"], [48508.211055211206, 15710.24, "combined_combinatorial"], [48512.629093649266, 15816.65, "combined_combinatorial"], [48513.26805521121, 15922.7, "combined_combinatorial"], [48517.37196854853, 16030.93, "combined_combinatorial"], [48517.482462070526, 16138.18, "combined_combinatorial"], [48517.48907564821, 16245.96, "combined_combinatorial"], [48533.67035276553, 16678.63, "combined_combinatorial"], [48534.303662956496, 16786.86, "combined_combinatorial"], [48538.03722154799, 16897.58, "combined_combinatorial"], [48553.08112065946, 17006.31, "combined_combinatorial"], [48555.424668788895, 17112.77, "combined_combinatorial"], [48555.804141992936, 17221.92, "combined_combinatorial"], [48558.44248744958, 17264.41, "combined_combinatorial"], [48559.617794797625, 17372.14, "combined_combinatorial"], [48563.7070885359, 17481.89, "combined_combinatorial"], [48563.77448744958, 17809.64, "combined_combinatorial"], [48569.2021763882, 17917.07, "combined_combinatorial"], [48574.89238341904, 18026.79, "combined_combinatorial"], [48574.89899699673, 18137.03, "combined_combinatorial"], [48587.845913028985, 18396.83, "combined_combinatorial"], [48588.177584305005, 18506.04, "combined_combinatorial"], [48589.02122037703, 18614.86, "combined_combinatorial"], [48589.091060119485, 18940.17, "combined_combinatorial"], [48593.07707044489, 19050.06, "combined_combinatorial"], [48593.17791302898, 19158.72, "combined_combinatorial"], [48594.99232077407, 19267.11, "combined_combinatorial"], [48605.50482600463, 19378.13, "combined_combinatorial"], [48611.3495933482, 19489.63, "combined_combinatorial"], 