{
    "input parameters": [
        "4",
        "0",
        "cap",
        "b",
        "50_75",
        "no_preprocessing"
    ],
    "instance": {
        "facilities": 50,
        "customers": 75
    },
    "times": {
        "total_time in s": 2.12,
        "model_building_time in s": 0.51,
        "model_solving_time in s": 1.61
    },
    "nodes": {
        "total": 1.0
    },
    "solution": {
        "LB": 751971.5365,
        "UB": 751971.5365,
        "gap in %": 0.0,
        "incumbent": [
            3,
            6,
            8,
            9,
            13,
            22,
            25,
            28,
            30,
            39,
            45,
            47
        ],
        "memory in MB": 155.45
    },
    "bounds": {
        "lower_bounds": [
            [
                0.0,
                1.3218040466308594
            ],
            [
                746180.3717969067,
                1.458648920059204
            ],
            [
                747930.1467117064,
                1.5199718475341797
            ],
            [
                748352.1271193855,
                1.5798909664154053
            ],
            [
                750569.0164068535,
                1.5880670547485352
            ],
            [
                750650.0979651932,
                1.5898380279541016
            ],
            [
                750654.1716582864,
                1.5904078483581543
            ],
            [
                750721.1863353641,
                1.5981450080871582
            ],
            [
                750807.7928234222,
                1.5999619960784912
            ],
            [
                751355.7325141225,
                1.6046619415283203
            ]
        ],
        "upper_bounds": [
            [
                998608.4882940791,
                1.3228039741516113
            ],
            [
                761541.0672925318,
                1.4592819213867188
            ],
            [
                756788.048444783,
                1.4620568752288818
            ],
            [
                756771.2202348621,
                1.5736019611358643
            ],
            [
                751971.5364568688,
                1.5990359783172607
            ]
        ]
    }
}