{
    "input parameters": [
        "4",
        "0",
        "cap",
        "c",
        "75_100",
        "no_preprocessing"
    ],
    "instance": {
        "facilities": 75,
        "customers": 100
    },
    "times": {
        "total_time in s": 6.56,
        "model_building_time in s": 1.1,
        "model_solving_time in s": 5.46
    },
    "nodes": {
        "total": 1.0
    },
    "solution": {
        "LB": 1079491.9513,
        "UB": 1079491.9513,
        "gap in %": 0.0,
        "incumbent": [
            1,
            5,
            13,
            19,
            23,
            34,
            35,
            48,
            49,
            51,
            55,
            65,
            67,
            69
        ],
        "memory in MB": 264.18
    },
    "bounds": {
        "lower_bounds": [
            [
                0.0,
                4.221956014633179
            ],
            [
                1073004.1731108297,
                4.948498964309692
            ],
            [
                1075556.48510891,
                5.284440040588379
            ],
            [
                1075764.8988285442,
                5.442895889282227
            ],
            [
                1076675.5640983433,
                5.4470250606536865
            ],
            [
                1076740.3851038362,
                5.4484570026397705
            ],
            [
                1077661.9787816526,
                5.4516379833221436
            ],
            [
                1077668.627703262,
                5.452154874801636
            ],
            [
                1079214.5701849677,
                5.455857038497925
            ]
        ],
        "upper_bounds": [
            [
                1687004.6133279756,
                4.22642707824707
            ],
            [
                1083430.706529499,
                4.955652952194214
            ],
            [
                1079491.9512686578,
                5.443925857543945
            ]
        ]
    }
}