{"input parameters": ["4", "0", "cap", "c", "50_75", "Lagrangian"], "instance": {"facilities": 50, "customers": 75}, "times": {"total_time in s": 47.41, "initialisation_time in s": 0.38, "node_selection_time in s": 0.02, "implied_demands_time in s": 9.74, "bounds_time in s": 27.16, "variable_selection in s": 6.32, "greedy_heuristics_time in s": 2.13, "other_time in s": 1.66}, "nodes": {"total": 303, "pruned": 303, "infeasible": 0, "finished": 0}, "solution": {"LB": 707654.6131, "UB": 707654.6131, "gap in %": 0.0, "incumbent": [0, 1, 4, 5, 13, 19, 23, 26, 28, 34, 40, 44], "memory in MB": 79.88}, "bounds": {"lower_bounds": [[501204.13533621567, 0.38], [506311.37283621565, 1.26, "Lagrangian"], [539777.2223219717, 1.53, "Lagrangian"], [559386.4558789518, 1.79, "Lagrangian"], [577490.1524189368, 2.03, "Lagrangian"], [590415.7714156318, 2.29, "Lagrangian"], [598604.204299044, 2.52, "Lagrangian"], [599405.0418110776, 2.75, "Lagrangian"], [613085.5341439865, 2.99, "Lagrangian"], [617181.5340879543, 3.22, "Lagrangian"], [620334.5651528293, 3.48, "Lagrangian"], [642711.5519692396, 3.72, "Lagrangian"], [647264.260542195, 3.96, "Lagrangian"], [648905.916298715, 4.19, "Lagrangian"], [649224.8314281144, 4.42, "Lagrangian"], [650165.2516430923, 4.68, "Lagrangian"], [657533.8108943559, 4.89, "Lagrangian"], [658230.365339697, 5.13, "Lagrangian"], [659489.4871347372, 5.35, "Lagrangian"], [659499.1943315166, 5.61, "Lagrangian"], [663629.8521026168, 5.83, "Lagrangian"], [664622.2176300363, 6.05, "Lagrangian"], [667903.9390058083, 6.27, "Lagrangian"], [670236.0058194625, 6.49, "Lagrangian"], [670960.4242522264, 6.76, "Lagrangian"], [674125.3677134026, 7.01, "Lagrangian"], [675428.0162821626, 7.25, "Lagrangian"], [676624.0254342516, 7.48, "Lagrangian"], [677475.156448252, 7.7, "Lagrangian"], [679534.6042411826, 7.9, "Lagrangian"], [680977.5543343484, 8.13, "Lagrangian"], [682824.8046989162, 8.38, "Lagrangian"], [685304.7551350035, 8.61, "Lagrangian"], [686854.1843434573, 8.83, "Lagrangian"], [686868.9490520881, 9.06, "Lagrangian"], [687469.6519345, 9.28, "Lagrangian"], [688703.2332014386, 9.52, "Lagrangian"], [688923.3288477614, 9.75, "Lagrangian"], [689592.3626375421, 9.95, "Lagrangian"], [690288.4593640551, 10.17, "Lagrangian"], [691275.4487956781, 10.43, "Lagrangian"], [691326.4112373524, 10.65, "Lagrangian"], [691391.3724694353, 10.84, "Lagrangian"], [691594.9190823792, 11.1, "Lagrangian"], [692173.6818093937, 11.36, "Lagrangian"], [694411.5207383528, 11.57, "Lagrangian"], [694610.1291954565, 11.79, "Lagrangian"], [695065.0163939788, 12.01, "Lagrangian"], [695998.3806320246, 12.21, "Lagrangian"], [696597.6741287512, 12.44, "Lagrangian"], [696821.8328544422, 12.64, "Lagrangian"], [697127.2341942312, 12.86, "Lagrangian"], [697131.6164875035, 13.07, "Lagrangian"], [697854.7596899415, 13.31, "Lagrangian"], [698434.7019291661, 13.54, "Lagrangian"], [698601.4765062488, 13.74, "Lagrangian"], [698705.5015761092, 13.95, "Lagrangian"], [699287.546831612, 14.18, "Lagrangian"], [699511.3814988197, 14.38, "Lagrangian"], [700329.0962331401, 14.59, "Lagrangian"], [700585.1022492185, 14.78, "Lagrangian"], [700636.1262829336, 15.01, "Lagrangian"], [700834.5723231556, 15.23, "Lagrangian"], [701182.6418210049, 15.42, "Lagrangian"], [701539.943095555, 15.62, "Lagrangian"], [701609.6888644637, 17.94, "Lagrangian"], [702471.0829967954, 18.15, "Lagrangian"], [702578.3584628952, 18.36, "Lagrangian"], [702765.8097347398, 18.59, "Lagrangian"], [702782.9576617549, 18.77, "Lagrangian"], [702784.8094815941, 18.97, "Lagrangian"], [702915.9286513004, 19.19, "Lagrangian"], [702936.2785021922, 19.4, "Lagrangian"], [703075.7587767415, 19.58, "Lagrangian"], [703086.5603971028, 19.78, "Lagrangian"], [703226.8748576518, 19.98, "Lagrangian"], [703330.8901759763, 20.86, "Lagrangian"], [703340.1439266662, 21.07, "Lagrangian"], [703410.6934338058, 21.27, "Lagrangian"], [703720.5481356469, 21.72, "Lagrangian"], [703903.6432095456, 23.75, "Lagrangian"], [704026.7400126942, 23.92, "Lagrangian"], [704083.5658115109, 24.12, "Lagrangian"], [704142.3601175875, 24.31, "Lagrangian"], [704214.7921752266, 24.49, "Lagrangian"], [704223.170649069, 25.21, "Lagrangian"], [704257.2002167634, 25.36, "Lagrangian"], [704303.3177507338, 25.82, "Lagrangian"], [704468.2315509006, 25.96, "Lagrangian"], [704506.773379897, 26.14, "Lagrangian"], [704553.8540575153, 26.29, "Lagrangian"], [704583.1607184048, 26.39, "Lagrangian"], [704658.9196972129, 27.13, "Lagrangian"], [704718.5473789183, 27.35, "Lagrangian"], [704748.6529687103, 27.49, "Lagrangian"], [704809.2663476857, 27.68, "Lagrangian"], [704837.2100241972, 27.86, "Lagrangian"], [704837.2100241974, 28.03, "Lagrangian"], [704846.5448915216, 28.29, "Lagrangian"], [704904.3544547716, 28.45, "Lagrangian"], [704917.1784625055, 29.02, "Lagrangian"], [704925.9649090632, 30.07, "Lagrangian"], [704992.5992519569, 30.2, "Lagrangian"], [705070.5970173462, 30.34, "Lagrangian"], [705273.531994829, 30.44, "Lagrangian"], [705302.5600953146, 30.71, "Lagrangian"], [705427.1778450047, 30.89, "Lagrangian"], [705657.730037326, 31.01, "Lagrangian"], [705667.6672354791, 31.24, "Lagrangian"], [705671.3554756223, 31.38, "Lagrangian"], [705680.436323012, 31.61, "Lagrangian"], [705760.6694257819, 31.82, "Lagrangian"], [705775.6143223506, 32.34, "Lagrangian"], [705790.1349904357, 32.44, "Lagrangian"], [705793.5715108605, 33.05, "Lagrangian"], [705801.4233404844, 33.85, "Lagrangian"], [705877.7431882084, 34.06, "Lagrangian"], [705882.3180539203, 34.31, "Lagrangian"], [705969.0217218088, 34.43, "Lagrangian"], [706009.1903401933, 35.34, "Lagrangian"], [706087.8173152375, 35.77, "Lagrangian"], [706120.2087081256, 35.98, "Lagrangian"], [706142.4814540113, 36.1, "Lagrangian"], [706153.0694551765, 36.57, "Lagrangian"], [706244.6253598245, 36.79, "Lagrangian"], [706259.2727251663, 36.93, "Lagrangian"], [706290.9769668609, 37.05, "Lagrangian"], [706290.976966861, 37.18, "Lagrangian"], [706290.9769668612, 37.3, "Lagrangian"], [706308.0937841928, 37.44, "Lagrangian"], [706400.3375372342, 37.81, "Lagrangian"], [706404.2289658256, 37.87, "Lagrangian"], [706404.6073911093, 38.09, "Lagrangian"], [706468.5132319634, 38.26, "Lagrangian"], [706502.6405689381, 38.44, "Lagrangian"], [706516.2246256126, 38.54, "Lagrangian"], [706568.6938477929, 38.73, "Lagrangian"], [706609.6977100455, 39.17, "Lagrangian"], [706652.197361229, 39.38, "Lagrangian"], [706668.7072231717, 39.5, "Lagrangian"], [706668.7072231718, 39.63, "Lagrangian"], [706698.1539327686, 40.17, "Lagrangian"], [706771.3235624079, 40.63, "Lagrangian"], [706789.9479752306, 40.84, "Lagrangian"], [706794.2087081339, 40.9, "Lagrangian"], [706815.486766818, 40.99, "Lagrangian"], [706889.6820829969, 41.41, "Lagrangian"], [706902.2762381637, 41.51, "Lagrangian"], [706903.6654693815, 41.72, "Lagrangian"], [707004.0683936725, 41.85, "Lagrangian"], [707014.5178016049, 42.07, "Lagrangian"], [707103.3461736394, 42.2, "Lagrangian"], [707123.8804109646, 44.27, "Lagrangian"], [707189.3335727681, 44.31, "Lagrangian"], [707237.2290897486, 44.42, "Lagrangian"], [707323.5655863818, 44.78, "Lagrangian"], [707357.0052036592, 44.85, "Lagrangian"], [707357.0052036593, 44.98, "Lagrangian"], [707407.2406208885, 45.19, "Lagrangian"], [707423.1444436668, 45.32, "Lagrangian"], [707481.8791579505, 46.09, "Lagrangian"], [707491.1161687528, 46.19, "Lagrangian"], [707500.2623991522, 46.5, "Lagrangian"], [707542.1498734221, 46.83, "Lagrangian"], [707561.3402668752, 46.91, "Lagrangian"], [707572.0424555861, 47.11, "Lagrangian"], [707633.2969636595, 47.32, "Lagrangian"], [707654.6130661621, 47.34, "Lagrangian"]],