{"input parameters": ["4", "1", "1000", "X", "1000_1000", "Lagrangian"], "instance": {"facilities": 1000, "customers": 1000}, "times": {"total_time in s": 89041.18, "initialisation_time in s": 7681.53, "node_selection_time in s": 0.13, "implied_demands_time in s": 45725.81, "bounds_time in s": 31078.06, "variable_selection in s": 3585.08, "greedy_heuristics_time in s": 944.04, "other_time in s": 26.53}, "nodes": {"total": 21, "pruned": 0, "infeasible": 0, "finished": 0}, "solution": {"LB": 41733.008, "UB": 78974.5687, "gap in %": 47.16, "incumbent": [6, 7, 16, 17, 18, 21, 53, 55, 63, 65, 68, 69, 73, 77, 79, 86, 93, 94, 97, 102, 111, 112, 114, 118, 128, 129, 141, 143, 144, 147, 151, 154, 156, 159, 161, 162, 165, 178, 179, 181, 182, 183, 187, 208, 211, 213, 214, 219, 222, 228, 232, 256, 259, 260, 261, 263, 264, 272, 282, 288, 296, 298, 301, 314, 318, 323, 335, 339, 340, 357, 360, 361, 363, 372, 379, 380, 382, 383, 385, 388, 390, 394, 405, 409, 412, 420, 423, 432, 433, 434, 436, 441, 442, 462, 464, 469, 485, 488, 502, 510, 511, 518, 519, 522, 533, 541, 550, 559, 563, 573, 576, 607, 616, 624, 627, 631, 632, 633, 634, 643, 646, 650, 654, 663, 668, 679, 680, 682, 685, 686, 691, 700, 705, 709, 713, 715, 719, 720, 733, 744, 745, 752, 763, 771, 775, 776, 785, 787, 796, 798, 809, 812, 815, 822, 823, 824, 827, 837, 840, 842, 866, 873, 877, 883, 888, 891, 892, 903, 910, 911, 915, 917, 927, 932, 938, 940, 941, 942, 958, 962, 967, 982, 990, 992, 996], "memory in MB": 1891.31}, "bounds": {"lower_bounds": [[41618.056, 7681.53], [41618.085, 18139.02, "combined_combinatorial"], [41622.679, 33792.39, "combined_combinatorial"], [41623.149, 44203.82, "combined_combinatorial"], [41623.197, 49409.38, "combined_combinatorial"], [41682.457304999996, 53051.43, "combined_combinatorial"], [41682.732305, 60268.75, "combined_combinatorial"], [41683.127304999995, 63857.24, "combined_combinatorial"], [41690.635304999996, 67411.67, "combined_combinatorial"], [41691.769304999994, 70973.49, "combined_combinatorial"], [41691.923305, 74546.12, "combined_combinatorial"], [41728.328996000004, 81786.47, "combined_combinatorial"], [41733.007996, 85434.22, "combined_combinatorial"]], "upper_bounds": [[81161.426073, 7681.53]]}}