{
    "input parameters": [
        "4",
        "1",
        "300",
        "X",
        "300_300",
        "preprocessing"
    ],
    "instance": {
        "facilities": 300,
        "customers": 300
    },
    "times": {
        "total_time in s": 3600.19,
        "model_building_time in s": 80.67,
        "model_solving_time in s": 3519.51
    },
    "nodes": {
        "total": 547.0
    },
    "solution": {
        "LB": 16266.567,
        "UB": 22155.0221,
        "gap in %": 0.27,
        "incumbent": [
            9,
            11,
            15,
            33,
            34,
            36,
            60,
            63,
            65,
            68,
            70,
            71,
            88,
            93,
            99,
            101,
            109,
            110,
            112,
            116,
            126,
            142,
            146,
            147,
            148,
            159,
            160,
            161,
            174,
            179,
            180,
            196,
            200,
            204,
            214,
            218,
            223,
            226,
            235,
            236,
            239,
            245,
            247,
            280,
            285,
            289,
            290,
            295,
            297
        ],
        "memory in MB": 2405.97
    },
    "bounds": {
        "lower_bounds": [
            [
                0.0,
                26.29391098022461
            ],
            [
                15698.932984290295,
                41.67144298553467
            ],
            [
                15897.309632807655,
                136.95401287078857
            ],
            [
                15899.395410586825,
                167.65973782539368
            ],
            [
                15899.421258710145,
                168.17499089241028
            ],
            [
                15935.753276389796,
                212.67292094230652
            ],
            [
                15937.288716758008,
                215.75397181510925
            ],
            [
                15937.289231690746,
                216.05552196502686
            ],
            [
                15974.04962910603,
                259.2209668159485
            ],
            [
                15976.86163369538,
                304.3086259365082
            ],
            [
                15976.95815946084,
                305.8514709472656
            ],
            [
                15976.961372976268,
                306.1965398788452
            ],
            [
                15981.57060496264,
                332.0723547935486
            ],
            [
                15982.033226316491,
                336.15149998664856
            ],
            [
                15982.089721832992,
                338.62546396255493
            ],
            [
                15982.110672733454,
                339.1427698135376
            ],
            [
                15984.312121593319,
                369.0710198879242
            ],
            [
                15987.73390268305,
                386.16388392448425
            ],
            [
                15987.859241090393,
                386.99447894096375
            ],
            [
                15988.682130069785,
                403.8828008174896
            ],
            [
                15988.88046364495,
                406.12699699401855
            ],
            [
                15990.696096321313,
                423.5606269836426
            ],
            [
                15991.097880026453,
                426.922739982605
            ],
            [
                15991.134404704104,
                427.9792847633362
            ],
            [
                15991.138061558184,
                428.450945854187
            ],
            [
                15993.417593233356,
                438.48199677467346
            ],
            [
                15993.500330009743,
                439.80403089523315
            ],
            [
                15993.501910169849,
                440.2747209072113
            ],
            [
                15996.565564509941,
                450.1653537750244
            ],
            [
                15996.907488169749,
                463.0548048019409
            ],
            [
                15996.91215034796,
                463.72653794288635
            ],
            [
                15998.461598619597,
                471.7994029521942
            ],
            [
                15998.4841597824,
                473.26368379592896
            ],
            [
                15998.815433605965,
                486.5649359226227
            ],
            [
                15998.853261909626,
                487.84044194221497
            ],
            [
                15998.853926958847,
                488.1645858287811
            ],
            [
                16000.09001014844,
                493.89047598838806
            ],
            [
                16000.152604970132,
                495.2253987789154
            ],
            [
                16000.208743799973,
                495.8229339122772
            ],
            [
                16000.21225798489,
                496.16518688201904
            ],
            [
                16000.24519644577,
                499.75692796707153
            ],
            [
                16000.247665063556,
                500.54869079589844
            ],
            [
                16003.657289343293,
                506.48195695877075
            ],
            [
                16004.11944989349,
                508.4410469532013
            ],
            [
                16004.126958732497,
                508.7760429382324
            ],
            [
                16006.166233170588,
                515.0343067646027
            ],
            [
                16006.20449995594,
                515.8261969089508
            ],
            [
                16013.83494265519,
                523.9271388053894
            ],
            [
                16014.139028399804,
                527.3219628334045
            ],
            [
                16014.141290572265,
                527.9100799560547
            ],
            [
                16016.567964363285,
                535.3815479278564
            ],
            [
                16017.291147860937,
                538.7342829704285
            ],
            [
                16017.550994617352,
                540.1487929821014
            ],
            [
                16017.556261027654,
                540.5878069400787
            ],
            [
                16018.633251355162,
                547.1530268192291
            ],
            [
                16018.647098929932,
                550.8569128513336
            ],
            [
                16018.923335391615,
                556.5203878879547
            ],
            [
                16018.926116075829,
                559.6275858879089
            ],
            [
                16019.47286707176,
                565.6013739109039
            ],
            [
                16019.496866125497,
                568.1329419612885
            ],
            [
                16020.175001124373,
                572.5705618858337
            ],
            [
                16020.223277391447,
                584.9527769088745
            ],
            [
                16020.236988747878,
                585.6360058784485
            ],
            [
                16021.29897886254,
                590.6486508846283
            ],
            [
                16021.318469182643,
                594.4443578720093
            ],
            [
                16034.107682684798,
                606.5860748291016
            ],
            [
                16035.562361071548,
