{
    "input parameters": [
        "4",
        "1",
        "500",
        "X",
        "500_500",
        "no_preprocessing"
    ],
    "instance": {
        "facilities": 500,
        "customers": 500
    },
    "times": {
        "total_time in s": 3610.15,
        "model_building_time in s": 76.57,
        "model_solving_time in s": 3533.58
    },
    "nodes": {
        "total": 1.0
    },
    "solution": {
        "LB": 24039.9826,
        "UB": 39160.2304,
        "gap in %": 0.39,
        "incumbent": [
            14,
            16,
            20,
            22,
            23,
            29,
            31,
            43,
            58,
            63,
            65,
            69,
            72,
            75,
            81,
            83,
            87,
            98,
            101,
            107,
            109,
            112,
            113,
            126,
            138,
            144,
            147,
            151,
            152,
            153,
            160,
            162,
            164,
            166,
            170,
            171,
            172,
            175,
            177,
            180,
            200,
            203,
            206,
            208,
            216,
            220,
            228,
            229,
            235,
            237,
            240,
            242,
            244,
            250,
            254,
            255,
            256,
            272,
            275,
            282,
            284,
            288,
            292,
            312,
            318,
            320,
            324,
            327,
            332,
            334,
            335,
            336,
            350,
            360,
            362,
            366,
            370,
            372,
            382,
            383,
            388,
            390,
            394,
            401,
            406,
            419,
            422,
            427,
            436,
            440,
            443,
            444,
            447,
            449,
            450,
            461,
            463,
            474,
            485,
            486,
            499
        ],
        "memory in MB": 9941.86
    },
    "bounds": {
        "lower_bounds": [
            [
                0.0,
                741.5280768871307
            ],
            [
                24039.982573786547,
                2724.3162229061127
            ]
        ],
        "upper_bounds": [
            [
                94681.92318299998,
                758.679557800293
            ],
            [
                41770.62304499999,
                2726.091110944748
            ],
            [
                39160.230445999994,
                2747.3526859283447
            ]
        ]
    }
}