{"input parameters": ["4", "1", "300", "X", "300_300", "no_Lagrangian"], "instance": {"facilities": 300, "customers": 300}, "times": {"total_time in s": 3605.05, "initialisation_time in s": 53.12, "node_selection_time in s": 0.15, "implied_demands_time in s": 2351.98, "bounds_time in s": 243.06, "variable_selection in s": 733.75, "greedy_heuristics_time in s": 200.49, "other_time in s": 22.49}, "nodes": {"total": 207, "pruned": 0, "infeasible": 0, "finished": 0}, "solution": {"LB": 13274.2619, "UB": 22955.7583, "gap in %": 42.17, "incumbent": [9, 11, 15, 26, 27, 38, 56, 60, 63, 65, 68, 70, 71, 73, 85, 88, 93, 99, 103, 106, 110, 111, 112, 122, 142, 147, 160, 175, 179, 180, 204, 210, 213, 214, 218, 223, 224, 226, 235, 239, 252, 260, 266, 279, 280, 285, 289, 290, 294, 295], "memory in MB": 1149.89}, "bounds": {"lower_bounds": [[13071.384, 53.12], [13120.067009, 106.17, "combined_combinatorial"], [13122.360009, 129.13, "combined_combinatorial"], [13125.585, 273.37, "combined_combinatorial"], [13128.665, 302.46, "combined_combinatorial"], [13129.17, 360.42, "combined_combinatorial"], [13129.275, 417.35, "combined_combinatorial"], [13129.913, 473.88, "combined_combinatorial"], [13130.925, 500.96, "combined_combinatorial"], [13130.955, 527.53, "combined_combinatorial"], [13131.234009, 549.7, "combined_combinatorial"], [13131.334009, 571.58, "combined_combinatorial"], [13131.358009000001, 636.32, "combined_combinatorial"], [13132.037, 662.02, "combined_combinatorial"], [13138.469, 687.69, "combined_combinatorial"], [13138.539, 789.59, "combined_combinatorial"], [13138.807, 863.1, "combined_combinatorial"], [13139.291, 911.19, "combined_combinatorial"], [13152.520009, 956.27, "combined_combinatorial"], [13152.997009, 977.5, "combined_combinatorial"], [13156.373825, 1016.87, "combined_combinatorial"], [13158.558815999999, 1077.11, "combined_combinatorial"], [13162.796091, 1118.07, "combined_combinatorial"], [13164.389091000001, 1153.37, "combined_combinatorial"], [13174.835815999999, 1176.04, "combined_combinatorial"], [13175.185816, 1220.93, "combined_combinatorial"], [13175.903825, 1239.12, "combined_combinatorial"], [13176.265825, 1328.87, "combined_combinatorial"], [13176.555825, 1346.8, "combined_combinatorial"], [13176.570825, 1364.17, "combined_combinatorial"], [13181.277816, 1386.37, "combined_combinatorial"], [13181.371815999999, 1430.08, "combined_combinatorial"], [13181.738816, 1451.48, "combined_combinatorial"], [13181.791815999999, 1556.75, "combined_combinatorial"], [13182.358816, 1617.48, "combined_combinatorial"], [13183.403825, 1634.87, "combined_combinatorial"], [13183.471816, 1654.22, "combined_combinatorial"], [13183.588824999999, 1690.61, "combined_combinatorial"], [13185.698816, 1726.9, "combined_combinatorial"], [13185.880815999999, 1745.7, "combined_combinatorial"], [13185.883816, 1764.37, "combined_combinatorial"], [13186.196816, 1782.98, "combined_combinatorial"], [13186.502815999998, 1801.34, "combined_combinatorial"], [13187.466747999999, 1816.79, "combined_combinatorial"], [13187.766748, 1878.41, "combined_combinatorial"], [13189.073825, 1968.31, "combined_combinatorial"], [13189.167825, 1984.92, "combined_combinatorial"], [13191.327739, 2003.15, "combined_combinatorial"], [13191.649739, 2090.17, "combined_combinatorial"], [13191.663739, 2174.85, "combined_combinatorial"], [13191.921739000001, 2191.58, "combined_combinatorial"], [13194.459739, 2208.23, "combined_combinatorial"], [13194.646184, 2256.19, "combined_combinatorial"], [13200.229739, 2272.54, "combined_combinatorial"], [13204.617853, 2289.04, "combined_combinatorial"], [13206.331184, 2304.39, "combined_combinatorial"], [13209.656362, 2318.54, "combined_combinatorial"], [13210.003362, 2332.3, "combined_combinatorial"], [13210.029362, 2359.64, "combined_combinatorial"], [13212.165852999999, 2455.16, "combined_combinatorial"], [13223.818091000001, 2472.22, "combined_combinatorial"], [13224.82885, 2554.83, "combined_combinatorial"], [13224.88285, 2570.97, "combined_combinatorial"], [13230.324491, 2584.51, "combined_combinatorial"], [13233.788849999999, 2600.48, "combined_combinatorial"], [13233.893849999999, 2616.0, "combined_combinatorial"], [13235.171091, 2632.38, "combined_combinatorial"], [13237.294601, 2675.63, "combined_combinatorial"], [13237.652601, 2686.41, "combined_combinatorial"], [13239.69585, 2702.14, "combined_combinatorial"], [13240.359677999999, 2730.24, "combined_combinatorial"], [13240.44585, 2745.49, "combined_combinatorial"], [13240.792091, 2761.2, "combined_combinatorial"], [13241.341863, 2810.32, "combined_combinatorial"], [13248.387537, 2820.65, "combined_combinatorial"], [13250.541036999999, 2832.58, "combined_combinatorial"], [13251.016037, 2844.01, "combined_combinatorial"], [13252.571037, 2867.21, "combined_combinatorial"], [13252.620498, 2901.5, "combined_combinatorial"], [13253.016196, 2934.77, "combined_combinatorial"], [13255.035263000002, 2960.27, "combined_combinatorial"], [13255.073090999998, 2990.39, "combined_combinatorial"], [13255.147090999999, 3021.47, "combined_combinatorial"], [13255.164263, 3035.95, "combined_combinatorial"], [13255.705263000002, 3091.57, "combined_combinatorial"], [13255.746091, 3106.55, "combined_combinatorial"], [13256.052196, 3146.53, "combined_combinatorial"], [13256.082196, 3200.17, "combined_combinatorial"], [13256.651124, 3213.4, "combined_combinatorial"], [13258.570669, 3226.23, "combined_combinatorial"], [13259.751537, 3236.34, "combined_combinatorial"], [13261.037498, 3247.23, "combined_combinatorial"], [13262.692862999998, 3275.12, "combined_combinatorial"], [13262.817862999998, 3292.01, "combined_combinatorial"], [13262.855862999999, 3325.52, "combined_combinatorial"], [13264.401136, 3355.11, "combined_combinatorial"], [13267.752263, 3368.49, "combined_combinatorial"], [13268.128666, 3420.74, "combined_combinatorial"], [13269.349263, 3447.2, "combined_combinatorial"], [13269.496025, 3459.29, "combined_combinatorial"], [13269.995124, 3496.36, "combined_combinatorial"], [13270.281124, 3509.39, "combined_combinatorial"], [13274.023944999999, 3550.03, "combined_combinatorial"], [13274.261945, 3579.04, "combined_combinatorial"]], "upper_bounds": [[25892.467985999996, 53.12]]}}