{
    "input parameters": [
        "4",
        "1",
        "500",
        "X",
        "500_500",
        "preprocessing"
    ],
    "instance": {
        "facilities": 500,
        "customers": 500
    },
    "times": {
        "total_time in s": 3600.27,
        "model_building_time in s": 444.71,
        "model_solving_time in s": 3155.56
    },
    "nodes": {
        "total": 5.0
    },
    "solution": {
        "LB": 24612.4445,
        "UB": 36668.6456,
        "gap in %": 0.33,
        "incumbent": [
            3,
            5,
            14,
            16,
            20,
            22,
            29,
            31,
            35,
            43,
            58,
            59,
            65,
            66,
            69,
            72,
            81,
            83,
            87,
            98,
            101,
            107,
            109,
            112,
            119,
            126,
            144,
            147,
            151,
            152,
            153,
            160,
            162,
            164,
            166,
            170,
            171,
            172,
            175,
            177,
            180,
            201,
            203,
            206,
            208,
            216,
            220,
            228,
            229,
            231,
            235,
            240,
            242,
            250,
            254,
            255,
            256,
            258,
            261,
            263,
            275,
            284,
            292,
            300,
            317,
            318,
            326,
            332,
            334,
            335,
            350,
            375,
            382,
            383,
            388,
            390,
            394,
            406,
            413,
            419,
            431,
            434,
            436,
            442,
            444,
            447,
            448,
            449,
            461,
            463,
            474,
            486,
            499
        ],
        "memory in MB": 5545.03
    },
    "bounds": {
        "lower_bounds": [
            [
                0.0,
                102.93602991104126
            ],
            [
                24045.104996191607,
                334.7963569164276
            ],
            [
                24090.677456787125,
                591.815948009491
            ],
            [
                24262.392547264797,
                1430.687315940857
            ],
            [
                24263.795571228922,
                1801.1241989135742
            ],
            [
                24263.800307413978,
                1805.1743540763855
            ],
            [
                24300.303379932742,
                1894.477287054062
            ],
            [
                24301.139880954677,
                1913.5620839595795
            ],
            [
                24301.140687902993,
                1915.8257598876953
            ],
            [
                24343.717281494282,
                2006.3872129917145
            ],
            [
                24344.6574290796,
                2020.050001859665
            ],
            [
                24344.658998995088,
                2021.0997729301453
            ],
            [
                24372.99654815981,
                2100.867770910263
            ],
            [
                24374.175645720577,
                2110.8767840862274
            ],
            [
                24374.178263345268,
                2113.7664880752563
            ],
            [
                24376.275248532813,
                2133.615436077118
            ],
            [
                24376.454476218238,
                2142.765308856964
            ],
            [
                24379.201019717413,
                2164.636276960373
            ],
            [
                24379.20663876186,
                2170.9703459739685
            ],
            [
                24381.418205308884,
                2188.6758799552917
            ],
            [
                24381.432605036367,
                2193.7219309806824
            ],
            [
                24381.619158634694,
                2203.12509393692
            ],
            [
                24381.73751978536,
                2217.452621936798
            ],
            [
                24382.563779728767,
                2230.8326609134674
            ],
            [
                24382.564867556943,
                2246.571313858032
            ],
            [
                24391.006638919614,
                2527.183830022812
            ],
            [
                24584.461873711898,
                2945.611142873764
            ],
            [
                24584.537845612555,
                3155.340770959854
            ]
        ],
        "upper_bounds": [
            [
                94902.49511799999,
                105.7004919052124
            ],
            [
                41770.623045,
                336.202791929245
            ],
            [
                39302.128772,
                338.724289894104
            ],
            [
                38868.60543499999,
                595.5205900669098
            ],
            [
                37544.891895,
                1784.68874001503
            ],
            [
                37422.116863,
                1898.9673478603363
            ],
            [
                37233.36010199999,
                2104.050768852234
            ],
            [
                36842.159562999994,
                2169.3284270763397
            ],
            [
                36698.603424,
                2208.969290971756
            ],
            [
                36668.645641999996,
                2235.002429008484
            ]
        ]
    }
}