{"input parameters": ["4", "1", "300", "X", "300_300", "Lagrangian"], "instance": {"facilities": 300, "customers": 300}, "times": {"total_time in s": 3623.06, "initialisation_time in s": 63.29, "node_selection_time in s": 0.06, "implied_demands_time in s": 1405.7, "bounds_time in s": 1642.49, "variable_selection in s": 397.08, "greedy_heuristics_time in s": 103.88, "other_time in s": 10.55}, "nodes": {"total": 99, "pruned": 0, "infeasible": 0, "finished": 0}, "solution": {"LB": 13191.3277, "UB": 22813.5253, "gap in %": 42.18, "incumbent": [9, 11, 15, 22, 26, 36, 38, 54, 56, 60, 63, 67, 68, 70, 71, 73, 88, 93, 99, 103, 106, 109, 110, 111, 112, 116, 142, 147, 160, 175, 179, 180, 200, 204, 210, 214, 218, 223, 224, 235, 236, 239, 254, 260, 280, 285, 289, 290, 294, 295], "memory in MB": 611.5}, "bounds": {"lower_bounds": [[13071.384, 63.29], [13120.067009, 158.11, "combined_combinatorial"], [13122.360009, 198.28, "combined_combinatorial"], [13125.585, 449.19, "combined_combinatorial"], [13128.665, 500.62, "combined_combinatorial"], [13129.17, 602.61, "combined_combinatorial"], [13129.275, 701.36, "combined_combinatorial"], [13129.913, 798.95, "combined_combinatorial"], [13130.925, 845.27, "combined_combinatorial"], [13130.955, 890.3, "combined_combinatorial"], [13131.234009, 928.9, "combined_combinatorial"], [13131.334009, 966.99, "combined_combinatorial"], [13131.358009000001, 1079.83, "combined_combinatorial"], [13132.037, 1123.74, "combined_combinatorial"], [13138.469, 1167.52, "combined_combinatorial"], [13138.539, 1340.81, "combined_combinatorial"], [13138.807, 1465.16, "combined_combinatorial"], [13139.291, 1545.9, "combined_combinatorial"], [13152.520009, 1621.93, "combined_combinatorial"], [13152.997009, 1658.15, "combined_combinatorial"], [13156.373825, 1727.62, "combined_combinatorial"], [13158.558815999999, 1835.92, "combined_combinatorial"], [13162.796091, 1908.09, "combined_combinatorial"], [13164.389091000001, 1970.0, "combined_combinatorial"], [13174.835815999999, 2010.63, "combined_combinatorial"], [13175.185816, 2090.02, "combined_combinatorial"], [13175.903825, 2122.66, "combined_combinatorial"], [13176.265825, 2282.97, "combined_combinatorial"], [13176.555825, 2314.15, "combined_combinatorial"], [13176.570825, 2344.82, "combined_combinatorial"], [13181.277816, 2384.11, "combined_combinatorial"], [13181.371815999999, 2460.53, "combined_combinatorial"], [13181.738816, 2497.89, "combined_combinatorial"], [13181.791815999999, 2681.11, "combined_combinatorial"], [13182.358816, 2785.81, "combined_combinatorial"], [13183.403825, 2816.1, "combined_combinatorial"], [13183.471816, 2849.06, "combined_combinatorial"], [13183.588824999999, 2912.61, "combined_combinatorial"], [13185.698816, 2975.01, "combined_combinatorial"], [13185.880815999999, 3007.36, "combined_combinatorial"], [13185.883816, 3039.36, "combined_combinatorial"], [13186.196816, 3071.03, "combined_combinatorial"], [13186.502815999998, 3101.76, "combined_combinatorial"], [13187.466747999999, 3129.55, "combined_combinatorial"], [13187.766748, 3241.36, "combined_combinatorial"], [13189.073825, 3403.19, "combined_combinatorial"], [13189.167825, 3432.35, "combined_combinatorial"], [13191.327739, 3465.84, "combined_combinatorial"]], "upper_bounds": [[25892.467985999996, 63.29]]}}