{"input parameters": ["4", "1", "1000", "X", "1000_1000", "no_Lagrangian"], "instance": {"facilities": 1000, "customers": 1000}, "times": {"total_time in s": 88969.04, "initialisation_time in s": 6924.94, "node_selection_time in s": 0.23, "implied_demands_time in s": 73533.64, "bounds_time in s": 817.66, "variable_selection in s": 6025.09, "greedy_heuristics_time in s": 1622.42, "other_time in s": 45.05}, "nodes": {"total": 34, "pruned": 0, "infeasible": 0, "finished": 0}, "solution": {"LB": 41771.8816, "UB": 79887.7269, "gap in %": 47.71, "incumbent": [6, 7, 16, 17, 18, 21, 53, 61, 63, 65, 68, 69, 73, 86, 93, 94, 97, 102, 111, 112, 114, 118, 123, 128, 129, 141, 147, 151, 154, 156, 168, 178, 179, 182, 187, 192, 199, 207, 208, 211, 214, 219, 220, 222, 236, 250, 259, 260, 261, 263, 272, 285, 286, 288, 289, 293, 296, 298, 301, 318, 322, 323, 337, 339, 345, 346, 357, 360, 361, 363, 379, 380, 383, 390, 393, 394, 396, 412, 420, 422, 429, 431, 432, 433, 434, 441, 442, 448, 453, 455, 458, 459, 462, 464, 469, 502, 509, 519, 525, 541, 550, 559, 573, 576, 582, 587, 607, 614, 616, 631, 632, 633, 643, 646, 650, 654, 663, 664, 668, 679, 682, 685, 692, 696, 705, 709, 712, 713, 715, 717, 720, 733, 744, 758, 761, 763, 769, 771, 773, 775, 776, 779, 795, 798, 799, 810, 812, 815, 817, 822, 823, 824, 827, 830, 833, 842, 860, 866, 868, 869, 874, 877, 885, 888, 891, 895, 903, 907, 910, 911, 919, 924, 932, 935, 940, 941, 962, 982, 983, 986, 988, 990, 991, 996], "memory in MB": 2621.14}, "bounds": {"lower_bounds": [[41618.056, 6924.94], [41618.085, 14070.9, "combined_combinatorial"], [41622.679, 24397.84, "combined_combinatorial"], [41623.149, 31292.58, "combined_combinatorial"], [41623.197, 34753.7, "combined_combinatorial"], [41682.457304999996, 37090.7, "combined_combinatorial"], [41682.732305, 41734.45, "combined_combinatorial"], [41683.127304999995, 44053.41, "combined_combinatorial"], [41690.635304999996, 46380.14, "combined_combinatorial"], [41691.769304999994, 48715.81, "combined_combinatorial"], [41691.923305, 51052.97, "combined_combinatorial"], [41728.328996000004, 55805.57, "combined_combinatorial"], [41733.007996, 58221.6, "combined_combinatorial"], [41733.403996, 60629.88, "combined_combinatorial"], [41733.445996, 65377.78, "combined_combinatorial"], [41734.212996, 72496.08, "combined_combinatorial"], [41762.816559, 74175.95, "combined_combinatorial"], [41763.549559, 75844.61, "combined_combinatorial"], [41771.874558999996, 79149.72, "combined_combinatorial"], [41771.881636000006, 81018.34, "combined_combinatorial"]], "upper_bounds": [[81161.426073, 6924.94]]}}