{
    "input parameters": [
        "4",
        "1",
        "300",
        "X",
        "300_300",
        "no_preprocessing"
    ],
    "instance": {
        "facilities": 300,
        "customers": 300
    },
    "times": {
        "total_time in s": 3600.08,
        "model_building_time in s": 18.27,
        "model_solving_time in s": 3581.8
    },
    "nodes": {
        "total": 348.0
    },
    "solution": {
        "LB": 16237.9977,
        "UB": 23063.396,
        "gap in %": 0.3,
        "incumbent": [
            9,
            11,
            15,
            33,
            34,
            38,
            56,
            60,
            63,
            70,
            71,
            73,
            74,
            75,
            85,
            88,
            93,
            99,
            110,
            111,
            112,
            126,
            133,
            142,
            146,
            147,
            148,
            174,
            179,
            180,
            194,
            200,
            204,
            214,
            218,
            223,
            224,
            226,
            232,
            235,
            236,
            237,
            239,
            245,
            247,
            252,
            254,
            260,
            289,
            294,
            295,
            297
        ],
        "memory in MB": 4415.04
    },
    "bounds": {
        "lower_bounds": [
            [
                0.0,
                132.79505515098572
            ],
            [
                15699.103074716295,
                360.1173629760742
            ],
            [
                15878.881196565566,
                734.3700251579285
            ],
            [
                15880.949885812119,
                765.9646370410919
            ],
            [
                15916.72248114052,
                952.4095330238342
            ],
            [
                15916.72514684761,
                955.4556119441986
            ],
            [
                15947.660873308967,
                1387.7269229888916
            ],
            [
                15947.660886592537,
                1388.5540890693665
            ],
            [
                15958.818594430468,
                1394.5790791511536
            ],
            [
                15959.197771978439,
                1395.8724300861359
            ],
            [
                15995.432700257485,
                1428.2899479866028
            ],
            [
                15995.463002610775,
                1452.2432141304016
            ],
            [
                16003.095339901365,
                1457.8470809459686
            ],
            [
                16003.167444611683,
                1458.529678106308
            ],
            [
                16014.707158980324,
                1482.5680811405182
            ],
            [
                16014.713714050504,
                1483.2460100650787
            ],
            [
                16014.766739612105,
                1484.2089350223541
            ],
            [
                16020.87923304229,
                1499.4733350276947
            ],
            [
                16020.913058405436,
                1507.280236005783
            ],
            [
                16030.509564299435,
                1515.6154580116272
            ],
            [
                16030.556348989221,
                1534.1595780849457
            ],
            [
                16034.348075370031,
                1538.7730000019073
            ],
            [
                16034.434559067115,
                1539.4498550891876
            ],
            [
                16035.38584411314,
                1557.6381289958954
            ],
            [
                16035.497281103653,
                1558.4073400497437
            ],
            [
                16036.222764140424,
                1560.981122970581
            ],
            [
                16036.537371604401,
                1562.4429500102997
            ],
            [
                16036.600742986378,
                1563.2614970207214
            ],
            [
                16036.900656583817,
                1567.8078880310059
            ],
            [
                16036.906001073829,
                1568.5872330665588
            ],
            [
                16037.072957471719,
                1569.2053890228271
            ],
            [
                16037.78495938637,
                1576.2486460208893
            ],
            [
                16037.797053123259,
                1579.9125111103058
            ],
            [
                16038.818523004395,
                1581.5162291526794
            ],
            [
                16038.83200901098,
                1582.277529001236
            ],
            [
                16038.91494203345,
                1582.9661991596222
            ],
            [
                16038.919763026772,
                1588.8268611431122
            ],
            [
                16038.92993820203,
                1589.4946870803833
            ],
            [
                16172.829654240075,
                1711.7334170341492
            ],
            [
                16184.588583508918,
                1757.7891490459442
            ],
            [
                16184.746209984323,
                3005.890640974045
            ],
            [
                16237.778590421425,
                3567.1074459552765
            ]
        ],
        "upper_bounds": [
            [
                69671.73142099999,
                135.50630712509155
            ],
            [
                27274.740597,
                360.38900113105774
            ],
            [
                25464.429913999997,
                361.16745495796204
            ],
            [
                24211.337144,
                735.2742140293121
            ],
            [
                23727.969966,
                756.6379041671753
            ],
            [
                23063.396034,
                955.1272020339966
            ]
        ]
    }
}