{"input parameters": ["5", "0", "700", "X", "700_700", "Lagrangian"], "instance": {"facilities": 700, "customers": 700}, "times": {"total_time in s": 3691.14, "initialisation_time in s": 1687.56, "node_selection_time in s": 0.02, "implied_demands_time in s": 943.0, "bounds_time in s": 671.63, "variable_selection in s": 274.31, "greedy_heuristics_time in s": 108.51, "other_time in s": 6.1}, "nodes": {"total": 13, "pruned": 0, "infeasible": 0, "finished": 0}, "solution": {"LB": 10707.9347, "UB": 18453.8264, "gap in %": 41.97, "incumbent": [32, 37, 44, 52, 59, 68, 69, 72, 80, 82, 86, 215, 247, 249, 283, 291, 305, 322, 330, 342, 344, 347, 348, 350, 351, 357, 363, 368, 402, 419, 437, 451, 455, 456, 457, 465, 475, 486, 489, 497, 502, 508, 513, 517, 536, 537, 542, 543, 548, 551, 562, 569, 600, 603, 605, 608, 611, 618, 622, 632, 637, 658, 663, 667, 692], "memory in MB": 825.44}, "bounds": {"lower_bounds": [[10707.264, 1687.56], [10707.350691497868, 2058.05, "combined_combinatorial"], [10707.669691497867, 2978.62, "combined_combinatorial"], [10707.699691497868, 3342.55, "combined_combinatorial"], [10707.934691497869, 3522.57, "combined_combinatorial"]], "upper_bounds": [[19265.567388294607, 1687.56]]}}