{
    "input parameters": [
        "5",
        "0",
        "500",
        "X",
        "500_500",
        "preprocessing"
    ],
    "instance": {
        "facilities": 500,
        "customers": 500
    },
    "times": {
        "total_time in s": 3600.22,
        "model_building_time in s": 433.09,
        "model_solving_time in s": 3167.13
    },
    "nodes": {
        "total": 571.0
    },
    "solution": {
        "LB": 9398.2586,
        "UB": 12222.9482,
        "gap in %": 0.23,
        "incumbent": [
            14,
            16,
            20,
            21,
            27,
            31,
            34,
            35,
            39,
            51,
            59,
            60,
            67,
            78,
            98,
            107,
            121,
            152,
            187,
            210,
            226,
            236,
            238,
            247,
            248,
            269,
            280,
            292,
            315,
            317,
            322,
            326,
            338,
            340,
            348,
            366,
            380,
            387,
            394,
            405,
            423,
            450,
            468,
            496
        ],
        "memory in MB": 2124.29
    },
    "bounds": {
        "lower_bounds": [
            [
                0.0,
                22.86756706237793
            ],
            [
                8849.685906998573,
                83.20501613616943
            ],
            [
                8875.719821468121,
                167.5194811820984
            ],
            [
                8969.429182717458,
                278.855996131897
            ],
            [
                8972.62173718897,
                282.7752752304077
            ],
            [
                8972.753452418516,
                283.4218080043793
            ],
            [
                8973.910623016725,
                285.3701682090759
            ],
            [
                8974.053977315492,
                286.0682911872864
            ],
            [
                9042.988246510255,
                317.0936961174011
            ],
            [
                9049.39234810931,
                329.58342123031616
            ],
            [
                9050.774668085529,
                331.3006491661072
            ],
            [
                9051.379620905536,
                332.1504662036896
            ],
            [
                9051.815146869996,
                333.01916313171387
            ],
            [
                9051.86073465871,
                333.3314230442047
            ],
            [
                9051.861262741688,
                333.61797618865967
            ],
            [
                9114.25614107398,
                360.26609206199646
            ],
            [
                9121.36520324814,
                367.18167209625244
            ],
            [
                9124.125713493793,
                369.98894119262695
            ],
            [
                9124.710540493077,
                370.9535310268402
            ],
            [
                9124.824789120168,
                371.3716690540314
            ],
            [
                9124.860337907638,
                371.6640160083771
            ],
            [
                9124.884838652255,
                372.01365518569946
            ],
            [
                9154.301763321622,
                384.7394471168518
            ],
            [
                9160.430019640587,
                397.3241741657257
            ],
            [
                9161.48695165113,
                398.64674520492554
            ],
            [
                9161.949838021961,
                399.5362401008606
            ],
            [
                9161.999487262989,
                400.1090021133423
            ],
            [
                9162.010308304727,
                400.36851811408997
            ],
            [
                9179.43220155145,
                410.0109851360321
            ],
            [
                9184.00253700944,
                414.7629141807556
            ],
            [
                9185.381344962992,
                416.23064613342285
            ],
            [
                9185.47811142233,
                417.16932916641235
            ],
            [
                9185.496462848107,
                417.5401542186737
            ],
            [
                9192.130707585715,
                423.5943510532379
            ],
            [
                9193.997863693934,
                426.98395013809204
            ],
            [
                9194.281706301088,
                427.8839831352234
            ],
            [
                9194.304560955403,
                428.25842118263245
            ],
            [
                9196.784239017143,
                432.5195891857147
            ],
            [
                9196.999279853397,
                434.99946117401123
            ],
            [
                9197.028577036748,
                435.45684719085693
            ],
            [
                9198.873549046959,
                439.6444251537323
            ],
            [
                9199.304545934208,
                444.7736921310425
            ],
            [
                9199.461725647865,
                445.6017210483551
            ],
            [
                9199.554326991587,
                446.1049380302429
            ],
            [
                9199.554963936094,
                446.3335380554199
            ],
            [
                9200.509925576545,
                449.8246040344238
            ],
            [
                9201.03038972862,
                453.8044090270996
            ],
            [
                9201.203335470638,
                454.28280305862427
            ],
            [
                9201.25043750266,
                454.6310760974884
            ],
            [
                9201.254551057327,
                454.8913481235504
            ],
            [
                9201.98914059361,
                457.93569707870483
            ],
            [
                9202.35273496558,
                459.5746841430664
            ],
            [
                9202.458280934348,
                460.1568400859833
            ],
            [
                9202.507664500057,
                460.5533311367035
            ],
            [
                9202.513907219254,
                460.8412902355194
            ],
            [
                9203.667695155265,
                463.67497301101685
            ],
            [
                9203.69601030923,
                466.0967330932617
            ],
            [
                9208.790089524247,
                471.68215322494507
            ],
            [
                9210.10240140108,
                473.8039720058441
            ],
            [
                9210.26279609575,
                474.43363308906555
            ],
            [
                9210.270166570059,
                474.6919062137604
            ],
            [
                9210.853690211125,
                477.42844009399414
            ],
            [
                9210.937088584842,
                479.58047699928284
            ],
            [
                9210.955167209084,
                480.0206391811371
            ],
            [
                9211.27799528512,
                482.7402591705322
            ],
            [
                9211.29107648375,
                483.93616700172424
            ],
            [
                9211.985410339626,
                486.5723030567169
            ],
            [
                9212.043502144179,
                488.7381319999695
            ],
