{
    "input parameters": [
        "5",
        "0",
        "300",
        "X",
        "300_300",
        "no_preprocessing"
    ],
    "instance": {
        "facilities": 300,
        "customers": 300
    },
    "times": {
        "total_time in s": 3600.09,
        "model_building_time in s": 17.98,
        "model_solving_time in s": 3582.11
    },
    "nodes": {
        "total": 571.0
    },
    "solution": {
        "LB": 6136.726,
        "UB": 7865.08,
        "gap in %": 0.22,
        "incumbent": [
            1,
            7,
            23,
            49,
            74,
            91,
            93,
            95,
            128,
            161,
            169,
            171,
            172,
            182,
            191,
            194,
            198,
            199,
            200,
            201,
            212,
            222,
            229,
            242,
            258,
            267,
            271
        ],
        "memory in MB": 3857.91
    },
    "bounds": {
        "lower_bounds": [
            [
                0.0,
                116.75322389602661
            ],
            [
                5936.904334845409,
                432.81239581108093
            ],
            [
                5937.431136305932,
                1070.136160850525
            ],
            [
                5947.460852848665,
                1102.7793538570404
            ],
            [
                5947.520898038722,
                1103.5409770011902
            ],
            [
                5948.6792291917,
                1107.7415888309479
            ],
            [
                5948.851062010684,
                1108.6895778179169
            ],
            [
                5952.57389320127,
                1129.4648468494415
            ],
            [
                5952.628483398228,
                1130.2470729351044
            ],
            [
                5953.071565229252,
                1132.405152797699
            ],
            [
                5953.077201755768,
                1132.8211779594421
            ],
            [
                5964.704086894971,
                1151.8842158317566
            ],
            [
                5964.743890859323,
                1152.6622478961945
            ],
            [
                5965.098545326283,
                1154.156399011612
            ],
            [
                5968.199173978664,
                1169.4331078529358
            ],
            [
                5968.301897665204,
                1170.2171409130096
            ],
            [
                5968.894219078616,
                1179.135708808899
            ],
            [
                5968.923039362544,
                1179.959254026413
            ],
            [
                5969.054725097106,
                1191.4993739128113
            ],
            [
                5969.0554138035495,
                1192.2157938480377
            ],
            [
                5969.089615654634,
                1193.2747828960419
            ],
            [
                5969.116070429081,
                1193.6947438716888
            ],
            [
                5969.7288972326605,
                1200.2106719017029
            ],
            [
                5969.860265399408,
                1205.9065108299255
            ],
            [
                5971.057235363458,
                1210.0894258022308
            ],
            [
                5971.231858953234,
                1210.8677518367767
            ],
            [
                5971.366900752847,
                1213.1125338077545
            ],
            [
                5971.613280326112,
                1218.555478811264
            ],
            [
                5971.662633482656,
                1219.3241798877716
            ],
            [
                5971.6666946512805,
                1220.275626897812
            ],
            [
                5972.159513948385,
                1226.915874004364
            ],
            [
                5972.192558324849,
                1227.6758229732513
            ],
            [
                5972.202425006729,
                1229.102392911911
            ],
            [
                5973.403824613363,
                1235.7430918216705
            ],
            [
                5973.406070105044,
                1236.4529428482056
            ],
            [
                5973.541922945567,
                1238.39621591568
            ],
            [
                5973.547773993407,
                1238.835616827011
            ],
            [
                5974.476139284619,
                1243.9219708442688
            ],
            [
                5974.528370708335,
                1244.658175945282
            ],
            [
                5974.554152594611,
                1255.0336468219757
            ],
            [
                5974.556676881986,
                1334.1648888587952
            ],
            [
                6011.7919943705565,
                1798.1803560256958
            ],
            [
                6020.482697631854,
                1801.804694890976
            ],
            [
                6020.504685183726,
                1953.8474168777466
            ],
            [
                6021.19454862745,
                2119.773355960846
            ],
            [
                6053.423207134319,
                2345.608862876892
            ],
            [
                6053.570071699972,
                2478.983475923538
            ],
            [
                6080.228213038751,
                2647.4923939704895
            ],
            [
                6105.539474130287,
                2661.633204936981
            ],
            [
                6131.678185380373,
                2784.3356199264526
            ],
            [
                6136.725954472151,
                3013.1060009002686
            ]
        ],
        "upper_bounds": [
            [
                49840.99829645117,
                120.23499202728271
            ],
            [
                9766.69867169741,
                433.086874961853
            ],
            [
                9338.917786224105,
                435.1606388092041
            ],
            [
                8908.494256273345,
                1328.0301699638367
            ],
            [
                8760.064504080688,
                1335.9853658676147
            ],
            [
                8563.560955045465,
                1623.3842389583588
            ],
            [
                8330.70139902151,
                1686.4955518245697
            ],
            [
                7972.15629004592,
                1919.3699848651886
            ],
            [
                7970.757729906334,
                2030.6080689430237
            ],
            [
                7966.06836476108,
                2071.678864955902
            ],
            [
                7865.079960720343,
                2927.376518011093
            ]
        ]
    }
}