{
    "input parameters": [
        "5",
        "0",
        "700",
        "X",
        "700_700",
        "preprocessing"
    ],
    "instance": {
        "facilities": 700,
        "customers": 700
    },
    "times": {
        "total_time in s": 3601.52,
        "model_building_time in s": 2785.43,
        "model_solving_time in s": 816.09
    },
    "nodes": {
        "total": 1.0
    },
    "solution": {
        "LB": 12199.1383,
        "UB": 18717.6314,
        "gap in %": 0.35,
        "incumbent": [
            7,
            37,
            44,
            52,
            68,
            72,
            82,
            86,
            122,
            124,
            129,
            141,
            206,
            215,
            239,
            247,
            249,
            279,
            290,
            305,
            322,
            330,
            342,
            344,
            347,
            348,
            356,
            363,
            371,
            372,
            377,
            402,
            419,
            438,
            450,
            451,
            455,
            456,
            465,
            486,
            489,
            497,
            499,
            502,
            508,
            510,
            512,
            517,
            536,
            537,
            542,
            543,
            550,
            551,
            582,
            600,
            608,
            618,
            622,
            626,
            628,
            632,
            637,
            658,
            663,
            667,
            675
        ],
        "memory in MB": 2610.39
    },
    "bounds": {
        "lower_bounds": [
            [
                0.0,
                55.47207999229431
            ],
            [
                12192.524612884912,
                296.6355879306793
            ],
            [
                12199.138311906261,
                564.9500188827515
            ]
        ],
        "upper_bounds": [
            [
                137697.09026428525,
                63.705031871795654
            ],
            [
                22700.356714183647,
                296.8834249973297
            ],
            [
                19158.218658779475,
                313.4293808937073
            ],
            [
                18717.631354401474,
                584.5418679714203
            ]
        ]
    }
}