{"input parameters": ["5", "0", "500", "X", "500_500", "Lagrangian"], "instance": {"facilities": 500, "customers": 500}, "times": {"total_time in s": 3607.43, "initialisation_time in s": 461.24, "node_selection_time in s": 0.05, "implied_demands_time in s": 1370.41, "bounds_time in s": 1188.02, "variable_selection in s": 425.81, "greedy_heuristics_time in s": 150.29, "other_time in s": 11.62}, "nodes": {"total": 38, "pruned": 0, "infeasible": 0, "finished": 0}, "solution": {"LB": 8093.0554, "UB": 12490.1613, "gap in %": 35.2, "incumbent": [14, 16, 20, 21, 27, 31, 34, 35, 39, 51, 59, 60, 67, 78, 107, 118, 121, 152, 181, 187, 210, 226, 236, 238, 247, 269, 280, 292, 315, 317, 322, 326, 338, 340, 348, 355, 366, 380, 387, 394, 395, 423, 450, 468, 496], "memory in MB": 1118.52}, "bounds": {"lower_bounds": [[7648.462, 461.24], [7648.651, 741.61, "combined_combinatorial"], [7649.651, 833.22, "combined_combinatorial"], [7649.984, 1105.33, "combined_combinatorial"], [7663.153, 1281.81, "combined_combinatorial"], [7703.16, 1443.47, "combined_combinatorial"], [7726.109, 1520.59, "combined_combinatorial"], [7829.132, 1592.51, "combined_combinatorial"], [7864.3630091527, 1680.86, "combined_combinatorial"], [7886.153397315797, 2023.91, "combined_combinatorial"], [7894.100397315797, 2106.28, "combined_combinatorial"], [7924.51391383563, 2196.71, "combined_combinatorial"], [7948.523536864099, 2286.21, "combined_combinatorial"], [8048.081750365395, 2456.28, "combined_combinatorial"], [8048.328641, 2543.17, "combined_combinatorial"], [8054.410103280921, 2632.38, "combined_combinatorial"], [8085.889537023897, 2724.42, "combined_combinatorial"], [8092.5355874597135, 2815.59, "combined_combinatorial"], [8092.708587459713, 2997.79, "combined_combinatorial"], [8093.055402701595, 3523.46, "combined_combinatorial"]], "upper_bounds": [[13238.067635341038, 461.24]]}}