{"input parameters": ["5", "0", "700", "X", "700_700", "no_Lagrangian"], "instance": {"facilities": 700, "customers": 700}, "times": {"total_time in s": 3627.6, "initialisation_time in s": 1605.33, "node_selection_time in s": 0.03, "implied_demands_time in s": 1372.43, "bounds_time in s": 34.83, "variable_selection in s": 438.35, "greedy_heuristics_time in s": 167.43, "other_time in s": 9.2}, "nodes": {"total": 18, "pruned": 0, "infeasible": 0, "finished": 0}, "solution": {"LB": 10726.314, "UB": 18453.8264, "gap in %": 41.87, "incumbent": [32, 37, 44, 52, 59, 68, 69, 72, 80, 82, 86, 215, 247, 249, 283, 291, 305, 322, 330, 342, 344, 347, 348, 350, 351, 357, 363, 368, 402, 419, 437, 451, 455, 456, 457, 465, 475, 486, 489, 497, 502, 508, 513, 517, 536, 537, 542, 543, 548, 551, 562, 569, 600, 603, 605, 608, 611, 618, 622, 632, 637, 658, 663, 667, 692], "memory in MB": 1041.61}, "bounds": {"lower_bounds": [[10707.264, 1605.33], [10707.350691497868, 1859.38, "combined_combinatorial"], [10707.669691497867, 2497.43, "combined_combinatorial"], [10707.699691497868, 2749.93, "combined_combinatorial"], [10707.934691497869, 2874.96, "combined_combinatorial"], [10707.939799466158, 2999.03, "combined_combinatorial"], [10714.259373209052, 3122.26, "combined_combinatorial"], [10726.314, 3250.7, "combined_combinatorial"]], "upper_bounds": [[19502.49631744553, 1605.33]]}}