{
    "input parameters": [
        "5",
        "0",
        "500",
        "X",
        "500_500",
        "no_preprocessing"
    ],
    "instance": {
        "facilities": 500,
        "customers": 500
    },
    "times": {
        "total_time in s": 3424.04,
        "model_building_time in s": 77.71,
        "model_solving_time in s": 3346.32
    },
    "nodes": {
        "total": 1.0
    },
    "solution": {
        "LB": 8776.213,
        "UB": 14063.0795,
        "gap in %": 0.38,
        "incumbent": [
            14,
            20,
            21,
            27,
            34,
            39,
            67,
            68,
            78,
            98,
            107,
            110,
            121,
            158,
            167,
            214,
            215,
            221,
            226,
            236,
            238,
            247,
            269,
            280,
            292,
            307,
            315,
            317,
            322,
            326,
            328,
            338,
            340,
            342,
            348,
            350,
            358,
            361,
            366,
            377,
            380,
            387,
            394,
            395,
            405,
            423,
            450,
            468
        ],
        "memory in MB": 9875.57
    },
    "bounds": {
        "lower_bounds": [
            [
                0.0,
                374.420786857605
            ],
            [
                8776.212959700704,
                2502.323758840561
            ]
        ],
        "upper_bounds": [
            [
                81704.19661575953,
                394.1259059906006
            ],
            [
                15276.33737741062,
                2503.576499938965
            ],
            [
                14063.079529662142,
                2544.3305048942566
            ]
        ]
    }
}