{"input parameters": ["5", "0", "1000", "X", "1000_1000", "no_Lagrangian"], "instance": {"facilities": 1000, "customers": 1000}, "times": {"total_time in s": 86670.2, "initialisation_time in s": 7499.72, "node_selection_time in s": 1.12, "implied_demands_time in s": 50431.95, "bounds_time in s": 1082.61, "variable_selection in s": 20003.04, "greedy_heuristics_time in s": 7341.68, "other_time in s": 310.08}, "nodes": {"total": 202, "pruned": 0, "infeasible": 0, "finished": 0}, "solution": {"LB": 17746.3659, "UB": 29979.7924, "gap in %": 40.81, "incumbent": [3, 13, 24, 27, 37, 40, 54, 63, 67, 72, 78, 87, 100, 115, 119, 146, 149, 163, 165, 179, 193, 194, 203, 207, 217, 228, 232, 238, 243, 248, 271, 284, 294, 300, 310, 319, 354, 356, 364, 368, 402, 403, 412, 429, 440, 446, 452, 500, 502, 505, 555, 563, 565, 574, 596, 607, 612, 632, 633, 659, 667, 676, 677, 689, 709, 715, 716, 718, 724, 728, 732, 744, 769, 775, 787, 807, 813, 815, 826, 835, 843, 858, 869, 878, 894, 905, 909, 926, 933, 948, 950, 956, 982, 993, 995], "memory in MB": 13706.18}, "bounds": {"lower_bounds": [[16759.748, 7499.72], [16802.118, 8215.64, "combined_combinatorial"], [16876.327, 8574.43, "combined_combinatorial"], [16878.781443302425, 8935.65, "combined_combinatorial"], [16953.946443302426, 9295.23, "combined_combinatorial"], [16998.241669302428, 9652.64, "combined_combinatorial"], [17086.352, 10010.69, "combined_combinatorial"], [17116.10458120438, 10376.38, "combined_combinatorial"], [17116.227618621673, 10741.18, "combined_combinatorial"], [17227.436867696102, 11101.2, "combined_combinatorial"], [17233.295, 11456.47, "combined_combinatorial"], [17262.05169146085, 11818.32, "combined_combinatorial"], [17295.00932120836, 12177.92, "combined_combinatorial"], [17320.021765493715, 12541.66, "combined_combinatorial"], [17320.50363056278, 12900.38, "combined_combinatorial"], [17322.168654197936, 13259.29, "combined_combinatorial"], [17354.13735021011, 13628.49, "combined_combinatorial"], [17354.155900029156, 14366.36, "combined_combinatorial"], [17358.951900029155, 14740.03, "combined_combinatorial"], [17370.186900029155, 15107.49, "combined_combinatorial"], [17376.969114635656, 15469.1, "combined_combinatorial"], [17376.972738309556, 15829.49, "combined_combinatorial"], [17376.989229546016, 16192.37, "combined_combinatorial"], [17378.856945869054, 16565.16, "combined_combinatorial"], [17381.528229546017, 16928.31, "combined_combinatorial"], [17381.789262200502, 17305.38, "combined_combinatorial"], [17386.324229546015, 17669.41, "combined_combinatorial"], [17387.588229546014, 18035.6, "combined_combinatorial"], [17387.601572030388, 18759.47, "combined_combinatorial"], [17413.78587668071, 19114.13, "combined_combinatorial"], [17415.602262200504, 19499.97, "combined_combinatorial"], [17417.499812019552, 20259.65, "combined_combinatorial"], [17418.234812019553, 20638.64, "combined_combinatorial"], [17473.525655873647, 21025.03, "combined_combinatorial"], [17502.623654197938, 21395.62, "combined_combinatorial"], [17502.640145434398, 21765.75, "combined_combinatorial"], [17503.079210980868, 22143.57, "combined_combinatorial"], [17515.395216885485, 22524.7, "combined_combinatorial"], [17532.012145434397, 22898.77, "combined_combinatorial"], [17533.474449152778, 24404.2, "combined_combinatorial"], [17543.37918890446, 24791.58, "combined_combinatorial"], [17544.99755968299, 25182.4, "combined_combinatorial"], [17547.343764390313, 25574.1, "combined_combinatorial"], [17550.144764390312, 25965.78, "combined_combinatorial"], [17550.336314209362, 26357.52, "combined_combinatorial"], [17555.13231420936, 26746.66, "combined_combinatorial"], [17555.15031420936, 27135.06, "combined_combinatorial"], [17588.774093663847, 27515.16, "combined_combinatorial"], [17588.79043614822, 27897.6, "combined_combinatorial"], [17588.79943614822, 28278.34, "combined_combinatorial"], [17591.364945869052, 29049.85, "combined_combinatorial"], [17592.4341454344, 29529.03, "combined_combinatorial"], [17597.099083870686, 29908.04, "combined_combinatorial"], [17597.115580410653, 30286.19, "combined_combinatorial"], [17597.211580410654, 30662.02, "combined_combinatorial"], [17602.78706523912, 31037.55, "combined_combinatorial"], [17602.856414632166, 31412.27, "combined_combinatorial"], [17608.419803115903, 31503.38, "combined_combinatorial"], [17610.355615846805, 32291.5, "combined_combinatorial"], [17611.626812019553, 33482.04, "combined_combinatorial"], [17612.14311944061, 33857.94, "combined_combinatorial"], [17615.078239520706, 34633.58, "combined_combinatorial"], [17616.939119440613, 35013.55, "combined_combinatorial"], [17617.118406306774, 35412.28, "combined_combinatorial"], [17618.20311944061, 36274.93, "combined_combinatorial"], [17618.623020120707, 36674.92, "combined_combinatorial"], [17618.63951135717, 37077.19, "combined_combinatorial"], [17619.874239520705, 37878.61, "combined_combinatorial"], [17621.21018941851, 38266.81, "combined_combinatorial"], [17623.362135031068, 39059.41, "combined_combinatorial"], [17624.911291521144, 39457.26, "combined_combinatorial"], [17626.175291521147, 39854.31, "combined_combinatorial"], [17628.072419265798, 40237.4, "combined_combinatorial"], [17628.0820314882, 40619.25, "combined_combinatorial"], [17628.158135031066, 41019.87, "combined_combinatorial"], [17628.60676414699, 41427.61, "combined_combinatorial"], [17628.67276414699, 42238.67, "combined_combinatorial"], [17631.55599115084, 43446.09, "combined_combinatorial"], [17632.88918703151, 45025.97, "combined_combinatorial"], [17634.15318703151, 45430.28, "combined_combinatorial"], [17639.963202077222, 45840.05, "combined_combinatorial"], [17639.966825751122, 46655.49, "combined_combinatorial"], [17641.114216885486, 47067.82, "combined_combinatorial"], [17641.571669069224, 47459.64, "combined_combinatorial"], [17641.590291810822, 47852.3, "combined_combinatorial"], [17643.868012190746, 48260.11, "combined_combinatorial"], [17644.357216885488, 48671.28, "combined_combinatorial"], [17644.685825751123, 49899.93, "combined_combinatorial"], [17648.447291521145, 50307.86, "combined_combinatorial"], [17648.46363400552, 50711.83, "combined_combinatorial"], [17649.153216885486, 51120.97, "combined_combinatorial"], [17649.48182575112, 51532.98, "combined_combinatorial"], [17649.540005271185, 51935.49, "combined_combinatorial"], [17649.553611399806, 52331.23, "combined_combinatorial"], [17650.74582575112, 52742.34, "combined_combinatorial"], [17651.863126966306, 53138.56, "combined_combinatorial"], [17653.898268885925, 53548.23, "combined_combinatorial"], [17654.058616287984, 54365.27, "combined_combinatorial"], [17656.425187031506, 54774.98, "combined_combinatorial"], [17656.44152951588, 55181.5, "combined_combinatorial"], [17656.53299661927, 55579.31, "combined_combinatorial"], [17660.290472628465, 55994.59, "combined_combinatorial"], [17660.29409630236, 56407.7, "combined_combinatorial"], [17660.310587538825, 56821.5, "combined_combinatorial"], [17661.32899661927, 57218.68, "combined_combinatorial"], [17661.33199661927, 57614.81, "combined_combinatorial"], [17661.61390078155, 58025.43, "combined_combinatorial"], [17664.987587538824, 58437.73, "combined_combinatorial"], [17667.211831774755, 58836.55, "combined_combinatorial"], [17667.79971426251, 59238.29, "combined_combinatorial"], [17669.783587538823, 59648.7, "combined_combinatorial"], [17670.44600955223, 60060.76, "combined_combinatorial"], [17671.047587538822, 61290.32, "combined_combinatorial"], [17671.759296444456, 61688.25, "combined_combinatorial"], [17673.01782575112, 62101.22, "combined_combinatorial"], [17673.02329644446, 62501.13, "combined_combinatorial"], [17673.034168235496, 62912.81, "combined_combinatorial"], [17673.047774364113, 63318.2, "combined_combinatorial"], [17673.97857621011, 63742.8, "combined_combinatorial"], [17678.550639612175, 64151.47, "combined_combinatorial"], [17681.490639612177, 64558.62, "combined_combinatorial"], [17681.497098843836, 64962.61, 