{
    "input parameters": [
        "5",
        "0",
        "300",
        "X",
        "300_300",
        "preprocessing"
    ],
    "instance": {
        "facilities": 300,
        "customers": 300
    },
    "times": {
        "total_time in s": 3600.01,
        "model_building_time in s": 47.07,
        "model_solving_time in s": 3552.94
    },
    "nodes": {
        "total": 2428.0
    },
    "solution": {
        "LB": 6661.6032,
        "UB": 7649.1909,
        "gap in %": 0.13,
        "incumbent": [
            1,
            5,
            7,
            23,
            30,
            49,
            93,
            95,
            128,
            161,
            168,
            169,
            171,
            182,
            194,
            198,
            199,
            201,
            204,
            235,
            242,
            271,
            299
        ],
        "memory in MB": 1166.25
    },
    "bounds": {
        "lower_bounds": [
            [
                0.0,
                7.7803568840026855
            ],
            [
                5949.6493099818435,
                22.09966492652893
            ],
            [
                6006.092596006568,
                43.46003699302673
            ],
            [
                6010.4741528200675,
                44.28291702270508
            ],
            [
                6032.857027268561,
                87.06075501441956
            ],
            [
                6039.945515175886,
                89.65140891075134
            ],
            [
                6040.736667810721,
                90.2567150592804
            ],
            [
                6040.756031273481,
                90.42527198791504
            ],
            [
                6068.459162350872,
                96.444580078125
            ],
            [
                6070.913188673287,
                98.98070907592773
            ],
            [
                6071.3839269732725,
                99.67032885551453
            ],
            [
                6071.741734368118,
                99.99103307723999
            ],
            [
                6071.788345585322,
                100.10150098800659
            ],
            [
                6071.797837527076,
                100.27583003044128
            ],
            [
                6092.753355046047,
                105.72696089744568
            ],
            [
                6095.77793694505,
                107.52821707725525
            ],
            [
                6096.5021037729175,
                108.05485606193542
            ],
            [
                6096.686530688122,
                108.27187705039978
            ],
            [
                6096.710932947324,
                108.42717099189758
            ],
            [
                6096.711168849424,
                108.50977492332458
            ],
            [
                6111.50573077439,
                112.5796549320221
            ],
            [
                6114.907195919814,
                114.32879686355591
            ],
            [
                6115.8337466935045,
                115.07564997673035
            ],
            [
                6116.039925788044,
                115.35985708236694
            ],
            [
                6116.164069351286,
                115.56469202041626
            ],
            [
                6116.218097892496,
                115.74371290206909
            ],
            [
                6116.234361895624,
                115.84423494338989
            ],
            [
                6122.237886910306,
                118.13753390312195
            ],
            [
                6123.946501524503,
                120.07356691360474
            ],
            [
                6124.235665420581,
                120.47481298446655
            ],
            [
                6124.295083276172,
                120.61609196662903
            ],
            [
                6124.37992171625,
                120.86505603790283
            ],
            [
                6124.417222267145,
                121.20759797096252
            ],
            [
                6124.432179682818,
                121.33523201942444
            ],
            [
                6127.0513945421435,
                123.27018785476685
            ],
            [
                6127.71227872706,
                124.52047491073608
            ],
            [
                6127.962626524694,
                124.73839998245239
            ],
            [
                6127.9935021795745,
                124.88031506538391
            ],
            [
                6128.026912882019,
                125.03040289878845
            ],
            [
                6128.0301874313245,
                125.13968896865845
            ],
            [
                6129.160285855998,
                127.0994598865509
            ],
            [
                6129.538551492965,
                128.25900506973267
            ],
            [
                6129.671158428041,
                129.6535038948059
            ],
            [
                6129.678528378829,
                129.77140188217163
            ],
            [
                6130.2854269057825,
                131.10899591445923
            ],
            [
                6130.355631273953,
                132.25537991523743
            ],
            [
                6130.3965051351515,
                132.52287793159485
            ],
            [
                6130.399760177799,
                132.63486790657043
            ],
            [
                6130.456611922824,
                133.55297303199768
            ],
            [
                6130.461198742259,
                134.419086933136
            ],
            [
                6130.606694699214,
                135.41768288612366
            ],
            [
                6130.653228847849,
                135.4638590812683
            ],
            [
                6130.65541323028,
                149.06502294540405
            ],
            [
                6155.189597293695,
                158.67755889892578
            ],
            [
                6161.384839874215,
                161.36770701408386
            ],
            [
                6187.63247613039,
                164.22146606445312
            ],
            [
                6190.324855749033,
                228.04258799552917
            ],
            [
                6263.705560026632,
                257.16942286491394
            ],
            [
                6269.298575998637,
                288.0333158969879
            ],
            [
                6281.541192763637,
                343.51350498199463
            ],
            [
                6299.499773705758,
                368.71745800971985
            ],
            [
                6301.815124940065,
                394.7140018939972
            ],
            [
                6306.370763797706,
                426.6345109939575
            ],
            [
                6350.713592695012,
                447.3325128555298
            ],
            [
                6357.439354312507,
                1303.968595981598
            ],
            [
                6379.855580788479,
                1338.9828259944916
            ],
            [
                6380.423842309452,
                1345.7495648860931
            ],
            [
                6393.970478748382,
                1353.6072270870209
            ],
            [
                6416.491246325822,
                1605.1086180210114
            ],
            [
                6433.866178260882,
                1613.8631699085236
            ],
            [
                6433.9026068722405,
                1697.6278879642487
            ],
            [
