{"input parameters": ["5", "0", "500", "X", "500_500", "no_Lagrangian"], "instance": {"facilities": 500, "customers": 500}, "times": {"total_time in s": 3663.26, "initialisation_time in s": 537.25, "node_selection_time in s": 0.06, "implied_demands_time in s": 2118.53, "bounds_time in s": 73.74, "variable_selection in s": 674.12, "greedy_heuristics_time in s": 241.64, "other_time in s": 17.91}, "nodes": {"total": 49, "pruned": 0, "infeasible": 0, "finished": 0}, "solution": {"LB": 8134.533, "UB": 13051.5316, "gap in %": 37.67, "incumbent": [14, 16, 20, 21, 27, 31, 34, 39, 59, 60, 67, 78, 107, 152, 167, 181, 187, 210, 214, 215, 226, 236, 238, 247, 269, 270, 280, 292, 315, 317, 322, 326, 338, 340, 348, 350, 361, 366, 380, 387, 394, 395, 414, 450, 468, 496], "memory in MB": 1352.89}, "bounds": {"lower_bounds": [[7648.462, 537.25], [7648.651, 751.97, "combined_combinatorial"], [7649.651, 822.4, "combined_combinatorial"], [7649.984, 1032.61, "combined_combinatorial"], [7663.153, 1168.72, "combined_combinatorial"], [7703.16, 1292.12, "combined_combinatorial"], [7726.109, 1351.08, "combined_combinatorial"], [7829.132, 1406.08, "combined_combinatorial"], [7864.3630091527, 1473.76, "combined_combinatorial"], [7886.153397315797, 1736.1, "combined_combinatorial"], [7894.100397315797, 1798.68, "combined_combinatorial"], [7924.51391383563, 1867.43, "combined_combinatorial"], [7948.523536864099, 1935.6, "combined_combinatorial"], [8048.081750365395, 2064.75, "combined_combinatorial"], [8048.328641, 2130.2, "combined_combinatorial"], [8054.410103280921, 2198.05, "combined_combinatorial"], [8085.889537023897, 2268.23, "combined_combinatorial"], [8092.5355874597135, 2338.12, "combined_combinatorial"], [8092.708587459713, 2477.28, "combined_combinatorial"], [8093.055402701595, 2876.48, "combined_combinatorial"], [8102.60335018064, 2943.46, "combined_combinatorial"], [8109.991567487907, 3007.04, "combined_combinatorial"], [8118.956587459714, 3075.14, "combined_combinatorial"], [8120.386605237229, 3404.6, "combined_combinatorial"], [8121.488990660848, 3464.2, "combined_combinatorial"], [8130.38963610659, 3540.07, "combined_combinatorial"], [8134.532990660848, 3598.2, "combined_combinatorial"]], "upper_bounds": [[13238.067635341038, 537.25]]}}