{"input parameters": ["5", "0", "1000", "X", "1000_1000", "Lagrangian"], "instance": {"facilities": 1000, "customers": 1000}, "times": {"total_time in s": 87067.63, "initialisation_time in s": 7446.83, "node_selection_time in s": 0.8, "implied_demands_time in s": 37123.52, "bounds_time in s": 23512.57, "variable_selection in s": 13648.65, "greedy_heuristics_time in s": 5122.18, "other_time in s": 213.08}, "nodes": {"total": 142, "pruned": 0, "infeasible": 0, "finished": 0}, "solution": {"LB": 17671.7593, "UB": 28690.8471, "gap in %": 38.41, "incumbent": [3, 13, 20, 24, 47, 57, 63, 67, 75, 87, 100, 115, 119, 127, 146, 149, 162, 163, 165, 179, 193, 194, 203, 207, 217, 228, 243, 248, 264, 271, 284, 287, 310, 350, 354, 356, 364, 372, 402, 412, 429, 440, 452, 467, 500, 503, 519, 563, 565, 568, 574, 607, 612, 624, 632, 633, 667, 670, 676, 677, 689, 707, 715, 716, 718, 720, 724, 726, 765, 769, 773, 775, 780, 787, 788, 807, 813, 835, 843, 848, 869, 875, 878, 889, 894, 918, 926, 927, 933, 947, 948, 963, 992, 993], "memory in MB": 9820.03}, "bounds": {"lower_bounds": [[16759.748, 7446.83], [16802.118, 8478.53, "combined_combinatorial"], [16876.327, 8985.82, "combined_combinatorial"], [16878.781443302425, 9499.37, "combined_combinatorial"], [16953.946443302426, 10007.61, "combined_combinatorial"], [16998.241669302428, 10520.18, "combined_combinatorial"], [17086.352, 11033.74, "combined_combinatorial"], [17116.10458120438, 11551.0, "combined_combinatorial"], [17116.227618621673, 12070.22, "combined_combinatorial"], [17227.436867696102, 12578.97, "combined_combinatorial"], [17233.295, 13087.52, "combined_combinatorial"], [17262.05169146085, 13602.64, "combined_combinatorial"], [17295.00932120836, 14118.17, "combined_combinatorial"], [17320.021765493715, 14642.17, "combined_combinatorial"], [17320.50363056278, 15153.94, "combined_combinatorial"], [17322.168654197936, 15666.91, "combined_combinatorial"], [17354.13735021011, 16193.2, "combined_combinatorial"], [17354.155900029156, 17245.9, "combined_combinatorial"], [17358.951900029155, 17774.14, "combined_combinatorial"], [17370.186900029155, 18297.36, "combined_combinatorial"], [17376.969114635656, 18810.11, "combined_combinatorial"], [17376.972738309556, 19330.37, "combined_combinatorial"], [17376.989229546016, 19851.68, "combined_combinatorial"], [17378.856945869054, 20381.72, "combined_combinatorial"], [17381.528229546017, 20904.63, "combined_combinatorial"], [17381.789262200502, 21451.56, "combined_combinatorial"], [17386.324229546015, 21974.46, "combined_combinatorial"], [17387.588229546014, 22492.49, "combined_combinatorial"], [17387.601572030388, 23531.25, "combined_combinatorial"], [17413.78587668071, 24040.99, "combined_combinatorial"], [17415.602262200504, 24583.65, "combined_combinatorial"], [17417.499812019552, 25672.06, "combined_combinatorial"], [17418.234812019553, 26213.48, "combined_combinatorial"], [17473.525655873647, 26760.56, "combined_combinatorial"], [17502.623654197938, 27291.49, "combined_combinatorial"], [17502.640145434398, 27821.41, "combined_combinatorial"], [17503.079210980868, 28362.49, "combined_combinatorial"], [17515.395216885485, 28906.5, "combined_combinatorial"], [17532.012145434397, 29442.32, "combined_combinatorial"], [17533.474449152778, 31590.46, "combined_combinatorial"], [17543.37918890446, 32142.99, "combined_combinatorial"], [17544.99755968299, 32696.45, "combined_combinatorial"], [17547.343764390313, 33253.97, "combined_combinatorial"], [17550.144764390312, 33808.3, "combined_combinatorial"], [17550.336314209362, 34361.7, "combined_combinatorial"], [17555.13231420936, 34912.89, "combined_combinatorial"], [17555.15031420936, 35461.26, "combined_combinatorial"], [17588.774093663847, 36001.17, "combined_combinatorial"], [17588.79043614822, 36543.33, "combined_combinatorial"], [17588.79943614822, 37083.55, "combined_combinatorial"], [17591.364945869052, 38181.91, "combined_combinatorial"], [17592.4341454344, 38895.65, "combined_combinatorial"], [17597.099083870686, 39431.77, "combined_combinatorial"], [17597.115580410653, 39963.73, "combined_combinatorial"], [17597.211580410654, 40497.08, "combined_combinatorial"], [17602.78706523912, 41029.24, "combined_combinatorial"], [17602.856414632166, 41559.11, "combined_combinatorial"], [17608.419803115903, 41728.13, "combined_combinatorial"], [17610.355615846805, 42837.42, "combined_combinatorial"], [17611.626812019553, 44518.91, "combined_combinatorial"], [17612.14311944061, 45054.4, "combined_combinatorial"], [17615.078239520706, 46145.46, "combined_combinatorial"], [17616.939119440613, 46681.23, "combined_combinatorial"], [17617.118406306774, 47243.93, "combined_combinatorial"], [17618.20311944061, 48503.25, "combined_combinatorial"], [17618.623020120707, 49074.08, "combined_combinatorial"], [17618.63951135717, 49638.39, "combined_combinatorial"], [17619.874239520705, 50767.05, "combined_combinatorial"], [17621.21018941851, 51317.44, "combined_combinatorial"], [17623.362135031068, 52432.31, "combined_combinatorial"], [17624.911291521144, 52989.38, "combined_combinatorial"], [17626.175291521147, 53546.53, "combined_combinatorial"], [17628.072419265798, 54089.48, "combined_combinatorial"], [17628.0820314882, 54629.5, "combined_combinatorial"], [17628.158135031066, 55192.28, "combined_combinatorial"], [17628.60676414699, 55763.47, "combined_combinatorial"], [17628.67276414699, 56906.52, "combined_combinatorial"], [17631.55599115084, 58596.47, "combined_combinatorial"], [17632.88918703151, 60823.29, "combined_combinatorial"], [17634.15318703151, 61389.02, "combined_combinatorial"], [17639.963202077222, 61956.16, "combined_combinatorial"], [17639.966825751122, 63099.47, "combined_combinatorial"], [17641.114216885486, 63674.52, "combined_combinatorial"], [17641.571669069224, 64226.44, "combined_combinatorial"], [17641.590291810822, 64777.54, "combined_combinatorial"], [17643.868012190746, 65349.54, "combined_combinatorial"], [17644.357216885488, 65926.59, "combined_combinatorial"], [17644.685825751123, 67647.69, "combined_combinatorial"], [17648.447291521145, 68217.22, "combined_combinatorial"], [17648.46363400552, 68783.46, "combined_combinatorial"], [17649.153216885486, 69354.41, "combined_combinatorial"], [17649.48182575112, 69930.47, "combined_combinatorial"], [17649.540005271185, 70495.98, "combined_combinatorial"], [17649.553611399806, 71049.59, "combined_combinatorial"], [17650.74582575112, 71620.49, "combined_combinatorial"], [17651.863126966306, 72178.47, "combined_combinatorial"], [17653.898268885925, 72752.72, "combined_combinatorial"], [17654.058616287984, 73888.13, "combined_combinatorial"], [17656.425187031506, 74459.15, "combined_combinatorial"], [17656.44152951588, 75030.25, "combined_combinatorial"], [17656.53299661927, 75587.7, "combined_combinatorial"], [17660.290472628465, 76165.77, "combined_combinatorial"], [17660.29409630236, 76739.76, "combined_combinatorial"], [17660.310587538825, 77320.84, "combined_combinatorial"], [17661.32899661927, 77877.2, "combined_combinatorial"], [17661.33199661927, 78431.34, "combined_combinatorial"], [17661.61390078155, 78999.69, "combined_combinatorial"], [17664.987587538824, 79576.96, "combined_combinatorial"], [17667.211831774755, 80133.37, "combined_combinatorial"], [17667.79971426251, 80888.73, "combined_combinatorial"], [17669.783587538823, 81806.17, "combined_combinatorial"], [17670.44600955223, 82680.7, "combined_combinatorial"], [17671.047587538822, 85355.25, "combined_combinatorial"], [17671.759296444456, 86195.81, "combined_combinatorial"]], "upper_bounds": [[28690.847067034178, 7446.83]]}}