{"input parameters": ["5", "0", "300", "X", "300_300", "no_Lagrangian"], "instance": {"facilities": 300, "customers": 300}, "times": {"total_time in s": 3602.53, "initialisation_time in s": 52.13, "node_selection_time in s": 0.2, "implied_demands_time in s": 1896.68, "bounds_time in s": 165.57, "variable_selection in s": 1061.21, "greedy_heuristics_time in s": 386.05, "other_time in s": 40.69}, "nodes": {"total": 366, "pruned": 0, "infeasible": 0, "finished": 0}, "solution": {"LB": 5896.7455, "UB": 7948.8629, "gap in %": 25.82, "incumbent": [1, 7, 23, 49, 91, 93, 95, 128, 151, 168, 169, 171, 172, 182, 191, 194, 198, 199, 201, 212, 235, 242, 267, 271], "memory in MB": 1960.73}, "bounds": {"lower_bounds": [[5594.176, 52.13], [5598.153, 75.96, "combined_combinatorial"], [5598.351, 99.09, "combined_combinatorial"], [5601.91, 110.22, "combined_combinatorial"], [5603.184, 121.25, "combined_combinatorial"], [5604.925, 132.25, "combined_combinatorial"], [5614.581, 153.49, "combined_combinatorial"], [5678.227, 163.24, "combined_combinatorial"], [5688.895162266635, 174.11, "combined_combinatorial"], [5739.72958528417, 196.86, "combined_combinatorial"], [5740.95658528417, 220.23, "combined_combinatorial"], [5741.913152114171, 230.69, "combined_combinatorial"], [5743.26209498157, 251.65, "combined_combinatorial"], [5748.44209498157, 272.22, "combined_combinatorial"], [5748.65209498157, 282.4, "combined_combinatorial"], [5750.940547608725, 292.64, "combined_combinatorial"], [5755.514475677934, 323.31, "combined_combinatorial"], [5756.87358528417, 334.92, "combined_combinatorial"], [5756.96158528417, 346.48, "combined_combinatorial"], [5756.963332829351, 357.99, "combined_combinatorial"], [5758.712332829351, 369.44, "combined_combinatorial"], [5770.464861442377, 401.73, "combined_combinatorial"], [5772.794774186193, 412.61, "combined_combinatorial"], [5772.907774186193, 423.27, "combined_combinatorial"], [5774.381774186192, 465.42, "combined_combinatorial"], [5776.494291972304, 497.92, "combined_combinatorial"], [5786.467861442377, 507.61, "combined_combinatorial"], [5787.017244498414, 518.76, "combined_combinatorial"], [5787.111244498414, 540.94, "combined_combinatorial"], [5787.112992043595, 552.0, "combined_combinatorial"], [5787.278801741047, 562.35, "combined_combinatorial"], [5788.1199931465035, 565.17, "combined_combinatorial"], [5788.8779920435945, 575.88, "combined_combinatorial"], [5791.404152751471, 608.99, "combined_combinatorial"], [5792.13924515029, 619.81, "combined_combinatorial"], [5792.152433480165, 630.52, "combined_combinatorial"], [5796.215467433481, 662.04, "combined_combinatorial"], [5797.474049482288, 672.36, "combined_combinatorial"], [5798.090049482288, 682.65, "combined_combinatorial"], [5798.838516228485, 712.93, "combined_combinatorial"], [5799.275516228485, 723.18, "combined_combinatorial"], [5801.504516228486, 743.27, "combined_combinatorial"], [5802.257332829351, 754.41, "combined_combinatorial"], [5802.532332829351, 798.63, "combined_combinatorial"], [5802.730433400436, 820.08, "combined_combinatorial"], [5802.847433400436, 830.14, "combined_combinatorial"], [5803.004993146504, 870.58, "combined_combinatorial"], [5804.293433400436, 880.52, "combined_combinatorial"], [5804.557366782666, 911.25, "combined_combinatorial"], [5806.635948831473, 932.09, "combined_combinatorial"], [5806.937594108313, 942.26, "combined_combinatorial"], [5808.431993146503, 952.34, "combined_combinatorial"], [5808.671686507132, 983.15, "combined_combinatorial"], [5808.684874837008, 993.16, "combined_combinatorial"], [5810.906149367623, 1022.75, "combined_combinatorial"], [5812.558149367623, 1032.58, "combined_combinatorial"], [5813.145774186192, 1043.0, "combined_combinatorial"], [5813.276774186193, 1053.32, "combined_combinatorial"], [5814.348908790322, 1093.38, "combined_combinatorial"], [5814.823149367623, 1103.06, "combined_combinatorial"], [5815.016149367623, 1112.61, "combined_combinatorial"], [5815.301808139507, 1141.21, "combined_combinatorial"], [5815.607490839129, 1150.85, "combined_combinatorial"], [5816.193490839129, 1160.51, "combined_combinatorial"], [5816.9479575853275, 1188.68, "combined_combinatorial"], [5817.027957585327, 1198.14, "combined_combinatorial"], [5817.069285761183, 1218.1, "combined_combinatorial"], [5817.216390188314, 1227.76, "combined_combinatorial"], [5817.380390188314, 1237.45, "combined_combinatorial"], [5818.783003165454, 1248.08, "combined_combinatorial"], [5818.809003165454, 1258.47, "combined_combinatorial"], [5819.152390188314, 1267.95, "combined_combinatorial"], [5819.936957585327, 1277.08, "combined_combinatorial"], [5821.6188119657145, 1287.6, "combined_combinatorial"], [5822.249904364534, 1298.03, "combined_combinatorial"], [5822.26309269441, 1308.22, "combined_combinatorial"], [5823.342568776937, 1338.69, "combined_combinatorial"], [5823.772848734724, 1348.76, "combined_combinatorial"], [5825.8120798986965, 1358.92, "combined_combinatorial"], [5826.285126647724, 1368.81, "combined_combinatorial"], [5826.367516228485, 1378.45, "combined_combinatorial"], [5827.543708696531, 1388.27, "combined_combinatorial"], [5828.219708696532, 1398.15, "combined_combinatorial"], [5828.92117544273, 1427.77, "combined_combinatorial"], [5829.35817544273, 1437.5, "combined_combinatorial"], [5829.8697271180245, 1457.06, "combined_combinatorial"], [5831.620175442729, 1466.56, "combined_combinatorial"], [5831.647590724464, 1475.88, "combined_combinatorial"], [5831.7047271180245, 1485.71, "combined_combinatorial"], [5831.718444522296, 1495.25, "combined_combinatorial"], [5831.744444522296, 1514.46, "combined_combinatorial"], [5832.965992043595, 1525.2, "combined_combinatorial"], [5833.242992043595, 1578.06, "combined_combinatorial"], [5833.620010133778, 1587.31, "combined_combinatorial"], [5833.855290091565, 1596.53, "combined_combinatorial"], [5834.148590724464, 1605.52, "combined_combinatorial"], [5835.268025996909, 1651.56, "combined_combinatorial"], [5835.727732370472, 1671.75, "combined_combinatorial"], [5835.894521255538, 1680.93, "combined_combinatorial"], [5835.946521255538, 1708.03, "combined_combinatorial"], [5836.851253322557, 1717.79, "combined_combinatorial"], [5837.475608045716, 1727.47, "combined_combinatorial"], [5838.481732370472, 1737.54, "combined_combinatorial"], [5838.611345721375, 1757.34, "combined_combinatorial"], [5838.624534051251, 1766.73, "combined_combinatorial"], [5838.924608045716, 1794.81, "combined_combinatorial"], [5839.398072682854, 1813.98, "combined_combinatorial"], [5839.954079898696, 1823.77, "combined_combinatorial"], [5840.791079898697, 1832.99, "combined_combinatorial"], [5843.266433400436, 1842.77, "combined_combinatorial"], [5843.392433400436, 1852.49, "combined_combinatorial"], [5844.126957585328, 1890.2, "combined_combinatorial"], [5844.2745680045655, 1899.32, "combined_combinatorial"], [5845.41746735375, 1908.57, "combined_combinatorial"], [5845.533150053372, 1917.73, "combined_combinatorial"], [5846.119150053373, 1926.81, "combined_combinatorial"], [5846.887616799571, 1953.66, "combined_combinatorial"], [5846.967616799571, 1962.4, "combined_combinatorial"], [5847.3320494025575, 1971.46, "combined_combinatorial"], [5847.360892119434, 1980.26, "combined_combinatorial"], [5847.496049402558, 1998.07, "combined_combinatorial"], [5847.549944975427, 2007.97, "combined_combinatorial"], [5849.283662379698, 2017.84, "combined_combinatorial"], [5849.308049402558, 2026.69, "combined_combinatorial"], [5850.355800311331, 2035.4, "combined_combinatorial"], [5853.2188003113315, 2061.08, "combined_combinatorial"], [5854.072227991181, 2070.59, "combined_combinatorial"], [5854.502507948967, 2080.08, "combined_combinatorial"], [5855.2840726828545, 2089.52, "combined_combinatorial"], [5855.5212760535305, 2099.89, "combined_combinatorial"], [5855.549562109367, 2110.28, "combined_combinatorial"], [5856.54173911294, 2149.96, "combined_combinatorial"], [5857.56517544273, 2159.12, "combined_combinatorial"], 