{"input parameters": ["5", "0", "300", "X", "300_300", "Lagrangian"], "instance": {"facilities": 300, "customers": 300}, "times": {"total_time in s": 3608.55, "initialisation_time in s": 54.72, "node_selection_time in s": 0.14, "implied_demands_time in s": 1074.41, "bounds_time in s": 1653.89, "variable_selection in s": 580.57, "greedy_heuristics_time in s": 220.97, "other_time in s": 23.85}, "nodes": {"total": 197, "pruned": 0, "infeasible": 0, "finished": 0}, "solution": {"LB": 5849.2837, "UB": 7948.8629, "gap in %": 26.41, "incumbent": [1, 7, 23, 49, 91, 93, 95, 128, 151, 168, 169, 171, 172, 182, 191, 194, 198, 199, 201, 212, 235, 242, 267, 271], "memory in MB": 1154.92}, "bounds": {"lower_bounds": [[5594.176, 54.72], [5598.153, 96.9, "combined_combinatorial"], [5598.351, 137.71, "combined_combinatorial"], [5601.91, 157.57, "combined_combinatorial"], [5603.184, 177.11, "combined_combinatorial"], [5604.925, 195.92, "combined_combinatorial"], [5614.581, 233.32, "combined_combinatorial"], [5678.227, 250.69, "combined_combinatorial"], [5688.895162266635, 270.46, "combined_combinatorial"], [5739.72958528417, 310.98, "combined_combinatorial"], [5740.95658528417, 352.9, "combined_combinatorial"], [5741.913152114171, 371.91, "combined_combinatorial"], [5743.26209498157, 409.78, "combined_combinatorial"], [5748.44209498157, 447.3, "combined_combinatorial"], [5748.65209498157, 465.91, "combined_combinatorial"], [5750.940547608725, 484.66, "combined_combinatorial"], [5755.514475677934, 540.52, "combined_combinatorial"], [5756.87358528417, 561.41, "combined_combinatorial"], [5756.96158528417, 582.17, "combined_combinatorial"], [5756.963332829351, 602.51, "combined_combinatorial"], [5758.712332829351, 622.71, "combined_combinatorial"], [5770.464861442377, 680.51, "combined_combinatorial"], [5772.794774186193, 700.09, "combined_combinatorial"], [5772.907774186193, 719.13, "combined_combinatorial"], [5774.381774186192, 794.81, "combined_combinatorial"], [5776.494291972304, 852.57, "combined_combinatorial"], [5786.467861442377, 870.07, "combined_combinatorial"], [5787.017244498414, 890.13, "combined_combinatorial"], [5787.111244498414, 930.12, "combined_combinatorial"], [5787.112992043595, 949.63, "combined_combinatorial"], [5787.278801741047, 968.24, "combined_combinatorial"], [5788.1199931465035, 975.13, "combined_combinatorial"], [5788.8779920435945, 994.59, "combined_combinatorial"], [5791.404152751471, 1052.79, "combined_combinatorial"], [5792.13924515029, 1072.17, "combined_combinatorial"], [5792.152433480165, 1091.36, "combined_combinatorial"], [5796.215467433481, 1148.15, "combined_combinatorial"], [5797.474049482288, 1166.69, "combined_combinatorial"], [5798.090049482288, 1185.08, "combined_combinatorial"], [5798.838516228485, 1239.78, "combined_combinatorial"], [5799.275516228485, 1257.79, "combined_combinatorial"], [5801.504516228486, 1293.38, "combined_combinatorial"], [5802.257332829351, 1313.32, "combined_combinatorial"], [5802.532332829351, 1392.04, "combined_combinatorial"], [5802.730433400436, 1430.38, "combined_combinatorial"], [5802.847433400436, 1448.62, "combined_combinatorial"], [5803.004993146504, 1521.6, "combined_combinatorial"], [5804.293433400436, 1539.82, "combined_combinatorial"], [5804.557366782666, 1594.93, "combined_combinatorial"], [5806.635948831473, 1632.01, "combined_combinatorial"], [5806.937594108313, 1650.51, "combined_combinatorial"], [5808.431993146503, 1668.52, "combined_combinatorial"], [5808.671686507132, 1722.95, "combined_combinatorial"], [5808.684874837008, 1740.89, "combined_combinatorial"], [5810.906149367623, 1794.25, "combined_combinatorial"], [5812.558149367623, 1811.65, "combined_combinatorial"], [5813.145774186192, 1830.41, "combined_combinatorial"], [5813.276774186193, 1849.05, "combined_combinatorial"], [5814.348908790322, 1921.28, "combined_combinatorial"], [5814.823149367623, 1938.54, "combined_combinatorial"], [5815.016149367623, 1955.75, "combined_combinatorial"], [5815.301808139507, 2007.46, "combined_combinatorial"], [5815.607490839129, 2024.86, "combined_combinatorial"], [5816.193490839129, 2042.15, "combined_combinatorial"], [5816.9479575853275, 2093.69, "combined_combinatorial"], [5817.027957585327, 2110.67, "combined_combinatorial"], [5817.069285761183, 2146.14, "combined_combinatorial"], [5817.216390188314, 2163.54, "combined_combinatorial"], [5817.380390188314, 2180.79, "combined_combinatorial"], [5818.783003165454, 2199.45, "combined_combinatorial"], [5818.809003165454, 2217.85, "combined_combinatorial"], [5819.152390188314, 2234.82, "combined_combinatorial"], [5819.936957585327, 2251.5, "combined_combinatorial"], [5821.6188119657145, 2270.39, "combined_combinatorial"], [5822.249904364534, 2289.14, "combined_combinatorial"], [5822.26309269441, 2307.59, "combined_combinatorial"], [5823.342568776937, 2362.21, "combined_combinatorial"], [5823.772848734724, 2380.1, "combined_combinatorial"], [5825.8120798986965, 2397.9, "combined_combinatorial"], [5826.285126647724, 2415.79, "combined_combinatorial"], [5826.367516228485, 2432.98, "combined_combinatorial"], [5827.543708696531, 2450.9, "combined_combinatorial"], [5828.219708696532, 2468.6, "combined_combinatorial"], [5828.92117544273, 2521.4, "combined_combinatorial"], [5829.35817544273, 2538.83, "combined_combinatorial"], [5829.8697271180245, 2573.68, "combined_combinatorial"], [5831.620175442729, 2590.76, "combined_combinatorial"], [5831.647590724464, 2607.39, "combined_combinatorial"], [5831.7047271180245, 2624.99, "combined_combinatorial"], [5831.718444522296, 2642.37, "combined_combinatorial"], [5831.744444522296, 2677.08, "combined_combinatorial"], [5832.965992043595, 2696.35, "combined_combinatorial"], [5833.242992043595, 2791.22, "combined_combinatorial"], [5833.620010133778, 2808.23, "combined_combinatorial"], [5833.855290091565, 2825.1, "combined_combinatorial"], [5834.148590724464, 2841.61, "combined_combinatorial"], [5835.268025996909, 2925.0, "combined_combinatorial"], [5835.727732370472, 2961.5, "combined_combinatorial"], [5835.894521255538, 2978.33, "combined_combinatorial"], [5835.946521255538, 3028.11, "combined_combinatorial"], [5836.851253322557, 3045.77, "combined_combinatorial"], [5837.475608045716, 3063.41, "combined_combinatorial"], [5838.481732370472, 3081.84, "combined_combinatorial"], [5838.611345721375, 3117.52, "combined_combinatorial"], [5838.624534051251, 3134.88, "combined_combinatorial"], [5838.924608045716, 3186.69, "combined_combinatorial"], [5839.398072682854, 3221.16, "combined_combinatorial"], [5839.954079898696, 3238.58, "combined_combinatorial"], [5840.791079898697, 3255.43, "combined_combinatorial"], [5843.266433400436, 3273.39, "combined_combinatorial"], [5843.392433400436, 3291.21, "combined_combinatorial"], [5844.126957585328, 3359.72, "combined_combinatorial"], [5844.2745680045655, 3376.47, "combined_combinatorial"], [5845.41746735375, 3393.52, "combined_combinatorial"], [5845.533150053372, 3410.15, "combined_combinatorial"], [5846.119150053373, 3426.69, "combined_combinatorial"], [5846.887616799571, 3476.06, "combined_combinatorial"], [5846.967616799571, 3492.2, "combined_combinatorial"], [5847.3320494025575, 3508.89, "combined_combinatorial"], [5847.360892119434, 3524.95, "combined_combinatorial"], [5847.496049402558, 3557.38, "combined_combinatorial"], [5847.549944975427, 3575.35, "combined_combinatorial"], [5849.283662379698, 3593.36, "combined_combinatorial"]], "upper_bounds": [[8494.296766314463, 54.72]]}}