{
    "input parameters": [
        "5",
        "1",
        "300",
        "X",
        "300_300",
        "preprocessing"
    ],
    "instance": {
        "facilities": 300,
        "customers": 300
    },
    "times": {
        "total_time in s": 3600.05,
        "model_building_time in s": 57.79,
        "model_solving_time in s": 3542.26
    },
    "nodes": {
        "total": 550.0
    },
    "solution": {
        "LB": 6728.8109,
        "UB": 8485.51,
        "gap in %": 0.21,
        "incumbent": [
            1,
            5,
            30,
            49,
            74,
            91,
            93,
            95,
            97,
            98,
            122,
            151,
            160,
            171,
            172,
            194,
            199,
            200,
            201,
            238,
            242,
            266,
            267,
            271,
            287,
            299
        ],
        "memory in MB": 2704.05
    },
    "bounds": {
        "lower_bounds": [
            [
                0.0,
                65.26026821136475
            ],
            [
                6603.457021732495,
                252.66817712783813
            ],
            [
                6609.5238128091005,
                273.85565519332886
            ],
            [
                6609.547896500213,
                283.11414909362793
            ],
            [
                6610.755212676201,
                289.2895290851593
            ],
            [
                6610.75702246943,
                298.24990916252136
            ],
            [
                6612.195686458733,
                303.5647871494293
            ],
            [
                6612.200830427543,
                304.18060517311096
            ],
            [
                6612.299044846172,
                305.80927300453186
            ],
            [
                6612.447147113624,
                307.10417103767395
            ],
            [
                6612.450971071036,
                307.56249713897705
            ],
            [
                6613.7087407255,
                317.53889513015747
            ],
            [
                6613.723750135839,
                321.82759499549866
            ],
            [
                6614.123971291311,
                324.18660616874695
            ],
            [
                6614.128777529859,
                324.7669401168823
            ],
            [
                6614.404332411195,
                335.1825211048126
            ],
            [
                6614.429690743386,
                343.3667449951172
            ],
            [
                6614.476415121763,
                344.2268431186676
            ],
            [
                6614.477907849901,
                346.28785610198975
            ],
            [
                6614.634954320992,
                347.81087017059326
            ],
            [
                6614.637982553726,
                348.48569798469543
            ],
            [
                6615.186808533265,
                355.42423701286316
            ],
            [
                6615.193672293327,
                356.02307319641113
            ],
            [
                6615.197111354236,
                356.5300760269165
            ],
            [
                6615.49548211375,
                360.50537109375
            ],
            [
                6615.499763194147,
                362.75370502471924
            ],
            [
                6615.895519814974,
                365.72588300704956
            ],
            [
                6615.903773339944,
                366.3980281352997
            ],
            [
                6616.113926753141,
                371.63797402381897
            ],
            [
                6616.117570803198,
                372.2907621860504
            ],
            [
                6616.1360097005845,
                372.9209680557251
            ],
            [
                6616.586927261833,
                376.89626908302307
            ],
            [
                6616.59081766841,
                377.7720901966095
            ],
            [
                6616.868985259386,
                379.82422518730164
            ],
            [
                6616.869621872832,
                380.07947421073914
            ],
            [
                6617.3758016311085,
                387.00106501579285
            ],
            [
                6617.376650207076,
                387.75834107398987
            ],
            [
                6617.382848546611,
                388.22219705581665
            ],
            [
                6617.405951456405,
                389.14711117744446
            ],
            [
                6617.799755308913,
                394.1448631286621
            ],
            [
                6617.806078240284,
                394.9685170650482
            ],
            [
                6617.834533790997,
                395.56928300857544
            ],
            [
                6618.239593062259,
                400.9048640727997
            ],
            [
                6618.245359661574,
                401.6145222187042
            ],
            [
                6618.272753515936,
                402.4268970489502
            ],
            [
                6618.698240881469,
                406.9256901741028
            ],
            [
                6618.699670138034,
                408.0849771499634
            ],
            [
                6618.70166249999,
                408.40847516059875
            ],
            [
                6618.701682543495,
                408.55694913864136
            ],
            [
                6619.392508726933,
                414.5505452156067
            ],
            [
                6619.393208637416,
                415.34257411956787
            ],
            [
                6619.395376718799,
                415.73182010650635
            ],
            [
                6619.668525425894,
                418.5644211769104
            ],
            [
                6619.671401288188,
                419.5751440525055
            ],
            [
                6619.678272102138,
                420.01861810684204
            ],
            [
                6619.678331140918,
                420.1835050582886
            ],
            [
                6619.89747092406,
                422.7729170322418
            ],
            [
                6619.906161962536,
                423.51567006111145
            ],
            [
                6619.914875864772,
                423.9206750392914
            ],
            [
                6620.224449675882,
                426.9378430843353
            ],
            [
                6620.228128004123,
                428.0201930999756
            ],
            [
                6620.641879377923,
                431.4604380130768
            ],
            [
                6620.648903028402,
                432.20978307724
            ],
            [
                6620.65651195418,
                432.8378059864044
            ],
            [
                6620.972172262841,
                435.87094020843506
            ],
            [
                6620.986941555778,
                436.9922339916229
            ],
            [
                6620.99794845691,
                437.6116271018982
            ],
            [
                6621.133001980829,
                440.10638999938965
            ],
            [
                6621.136927901349,
                440.81225204467773
            ],
            [
                6621.150366084804,
                441.1862151622772
            ],
            [
                6621.151038287369,
                443.3697872161865
