{
    "input parameters": [
        "5",
        "1",
        "300",
        "X",
        "300_300",
        "no_preprocessing"
    ],
    "instance": {
        "facilities": 300,
        "customers": 300
    },
    "times": {
        "total_time in s": 3600.17,
        "model_building_time in s": 18.24,
        "model_solving_time in s": 3581.93
    },
    "nodes": {
        "total": 19.0
    },
    "solution": {
        "LB": 6686.8649,
        "UB": 8441.7752,
        "gap in %": 0.21,
        "incumbent": [
            1,
            7,
            10,
            23,
            24,
            30,
            49,
            74,
            91,
            93,
            95,
            97,
            119,
            128,
            151,
            172,
            174,
            175,
            199,
            200,
            229,
            231,
            242,
            266,
            267,
            272,
            283,
            299
        ],
        "memory in MB": 3836.96
    },
    "bounds": {
        "lower_bounds": [
            [
                0.0,
                116.95712804794312
            ],
            [
                6600.621811600526,
                572.3070969581604
            ],
            [
                6608.636995397936,
                1047.2729580402374
            ],
            [
                6608.74867644461,
                1076.816123008728
            ],
            [
                6608.776853091695,
                1079.9819481372833
            ],
            [
                6610.473613636677,
                1252.6067390441895
            ],
            [
                6610.560192637623,
                1257.9158091545105
            ],
            [
                6613.221392945515,
                1366.2597570419312
            ],
            [
                6613.222002128645,
                1400.8172991275787
            ],
            [
                6615.037271763629,
                1468.3273739814758
            ],
            [
                6615.050297509163,
                1481.783010005951
            ],
            [
                6615.75728663355,
                1549.0866961479187
            ],
            [
                6615.793287864857,
                1656.527312040329
            ],
            [
                6616.750273211901,
                1702.735466003418
            ],
            [
                6616.7763025611,
                1710.0794739723206
            ],
            [
                6617.61649824898,
                1807.3608119487762
            ],
            [
                6617.730057547504,
                1811.4062700271606
            ],
            [
                6617.737622879731,
                1813.1659941673279
            ],
            [
                6618.184383325148,
                1853.2772960662842
            ],
            [
                6618.18958623455,
                1858.9174499511719
            ],
            [
                6618.663194248433,
                1885.1623220443726
            ],
            [
                6618.665309304548,
                1888.4657380580902
            ],
            [
                6618.668424425706,
                1889.9872250556946
            ],
            [
                6618.885098154417,
                1911.1365270614624
            ],
            [
                6618.892157215384,
                1921.0749411582947
            ],
            [
                6618.8929213411675,
                1921.987632036209
            ],
            [
                6619.565688157169,
                1942.2444851398468
            ],
            [
                6619.611432311793,
                1945.1991729736328
            ],
            [
                6619.611591891901,
                1946.3486790657043
            ],
            [
                6619.860462198963,
                1966.2903661727905
            ],
            [
                6620.237231365137,
                2008.136325120926
            ],
            [
                6620.367569849874,
                2013.7871670722961
            ],
            [
                6620.369262105665,
                2015.3979320526123
            ],
            [
                6620.785417156499,
                2046.0376780033112
            ],
            [
                6620.787748985992,
                2050.134684085846
            ],
            [
                6620.789822891917,
                2051.31489109993
            ],
            [
                6621.14723782659,
                2075.3447620868683
            ],
            [
                6621.161287727676,
                2078.367100954056
            ],
            [
                6621.163103758669,
                2080.12114405632
            ],
            [
                6621.463279626006,
                2097.994378089905
            ],
            [
                6621.464287128166,
                2113.922711133957
            ],
            [
                6621.78017105047,
                2281.7053639888763
            ],
            [
                6621.781028411011,
                2299.829272031784
            ],
            [
                6621.783020755603,
                2412.495133161545
            ],
            [
                6621.819513440314,
                2416.3185160160065
            ],
            [
                6621.8205456128335,
                2417.5472910404205
            ],
            [
                6621.952510688834,
                2459.8804671764374
            ],
            [
                6621.954133966058,
                2465.6965460777283
            ],
            [
                6622.127792650501,
                2486.67502117157
            ],
            [
                6622.136403701211,
                2489.127673149109
            ],
            [
                6622.137027005489,
                2490.2934651374817
            ],
            [
                6622.198941754835,
                2506.2833440303802
            ],
            [
                6622.198974463152,
                2522.4189960956573
            ],
            [
                6622.482578356137,
                2536.0026659965515
            ],
            [
                6622.486420615713,
                2538.3698620796204
            ],
            [
                6622.506454095855,
                2558.143301963806
            ],
            [
                6622.608210871671,
                2587.3049941062927
            ],
            [
                6622.617673277759,
                2607.9452769756317
            ],
            [
                6629.13776279214,
                2730.5582649707794
            ],
            [
                6635.574307242685,
                2902.2688591480255
            ],
            [
                6635.580231514871,
                3093.1202490329742
            ],
            [
                6647.37940726997,
                3124.0952730178833
            ],
            [
                6647.40737395026,
                3182.9944939613342
            ],
            [
                6686.86494846252,
                3191.1670689582825
            ]
        ],