{"input parameters": ["5", "1", "1000", "X", "1000_1000", "no_Lagrangian"], "instance": {"facilities": 1000, "customers": 1000}, "times": {"total_time in s": 86588.91, "initialisation_time in s": 8452.86, "node_selection_time in s": 0.09, "implied_demands_time in s": 71326.34, "bounds_time in s": 619.41, "variable_selection in s": 4774.21, "greedy_heuristics_time in s": 1393.32, "other_time in s": 22.67}, "nodes": {"total": 18, "pruned": 0, "infeasible": 0, "finished": 0}, "solution": {"LB": 16879.7798, "UB": 30675.483, "gap in %": 44.97, "incumbent": [3, 13, 20, 37, 54, 57, 63, 67, 72, 75, 78, 79, 87, 98, 110, 115, 119, 124, 128, 146, 149, 155, 162, 194, 203, 207, 243, 247, 260, 266, 284, 287, 296, 310, 328, 368, 395, 412, 429, 440, 452, 491, 500, 502, 503, 505, 519, 522, 544, 555, 565, 568, 574, 598, 605, 607, 612, 628, 632, 633, 659, 667, 677, 707, 718, 720, 724, 726, 773, 780, 784, 787, 807, 810, 811, 815, 824, 843, 869, 885, 909, 926, 933, 947, 948, 956, 963, 982, 993, 994], "memory in MB": 1524.11}, "bounds": {"lower_bounds": [[16728.313, 8452.86], [16768.443, 41885.89, "combined_combinatorial"], [16870.834412, 58569.72, "combined_combinatorial"], [16879.779838000002, 83290.12, "combined_combinatorial"]], "upper_bounds": [[30763.16973699999, 8452.86]]}}