{"input parameters": ["5", "1", "300", "X", "300_300", "no_Lagrangian"], "instance": {"facilities": 300, "customers": 300}, "times": {"total_time in s": 3610.74, "initialisation_time in s": 58.49, "node_selection_time in s": 0.07, "implied_demands_time in s": 2628.79, "bounds_time in s": 150.11, "variable_selection in s": 592.53, "greedy_heuristics_time in s": 169.17, "other_time in s": 11.58}, "nodes": {"total": 110, "pruned": 0, "infeasible": 0, "finished": 0}, "solution": {"LB": 5803.6954, "UB": 8910.4933, "gap in %": 34.87, "incumbent": [1, 5, 7, 10, 18, 30, 49, 73, 74, 91, 93, 95, 97, 128, 160, 172, 198, 200, 212, 222, 229, 235, 238, 271, 272, 283, 299], "memory in MB": 606.83}, "bounds": {"lower_bounds": [[5658.707, 58.49], [5659.297, 206.75, "combined_combinatorial"], [5660.334, 399.36, "combined_combinatorial"], [5660.346, 493.91, "combined_combinatorial"], [5660.724, 723.17, "combined_combinatorial"], [5666.517, 768.11, "combined_combinatorial"], [5675.351, 900.25, "combined_combinatorial"], [5702.074, 1072.96, "combined_combinatorial"], [5702.331, 1115.22, "combined_combinatorial"], [5703.304, 1239.39, "combined_combinatorial"], [5727.903, 1440.26, "combined_combinatorial"], [5732.411, 1708.03, "combined_combinatorial"], [5732.78, 1995.72, "combined_combinatorial"], [5734.243, 2029.96, "combined_combinatorial"], [5767.950717, 2127.31, "combined_combinatorial"], [5768.410717, 2155.82, "combined_combinatorial"], [5768.636716999999, 2405.3, "combined_combinatorial"], [5768.963435000001, 2433.35, "combined_combinatorial"], [5769.411435, 2460.88, "combined_combinatorial"], [5774.426435, 2570.63, "combined_combinatorial"], [5779.688717, 2597.72, "combined_combinatorial"], [5784.592017999999, 2676.96, "combined_combinatorial"], [5787.724717, 2703.11, "combined_combinatorial"], [5792.487435, 2730.18, "combined_combinatorial"], [5798.75373, 3016.49, "combined_combinatorial"], [5801.988435, 3160.73, "combined_combinatorial"], [5802.336435, 3210.6, "combined_combinatorial"], [5802.380435, 3284.47, "combined_combinatorial"], [5802.512435000001, 3332.88, "combined_combinatorial"], [5803.521435000001, 3357.07, "combined_combinatorial"], [5803.594435, 3380.95, "combined_combinatorial"], [5803.634435, 3404.68, "combined_combinatorial"], [5803.6954350000005, 3521.13, "combined_combinatorial"]], "upper_bounds": [[10558.951791000001, 58.49]]}}