{
    "input parameters": [
        "5",
        "1",
        "500",
        "X",
        "500_500",
        "preprocessing"
    ],
    "instance": {
        "facilities": 500,
        "customers": 500
    },
    "times": {
        "total_time in s": 3606.73,
        "model_building_time in s": 520.21,
        "model_solving_time in s": 3086.52
    },
    "nodes": {
        "total": 1.0
    },
    "solution": {
        "LB": 9587.6158,
        "UB": 14493.5092,
        "gap in %": 0.34,
        "incumbent": [
            13,
            14,
            21,
            31,
            35,
            39,
            42,
            51,
            59,
            60,
            67,
            68,
            75,
            82,
            107,
            109,
            118,
            121,
            144,
            167,
            181,
            182,
            210,
            226,
            236,
            247,
            248,
            269,
            292,
            307,
            315,
            317,
            322,
            325,
            326,
            340,
            342,
            348,
            355,
            361,
            365,
            366,
            369,
            377,
            387,
            390,
            394,
            395,
            405,
            443,
            450,
            468,
            499
        ],
        "memory in MB": 8437.77
    },
    "bounds": {
        "lower_bounds": [
            [
                0.0,
                245.40265703201294
            ],
            [
                9581.495713793127,
                978.2941241264343
            ],
            [
                9587.576534789903,
                1862.7560501098633
            ],
            [
                9587.615778881764,
                2889.6221849918365
            ]
        ],
        "upper_bounds": [
            [
                98192.72170600001,
                255.04098105430603
            ],
            [
                15938.736685,
                979.0817890167236
            ],
            [
                14493.509214999998,
                1112.8964159488678
            ]
        ]
    }
}