{"input parameters": ["6", "0", "300", "X", "300_300", "Lagrangian"], "instance": {"facilities": 300, "customers": 300}, "times": {"total_time in s": 3611.79, "initialisation_time in s": 55.49, "node_selection_time in s": 0.18, "implied_demands_time in s": 1088.68, "bounds_time in s": 1643.37, "variable_selection in s": 604.56, "greedy_heuristics_time in s": 189.13, "other_time in s": 30.37}, "nodes": {"total": 248, "pruned": 0, "infeasible": 0, "finished": 0}, "solution": {"LB": 5818.3685, "UB": 8656.821, "gap in %": 32.79, "incumbent": [0, 6, 8, 30, 34, 37, 48, 53, 55, 78, 81, 88, 119, 139, 148, 153, 162, 175, 197, 201, 202, 212, 232, 276, 282, 284, 295], "memory in MB": 1453.39}, "bounds": {"lower_bounds": [[5580.088, 55.49], [5580.555, 98.72, "combined_combinatorial"], [5597.56, 119.93, "combined_combinatorial"], [5597.938, 222.29, "combined_combinatorial"], [5602.056, 320.85, "combined_combinatorial"], [5611.176, 339.65, "combined_combinatorial"], [5611.258, 357.49, "combined_combinatorial"], [5637.975, 375.11, "combined_combinatorial"], [5641.068319152551, 392.34, "combined_combinatorial"], [5641.503319152551, 409.39, "combined_combinatorial"], [5641.504368040004, 426.17, "combined_combinatorial"], [5642.253368040004, 442.81, "combined_combinatorial"], [5645.0783680400045, 508.62, "combined_combinatorial"], [5645.48791048142, 601.49, "combined_combinatorial"], [5646.00791048142, 616.34, "combined_combinatorial"], [5655.632350077236, 630.92, "combined_combinatorial"], [5661.754963624394, 649.1, "combined_combinatorial"], [5664.50703596962, 666.75, "combined_combinatorial"], [5672.475035969621, 683.61, "combined_combinatorial"], [5673.154115778291, 698.34, "combined_combinatorial"], [5680.966035969621, 714.91, "combined_combinatorial"], [5682.095976287825, 729.35, "combined_combinatorial"], [5683.461976287825, 757.66, "combined_combinatorial"], [5688.22909857479, 774.15, "combined_combinatorial"], [5688.89309857479, 806.17, "combined_combinatorial"], [5692.670631040004, 822.52, "combined_combinatorial"], [5692.680713404583, 854.96, "combined_combinatorial"], [5695.559723625059, 870.86, "combined_combinatorial"], [5695.714058214955, 886.56, "combined_combinatorial"], [5696.0150582149545, 917.32, "combined_combinatorial"], [5699.258976287824, 930.62, "combined_combinatorial"], [5700.198183701897, 945.75, "combined_combinatorial"], [5700.263183701896, 990.66, "combined_combinatorial"], [5706.146976287824, 1003.66, "combined_combinatorial"], [5710.3804442765595, 1018.6, "combined_combinatorial"], [5711.236115245014, 1033.57, "combined_combinatorial"], [5714.350183701897, 1047.49, "combined_combinatorial"], [5715.91880150945, 1062.42, "combined_combinatorial"], [5715.919500681016, 1077.07, "combined_combinatorial"], [5717.285500681016, 1105.83, "combined_combinatorial"], [5717.530976287824, 1118.88, "combined_combinatorial"], [5719.645976287825, 1143.82, "combined_combinatorial"], [5720.898183701896, 1157.4, "combined_combinatorial"], [5721.607670103165, 1171.92, "combined_combinatorial"], [5722.36673860992, 1331.67, "combined_combinatorial"], [5722.40773860992, 1372.33, "combined_combinatorial"], [5723.662010957527, 1385.59, "combined_combinatorial"], [5723.908345504629, 1400.56, "combined_combinatorial"], [5723.908364184648, 1415.29, "combined_combinatorial"], [5723.912010957527, 1428.52, "combined_combinatorial"], [5723.920572131263, 1442.93, "combined_combinatorial"], [5723.925657665448, 1469.72, "combined_combinatorial"], [5723.963732547538, 1482.97, "combined_combinatorial"], [5725.867969316815, 1509.26, "combined_combinatorial"], [5725.915969316815, 1535.02, "combined_combinatorial"], [5727.281969316815, 1623.03, "combined_combinatorial"], [5727.535403487313, 1636.43, "combined_combinatorial"], [5727.543914802748, 1649.6, "combined_combinatorial"], [5732.0825006810155, 1663.14, "combined_combinatorial"], [5732.634183701896, 1676.86, "combined_combinatorial"], [5733.021183701896, 1702.88, "combined_combinatorial"], [5738.885500681016, 1716.26, "combined_combinatorial"], [5739.779472111695, 1733.06, "combined_combinatorial"], [5740.039791264247, 1749.94, "combined_combinatorial"], [5742.753969316815, 1761.63, "combined_combinatorial"], [5744.284594763271, 1777.03, "combined_combinatorial"], [5744.6992726756835, 1792.08, "combined_combinatorial"], [5745.908911543632, 1837.06, "combined_combinatorial"], [5745.992323420937, 1851.72, "combined_combinatorial"], [5746.4814927658335, 1867.58, "combined_combinatorial"], [5747.380475792442, 1883.68, "combined_combinatorial"], [5749.367969316815, 2031.56, "combined_combinatorial"], [5750.275500681016, 2044.94, "combined_combinatorial"], [5750.775500681016, 2071.57, "combined_combinatorial"], [5751.181, 2085.58, "combined_combinatorial"], [5752.618914802748, 2098.66, "combined_combinatorial"], [5753.303500681016, 2111.69, "combined_combinatorial"], [5755.2303003168145, 2124.65, "combined_combinatorial"], [5755.572500681016, 2137.41, "combined_combinatorial"], [5755.9664160578695, 2150.14, "combined_combinatorial"], [5756.01441605787, 2163.04, "combined_combinatorial"], [5756.701500681016, 2187.61, "combined_combinatorial"], [5757.38041605787, 2230.31, "combined_combinatorial"], [5761.002969316814, 2241.72, "combined_combinatorial"], [5763.2439771114605, 2266.02, "combined_combinatorial"], [5767.295987524234, 2280.47, "combined_combinatorial"], [5768.165056030989, 2308.72, "combined_combinatorial"], [5768.475056030989, 2349.49, "combined_combinatorial"], [5768.574387920469, 2364.85, "combined_combinatorial"], [5770.303328378595, 2378.24, "combined_combinatorial"], [5770.694328378595, 2391.5, "combined_combinatorial"], [5770.718640029963, 2404.72, "combined_combinatorial"], [5770.732286737884, 2431.12, "combined_combinatorial"], [5770.805286737885, 2443.96, "combined_combinatorial"], [5772.171286737885, 2456.46, "combined_combinatorial"], [5772.593375447602, 2471.08, "combined_combinatorial"], [5772.62552539009, 2485.39, "combined_combinatorial"], [5773.016187649382, 2499.56, "combined_combinatorial"], [5773.17041605787, 2510.99, "combined_combinatorial"], [5774.723976287824, 2521.97, "combined_combinatorial"], [5777.302183701896, 2533.42, "combined_combinatorial"], [5778.428187649382, 2547.08, "combined_combinatorial"], [5781.16741605787, 2558.34, "combined_combinatorial"], [5781.195009152096, 2573.11, "combined_combinatorial"], [5782.532083601706, 2587.56, "combined_combinatorial"], [5785.867803808161, 2601.99, "combined_combinatorial"], [5786.846840151699, 2664.35, "combined_combinatorial"], [5787.021255130249, 2677.1, "combined_combinatorial"], [5787.138255130249, 2689.65, "combined_combinatorial"], [5787.671442075186, 2701.86, "combined_combinatorial"], [5787.703005509029, 2714.04, "combined_combinatorial"], [5787.907715424941, 2739.37, "combined_combinatorial"], [5788.086286737885, 2790.03, "combined_combinatorial"], [5788.531005509029, 2802.04, "combined_combinatorial"], [5789.082005509028, 2837.39, "combined_combinatorial"], [5792.54551340741, 2852.56, "combined_combinatorial"], [5792.799045190028, 2866.67, "combined_combinatorial"], [5794.259708323662, 2910.71, "combined_combinatorial"], [5794.558324661581, 2922.0, "combined_combinatorial"], [5794.93341605787, 2933.02, "combined_combinatorial"], [5795.602118930518, 2947.92, "combined_combinatorial"], [5795.650118930518, 2977.38, "combined_combinatorial"], [5796.433286737884, 2988.88, "combined_combinatorial"], [5797.016118930518, 3003.12, "combined_combinatorial"], [5798.004879610632, 3017.86, "combined_combinatorial"], [5798.052879610633, 3032.66, "combined_combinatorial"], [5798.060051668708, 3047.1, "combined_combinatorial"], [5798.86541605787, 3057.8, "combined_combinatorial"], [5799.8780516687075, 3071.87, "combined_combinatorial"], [5800.09241605787, 3082.16, "combined_combinatorial"], [5800.191706419836, 3087.91, "combined_combinatorial"], [5800.329206957526, 3101.26, "combined_combinatorial"], [5800.47332466158, 3112.41, 