{
    "input parameters": [
        "6",
        "0",
        "700",
        "X",
        "700_700",
        "preprocessing"
    ],
    "instance": {
        "facilities": 700,
        "customers": 700
    },
    "times": {
        "total_time in s": 3600.07,
        "model_building_time in s": 2065.66,
        "model_solving_time in s": 1534.41
    },
    "nodes": {
        "total": 1.0
    },
    "solution": {
        "LB": 13492.4843,
        "UB": 19032.2049,
        "gap in %": 0.29,
        "incumbent": [
            17,
            22,
            25,
            35,
            40,
            63,
            66,
            75,
            118,
            127,
            132,
            137,
            152,
            155,
            165,
            177,
            189,
            193,
            205,
            209,
            214,
            215,
            242,
            249,
            276,
            283,
            290,
            294,
            328,
            330,
            354,
            369,
            371,
            383,
            400,
            403,
            415,
            418,
            420,
            461,
            491,
            510,
            521,
            545,
            546,
            547,
            563,
            565,
            580,
            589,
            602,
            609,
            624,
            673,
            687,
            690,
            692,
            698
        ],
        "memory in MB": 3012.55
    },
    "bounds": {
        "lower_bounds": [
            [
                0.0,
                46.984166860580444
            ],
            [
                13182.441419028642,
                337.0466978549957
            ],
            [
                13199.092244847781,
                555.3210978507996
            ],
            [
                13258.862923533437,
                944.9334108829498
            ],
            [
                13263.318592566606,
                962.9357259273529
            ],
            [
                13263.586220653839,
                965.3112349510193
            ],
            [
                13263.701356032547,
                966.0376667976379
            ],
            [
                13263.702327119418,
                966.6284058094025
            ],
            [
                13354.154657719206,
                1053.047120809555
            ],
            [
                13361.505221719402,
                1092.021330833435
            ],
            [
                13362.67818953139,
                1094.9032979011536
            ],
            [
                13362.8822544063,
                1096.3145008087158
            ],
            [
                13363.00494413723,
                1098.493055820465
            ],
            [
                13363.06379229607,
                1099.3325719833374
            ],
            [
                13363.065318109677,
                1099.8553137779236
            ],
            [
                13415.000238135652,
                1157.6184167861938
            ],
            [
                13420.064150434242,
                1171.5365438461304
            ],
            [
                13421.596501843991,
                1176.2426269054413
            ],
            [
                13421.877138007847,
                1178.2771039009094
            ],
            [
                13421.899261414856,
                1179.2147188186646
            ],
            [
                13445.503305420463,
                1210.972137928009
            ],
            [
                13449.692459280903,
                1221.4401578903198
            ],
            [
                13450.933348821362,
                1230.2687067985535
            ],
            [
                13451.164525030177,
                1231.488226890564
            ],
            [
                13451.174546404658,
                1232.1648089885712
            ],
            [
                13472.970622985507,
                1254.2045857906342
            ],
            [
                13475.376775320832,
                1268.9797298908234
            ],
            [
                13475.800145772722,
                1271.3583059310913
            ],
            [
                13475.971393582684,
                1272.8880729675293
            ],
            [
                13475.999918796508,
                1273.826729774475
            ],
            [
                13480.14029597884,
                1287.2917897701263
            ],
            [
                13481.857643064497,
                1295.4197127819061
            ],
            [
                13482.453380812074,
                1299.0821599960327
            ],
            [
                13482.487164831338,
                1299.9219119548798
            ],
            [
                13484.666232098365,
                1309.7686557769775
            ],
            [
                13485.150547426692,
                1321.4496088027954
            ],
            [
                13485.21661824097,
                1322.7955129146576
            ],
            [
                13485.225047978456,
                1323.535362958908
            ],
            [
                13486.22454738175,
                1330.8464498519897
            ],
            [
                13486.385271758854,
                1337.3139038085938
            ],
            [
                13486.475530391854,
                1338.4316380023956
            ],
            [
                13486.48171447122,
                1339.1437258720398
            ],
            [
                13487.423741891698,
                1346.7793018817902
            ],
            [
                13487.477653017588,
                1356.7848818302155
            ],
            [
                13487.478273722263,
                1357.364010810852
            ],
            [
                13487.84098922319,
                1363.1767637729645
            ],
            [
                13487.944988355122,
                1367.4056658744812
            ],
            [
                13487.987545667955,
                1368.2776908874512
            ],
            [
                13487.99579551094,
                1368.883374929428
            ],
            [
                13488.225940348648,
                1374.746396780014
            ],
            [
                13488.284408003268,
                1385.6507678031921
            ],
            [
                13488.287515540698,
                1386.3503868579865
            ],
            [
                13488.355750235782,
                1391.0632309913635
            ],
            [
                13488.356059396225,
                1394.375233888626
            ],
            [
                13488.360305622187,
                1398.8461389541626
            ],
            [
                13488.392187729447,
                1399.0856759548187
            ],
            [
                13492.484298458763,
                1512.5133349895477
            ]
        ],