{"input parameters": ["6", "0", "1000", "X", "1000_1000", "Lagrangian"], "instance": {"facilities": 1000, "customers": 1000}, "times": {"total_time in s": 86582.23, "initialisation_time in s": 7328.75, "node_selection_time in s": 0.82, "implied_demands_time in s": 36419.35, "bounds_time in s": 23315.86, "variable_selection in s": 13690.31, "greedy_heuristics_time in s": 5602.41, "other_time in s": 224.73}, "nodes": {"total": 156, "pruned": 0, "infeasible": 0, "finished": 0}, "solution": {"LB": 16233.9655, "UB": 27104.2305, "gap in %": 40.11, "incumbent": [6, 11, 12, 17, 25, 36, 41, 45, 48, 65, 71, 72, 78, 96, 101, 123, 132, 134, 156, 188, 231, 305, 318, 331, 334, 353, 365, 375, 381, 400, 401, 412, 433, 455, 462, 469, 491, 499, 500, 504, 507, 514, 522, 523, 526, 529, 531, 535, 542, 572, 576, 621, 624, 625, 626, 635, 636, 646, 648, 667, 678, 689, 699, 709, 714, 720, 722, 728, 738, 750, 774, 777, 786, 787, 811, 852, 855, 859, 867, 878, 894, 898, 904, 929, 949, 956, 977, 990], "memory in MB": 10752.04}, "bounds": {"lower_bounds": [[15973.147, 7328.75], [15979.297261, 8373.2, "combined_combinatorial"], [15979.386261, 9419.17, "combined_combinatorial"], [15979.746260999998, 9941.41, "combined_combinatorial"], [15979.749263489564, 10459.94, "combined_combinatorial"], [15981.222, 10988.0, "combined_combinatorial"], [15981.767263489564, 12037.92, "combined_combinatorial"], [15982.309263489564, 12557.33, "combined_combinatorial"], [16001.416300040197, 13076.32, "combined_combinatorial"], [16001.453876883985, 13597.0, "combined_combinatorial"], [16009.397876883984, 14625.78, "combined_combinatorial"], [16010.317876883984, 15654.04, "combined_combinatorial"], [16021.035, 16184.92, "combined_combinatorial"], [16021.183, 16718.85, "combined_combinatorial"], [16021.703, 18312.37, "combined_combinatorial"], [16028.263176737664, 18832.47, "combined_combinatorial"], [16033.032976996545, 19353.12, "combined_combinatorial"], [16033.197194387556, 19871.64, "combined_combinatorial"], [16033.198249682147, 20383.8, "combined_combinatorial"], [16034.514249682146, 20890.13, "combined_combinatorial"], [16048.686387790684, 21407.49, "combined_combinatorial"], [16048.692460669987, 21914.74, "combined_combinatorial"], [16075.623784119527, 22416.31, "combined_combinatorial"], [16078.609725204073, 22911.12, "combined_combinatorial"], [16083.968791846468, 23427.64, "combined_combinatorial"], [16087.9221926193, 24434.43, "combined_combinatorial"], [16095.594667178419, 24929.9, "combined_combinatorial"], [16095.598115508978, 26411.03, "combined_combinatorial"], [16095.602115508977, 26903.16, "combined_combinatorial"], [16110.381502285376, 27396.65, "combined_combinatorial"], [16118.8041283917, 27903.64, "combined_combinatorial"], [16128.69084495996, 28418.69, "combined_combinatorial"], [16129.093380548538, 28918.98, "combined_combinatorial"], [16130.00351169514, 29424.02, "combined_combinatorial"], [16130.05153859078, 29922.99, "combined_combinatorial"], [16130.06780878166, 30425.82, "combined_combinatorial"], [16130.112879646911, 30928.15, "combined_combinatorial"], [16130.11687479103, 31427.37, "combined_combinatorial"], [16130.125277828733, 31925.85, "combined_combinatorial"], [16130.62192960047, 32941.66, "combined_combinatorial"], [16132.70792960047, 33978.4, "combined_combinatorial"], [16133.159277828734, 34475.13, "combined_combinatorial"], [16133.484645838373, 34974.33, "combined_combinatorial"], [16134.69492960047, 36485.8, "combined_combinatorial"], [16135.236929600469, 37003.32, "combined_combinatorial"], [16142.756502285376, 37502.88, "combined_combinatorial"], [16142.75951811491, 38001.95, "combined_combinatorial"], [16142.76551811491, 38500.66, "combined_combinatorial"], [16144.66351811491, 38989.67, "combined_combinatorial"], [16144.730596195343, 39485.16, "combined_combinatorial"], [16145.004579195342, 39982.2, "combined_combinatorial"], [16145.624579195342, 40471.74, "combined_combinatorial"], [16154.317966151102, 42450.0, "combined_combinatorial"], [16154.355542994892, 42969.17, "combined_combinatorial"], [16159.571430043274, 44001.31, "combined_combinatorial"], [16162.299542994893, 44515.72, "combined_combinatorial"], [16162.51980990614, 45515.61, "combined_combinatorial"], [16162.885399485, 47998.79, "combined_combinatorial"], [16162.966349363516, 50089.08, "combined_combinatorial"], [16163.219542994893, 50604.54, "combined_combinatorial"], [16164.956399485, 51136.45, "combined_combinatorial"], [16165.504399484998, 51668.92, "combined_combinatorial"], [16166.347508263123, 52146.98, "combined_combinatorial"], [16167.290415684183, 52699.32, "combined_combinatorial"], [16167.404415684185, 53792.26, "combined_combinatorial"], [16171.034832832516, 54342.18, "combined_combinatorial"], [16180.653508263124, 54818.11, "combined_combinatorial"], [16180.99751811491, 55313.11, "combined_combinatorial"], [16181.16284284857, 56334.34, "combined_combinatorial"], [16182.759967738713, 56874.08, "combined_combinatorial"], [16184.71543603563, 57948.0, "combined_combinatorial"], [16184.75301287942, 58479.01, "combined_combinatorial"], [16185.932643107453, 59536.2, "combined_combinatorial"], [16186.096860498465, 60059.29, "combined_combinatorial"], [16186.097915793052, 60577.11, "combined_combinatorial"], [16187.413915793053, 61094.63, "combined_combinatorial"], [16187.601263489563, 61647.41, "combined_combinatorial"], [16187.652615290142, 62176.59, "combined_combinatorial"], [16187.697018327846, 62704.31, "combined_combinatorial"], [16188.239814489467, 64272.82, "combined_combinatorial"], [16188.302814489467, 64746.72, "combined_combinatorial"], [16188.547325659974, 65694.38, "combined_combinatorial"], [16188.577633700497, 66163.95, "combined_combinatorial"], [16188.601927331842, 66633.34, "combined_combinatorial"], [16188.746018327845, 67158.02, "combined_combinatorial"], [16190.156263489564, 67697.21, "combined_combinatorial"], [16191.159596195343, 68205.43, "combined_combinatorial"], [16191.664596195342, 68705.4, "combined_combinatorial"], [16191.669596195343, 69201.5, "combined_combinatorial"], [16191.744596195342, 69695.53, "combined_combinatorial"], [16192.468596195342, 70183.27, "combined_combinatorial"], [16192.719012879421, 70715.81, "combined_combinatorial"], [16193.65201287942, 71782.03, "combined_combinatorial"], [16201.583053901591, 72314.32, "combined_combinatorial"], [16201.589126780895, 72846.88, "combined_combinatorial"], [16210.665729688872, 73341.6, "combined_combinatorial"], [16210.895729688873, 74817.85, "combined_combinatorial"], [16210.979367255417, 75300.75, "combined_combinatorial"], [16211.673312733097, 75839.14, "combined_combinatorial"], [16216.46111299198, 76371.33, "combined_combinatorial"], [16216.625330382993, 76893.81, "combined_combinatorial"], [16216.62638567758, 77422.34, "combined_combinatorial"], [16217.942385677581, 77946.15, "combined_combinatorial"], [16222.40750501969, 78504.89, "combined_combinatorial"], [16228.520450230435, 79589.21, "combined_combinatorial"], [16231.41539131498, 80104.54, "combined_combinatorial"], [16231.87955813318, 80660.97, "combined_combinatorial"], [16232.16552378612, 83948.94, "combined_combinatorial"], [16232.171596665423, 84480.02, "combined_combinatorial"], [16233.119868653082, 85023.76, "combined_combinatorial"], [16233.597285681735, 85570.35, "combined_combinatorial"], [16233.96551811491, 86074.61, "combined_combinatorial"]], "upper_bounds": [[27917.555842443806, 7328.75]]}}