{"input parameters": ["6", "0", "500", "X", "500_500", "no_Lagrangian"], "instance": {"facilities": 500, "customers": 500}, "times": {"total_time in s": 3634.34, "initialisation_time in s": 521.49, "node_selection_time in s": 0.07, "implied_demands_time in s": 2050.04, "bounds_time in s": 74.97, "variable_selection in s": 701.24, "greedy_heuristics_time in s": 267.45, "other_time in s": 19.06}, "nodes": {"total": 55, "pruned": 0, "infeasible": 0, "finished": 0}, "solution": {"LB": 8707.3851, "UB": 16141.9734, "gap in %": 46.06, "incumbent": [2, 25, 39, 41, 45, 46, 51, 67, 70, 73, 98, 100, 106, 112, 114, 116, 117, 119, 136, 145, 155, 163, 188, 209, 230, 232, 243, 263, 267, 268, 283, 289, 309, 312, 340, 341, 348, 394, 405, 439, 454, 455, 466, 481, 494], "memory in MB": 1481.55}, "bounds": {"lower_bounds": [[8573.267, 521.49], [8587.741578751462, 709.3, "combined_combinatorial"], [8590.019139123899, 830.25, "combined_combinatorial"], [8590.0661391239, 890.21, "combined_combinatorial"], [8590.186139123898, 1009.94, "combined_combinatorial"], [8596.207139123899, 1187.15, "combined_combinatorial"], [8609.980130810385, 1244.48, "combined_combinatorial"], [8611.942130810385, 1301.55, "combined_combinatorial"], [8613.0861391239, 1359.88, "combined_combinatorial"], [8614.617139123899, 1417.17, "combined_combinatorial"], [8617.5231391239, 1474.3, "combined_combinatorial"], [8617.724, 1538.25, "combined_combinatorial"], [8617.866, 1601.98, "combined_combinatorial"], [8617.873, 1665.73, "combined_combinatorial"], [8618.036, 1729.15, "combined_combinatorial"], [8618.715150831653, 1910.87, "combined_combinatorial"], [8620.99769095904, 1966.25, "combined_combinatorial"], [8621.25499780321, 2021.07, "combined_combinatorial"], [8624.014, 2083.38, "combined_combinatorial"], [8637.850991686486, 2144.22, "combined_combinatorial"], [8639.812991686485, 2204.83, "combined_combinatorial"], [8641.133, 2266.53, "combined_combinatorial"], [8642.817, 2327.42, "combined_combinatorial"], [8645.723, 2387.63, "combined_combinatorial"], [8646.858011707753, 2446.38, "combined_combinatorial"], [8648.923551835142, 2504.89, "combined_combinatorial"], [8649.040130810386, 2561.9, "combined_combinatorial"], [8649.180858679309, 2620.05, "combined_combinatorial"], [8650.770801927603, 2674.86, "combined_combinatorial"], [8651.558349044895, 2729.21, "combined_combinatorial"], [8652.178349044896, 2782.44, "combined_combinatorial"], [8675.527677927677, 2839.13, "combined_combinatorial"], [8676.067081710418, 2893.66, "combined_combinatorial"], [8676.910991686485, 2953.85, "combined_combinatorial"], [8678.449677927678, 3010.15, "combined_combinatorial"], [8679.274662803706, 3068.15, "combined_combinatorial"], [8679.992130810386, 3124.25, "combined_combinatorial"], [8680.192209920997, 3181.91, "combined_combinatorial"], [8680.330957906337, 3238.17, "combined_combinatorial"], [8680.808209920997, 3294.58, "combined_combinatorial"], [8690.579081710417, 3348.43, "combined_combinatorial"], [8704.117538803777, 3408.3, "combined_combinatorial"], [8704.512942586518, 3466.36, "combined_combinatorial"], [8707.079538803777, 3526.71, "combined_combinatorial"], [8707.385084229787, 3583.06, "combined_combinatorial"]], "upper_bounds": [[16141.973360433603, 521.49]]}}