{
    "input parameters": [
        "6",
        "0",
        "300",
        "X",
        "300_300",
        "preprocessing"
    ],
    "instance": {
        "facilities": 300,
        "customers": 300
    },
    "times": {
        "total_time in s": 3600.01,
        "model_building_time in s": 47.11,
        "model_solving_time in s": 3552.9
    },
    "nodes": {
        "total": 1896.0
    },
    "solution": {
        "LB": 6788.0022,
        "UB": 8279.9288,
        "gap in %": 0.18,
        "incumbent": [
            0,
            6,
            34,
            37,
            40,
            60,
            78,
            81,
            88,
            119,
            127,
            139,
            148,
            153,
            162,
            175,
            201,
            232,
            247,
            264,
            276,
            278,
            282,
            284,
            295,
            299
        ],
        "memory in MB": 1045.08
    },
    "bounds": {
        "lower_bounds": [
            [
                0.0,
                7.364161968231201
            ],
            [
                6188.054652214071,
                24.096397876739502
            ],
            [
                6217.221712227177,
                53.47413492202759
            ],
            [
                6296.473639375301,
                89.39494585990906
            ],
            [
                6297.287409826722,
                90.79071187973022
            ],
            [
                6297.304900165084,
                90.92188596725464
            ],
            [
                6297.305111727216,
                91.02139496803284
            ],
            [
                6322.957697060736,
                96.94248986244202
            ],
            [
                6330.391418271402,
                99.63266587257385
            ],
            [
                6331.1484889233425,
                99.95490789413452
            ],
            [
                6331.351702426351,
                100.18154788017273
            ],
            [
                6331.383366279988,
                100.32319593429565
            ],
            [
                6331.390722376607,
                100.42439889907837
            ],
            [
                6346.354909199007,
                104.82868599891663
            ],
            [
                6349.0619581398205,
                106.12090396881104
            ],
            [
                6349.614796478833,
                106.63575792312622
            ],
            [
                6349.691577869458,
                106.83990097045898
            ],
            [
                6349.697536751978,
                106.93771290779114
            ],
            [
                6357.985185644176,
                110.09848499298096
            ],
            [
                6359.481644692039,
                111.30251789093018
            ],
            [
                6359.972518103739,
                111.9127688407898
            ],
            [
                6360.055787213804,
                112.177729845047
            ],
            [
                6360.09957616903,
                112.35401487350464
            ],
            [
                6360.114609145409,
                112.48519396781921
            ],
            [
                6365.064302246847,
                115.19539093971252
            ],
            [
                6366.063487339285,
                116.55303287506104
            ],
            [
                6366.627749391842,
                117.3788640499115
            ],
            [
                6366.772812543437,
                117.66443991661072
            ],
            [
                6366.797953280892,
                117.80626082420349
            ],
            [
                6366.811786859236,
                117.93534398078918
            ],
            [
                6369.167083292649,
                119.89441895484924
            ],
            [
                6369.670195361826,
                121.04838705062866
            ],
            [
                6369.833814036675,
                121.3976399898529
            ],
            [
                6369.854848856378,
                121.54690194129944
            ],
            [
                6370.939514103487,
                123.371346950531
            ],
            [
                6371.58760919252,
                124.5963499546051
            ],
            [
                6371.732657464305,
                124.98677802085876
            ],
            [
                6371.765421103415,
                125.14793491363525
            ],
            [
                6371.776382895682,
                125.26970386505127
            ],
            [
                6372.3594229002665,
                126.38331890106201
            ],
            [
                6372.411248943747,
                128.51976084709167
            ],
            [
                6372.459959531541,
                128.79943084716797
            ],
            [
                6372.486027689634,
                129.05988883972168
            ],
            [
                6372.487447831005,
                129.1658148765564
            ],
            [
                6372.579794328026,
                130.0358510017395
            ],
            [
                6372.60752229424,
                130.75552797317505
            ],
            [
                6372.60820636552,
                130.85184001922607
            ],
            [
                6372.662193205531,
                131.8874409198761
            ],
            [
                6372.685622024518,
                131.93671989440918
            ],
            [
                6372.685923135418,
                132.15265798568726
            ],
            [
                6372.694937567578,
                143.72335290908813
            ],
            [
                6375.156918101774,
                145.3554060459137
            ],
            [
                6422.441967082097,
                149.78325390815735
            ],
            [
                6427.9530744491,
                150.47775292396545
            ],
            [
                6428.653686026602,
                153.32437896728516
            ],
            [
                6428.679806355426,
                154.566153049469
            ],
            [
                6439.687258841547,
                155.140380859375
            ],
            [
                6439.962415912896,
                157.86576890945435
            ],
            [
                6446.063430223591,
                159.47762894630432
            ],
            [
                6446.899084467854,
                234.10598301887512
            ],
            [
                6468.497217670669,
                278.4512429237366
            ],
            [
                6483.57506000826,
                388.4551749229431
            ],
            [
                6489.497123999363,
                435.88172602653503
            ],
            [
                6493.121245680016,
                492.6554288864136
            ],
            [
                6501.72627985521,
                523.3402869701385
            ],
            [
                6503.492008797234,
                563.0286648273468
            ],
            [
                6513.552750579882,
                778.5372648239136
            ],
            [
                6516.414748301078,
                781.480623960495
            ],
            [
                6517.733207683591,
                783.2321088314056
            ],
            [
                6518.006177565807,
                783.9879548549652
            ],
            [
                6562.714465340739,
                935.1243660449982
