{
    "input parameters": [
        "6",
        "0",
        "300",
        "X",
        "300_300",
        "no_preprocessing"
    ],
    "instance": {
        "facilities": 300,
        "customers": 300
    },
    "times": {
        "total_time in s": 3600.09,
        "model_building_time in s": 18.26,
        "model_solving_time in s": 3581.83
    },
    "nodes": {
        "total": 37.0
    },
    "solution": {
        "LB": 6181.9188,
        "UB": 8876.2279,
        "gap in %": 0.3,
        "incumbent": [
            0,
            6,
            8,
            34,
            37,
            48,
            53,
            78,
            81,
            84,
            88,
            119,
            127,
            139,
            148,
            153,
            162,
            174,
            175,
            197,
            201,
            202,
            212,
            232,
            276,
            282,
            284,
            295
        ],
        "memory in MB": 2980.83
    },
    "bounds": {
        "lower_bounds": [
            [
                0.0,
                120.41276907920837
            ],
            [
                6110.565136960699,
                629.7626030445099
            ],
            [
                6118.947289498776,
                684.4107320308685
            ],
            [
                6118.95465663479,
                685.9620549678802
            ],
            [
                6119.218428885174,
                688.7270309925079
            ],
            [
                6120.368997291853,
                701.6402471065521
            ],
            [
                6120.369677286585,
                702.61234998703
            ],
            [
                6120.945181203777,
                705.7634799480438
            ],
            [
                6120.945206163057,
                706.0162749290466
            ],
            [
                6122.763883224864,
                732.341059923172
            ],
            [
                6122.771054174201,
                733.1939051151276
            ],
            [
                6122.924207518696,
                736.1978158950806
            ],
            [
                6125.045806890118,
                753.0023438930511
            ],
            [
                6125.062202433927,
                753.9509160518646
            ],
            [
                6125.167958670802,
                755.5316119194031
            ],
            [
                6125.825117004774,
                759.2375650405884
            ],
            [
                6125.833442341483,
                761.4868791103363
            ],
            [
                6126.188306268937,
                764.35968708992
            ],
            [
                6126.233446049781,
                765.3217160701752
            ],
            [
                6127.290319645453,
                770.755462884903
            ],
            [
                6127.3282634389025,
                773.5506060123444
            ],
            [
                6127.503509167643,
                775.314915895462
            ],
            [
                6127.703492085544,
                776.2966120243073
            ],
            [
                6128.268720277059,
                784.4998140335083
            ],
            [
                6128.27572823469,
                785.3577630519867
            ],
            [
                6128.299415532245,
                785.8461771011353
            ],
            [
                6128.408692206245,
                789.5142829418182
            ],
            [
                6128.475595541937,
                791.3635120391846
            ],
            [
                6128.489001193105,
                795.4368081092834
            ],
            [
                6128.514537106041,
                797.4634890556335
            ],
            [
                6128.593630050616,
                799.5431699752808
            ],
            [
                6128.729258583732,
                800.8680300712585
            ],
            [
                6129.255231137111,
                806.4551899433136
            ],
            [
                6129.412216477116,
                807.4188289642334
            ],
            [
                6129.414630150682,
                813.1908550262451
            ],
            [
                6129.649554267384,
                818.4110550880432
            ],
            [
                6129.715641637391,
                819.5084519386292
            ],
            [
                6129.735452763783,
                821.7825930118561
            ],
            [
                6129.74229458173,
                824.7372469902039
            ],
            [
                6129.85485987326,
                826.3002970218658
            ],
            [
                6129.896770234514,
                828.3768730163574
            ],
            [
                6130.004036780749,
                831.15358710289
            ],
            [
                6130.085776353355,
                836.4329950809479
            ],
            [
                6130.101323064877,
                839.316076040268
            ],
            [
                6130.47745852135,
                842.4609060287476
            ],
            [
                6130.500519618615,
                847.5819270610809
            ],
            [
                6130.502059368882,
                856.6257879734039
            ],
            [
                6130.5485463647665,
                965.0766499042511
            ],
            [
                6135.206147176886,
                1047.0239629745483
            ],
            [
                6135.25044203972,
                1094.3896789550781
            ],
            [
                6173.477700751065,
                1159.2829749584198
            ],
            [
                6181.918819669955,
                1182.7443571090698
            ]
        ],
        "upper_bounds": [
            [
                94012.72588385231,
                120.86462593078613
            ],
            [
                79398.31585329164,
                630.5223000049591
            ],
            [
                78372.05375443798,
                630.8684840202332
            ],
            [
                10257.015212993161,
                685.9332458972931
            ],
            [
                10182.284426500275,
                702.5777270793915
            ],
            [
                10020.477301190946,
                753.9203960895538
            ],
            [
                9825.52574286508,
                765.2856760025024
            ],
            [
                9667.7058706656,
                807.3875260353088
            ],
            [
                9162.640330539562,
                819.4781219959259
            ],
            [
                8959.695640825172,
                835.3715031147003
            ],
            [
                8876.227920332185,
                1379.2984409332275
            ]
        ]
    }
}