{"input parameters": ["6", "0", "300", "X", "300_300", "no_Lagrangian"], "instance": {"facilities": 300, "customers": 300}, "times": {"total_time in s": 3606.46, "initialisation_time in s": 52.9, "node_selection_time in s": 0.26, "implied_demands_time in s": 1891.9, "bounds_time in s": 189.35, "variable_selection in s": 1082.98, "greedy_heuristics_time in s": 336.44, "other_time in s": 52.63}, "nodes": {"total": 456, "pruned": 0, "infeasible": 0, "finished": 0}, "solution": {"LB": 5884.1525, "UB": 8656.821, "gap in %": 32.03, "incumbent": [0, 6, 8, 30, 34, 37, 48, 53, 55, 78, 81, 88, 119, 139, 148, 153, 162, 175, 197, 201, 202, 212, 232, 276, 282, 284, 295], "memory in MB": 2452.25}, "bounds": {"lower_bounds": [[5580.088, 52.9], [5580.555, 77.47, "combined_combinatorial"], [5597.56, 89.51, "combined_combinatorial"], [5597.938, 148.58, "combined_combinatorial"], [5602.056, 204.87, "combined_combinatorial"], [5611.176, 215.67, "combined_combinatorial"], [5611.258, 225.74, "combined_combinatorial"], [5637.975, 235.73, "combined_combinatorial"], [5641.068319152551, 245.42, "combined_combinatorial"], [5641.503319152551, 255.12, "combined_combinatorial"], [5641.504368040004, 264.51, "combined_combinatorial"], [5642.253368040004, 273.84, "combined_combinatorial"], [5645.0783680400045, 310.71, "combined_combinatorial"], [5645.48791048142, 362.69, "combined_combinatorial"], [5646.00791048142, 371.11, "combined_combinatorial"], [5655.632350077236, 379.21, "combined_combinatorial"], [5661.754963624394, 389.4, "combined_combinatorial"], [5664.50703596962, 399.36, "combined_combinatorial"], [5672.475035969621, 408.73, "combined_combinatorial"], [5673.154115778291, 416.95, "combined_combinatorial"], [5680.966035969621, 426.18, "combined_combinatorial"], [5682.095976287825, 434.29, "combined_combinatorial"], [5683.461976287825, 450.13, "combined_combinatorial"], [5688.22909857479, 459.33, "combined_combinatorial"], [5688.89309857479, 477.37, "combined_combinatorial"], [5692.670631040004, 486.7, "combined_combinatorial"], [5692.680713404583, 504.94, "combined_combinatorial"], [5695.559723625059, 513.78, "combined_combinatorial"], [5695.714058214955, 522.59, "combined_combinatorial"], [5696.0150582149545, 539.88, "combined_combinatorial"], [5699.258976287824, 547.37, "combined_combinatorial"], [5700.198183701897, 555.86, "combined_combinatorial"], [5700.263183701896, 580.99, "combined_combinatorial"], [5706.146976287824, 588.23, "combined_combinatorial"], [5710.3804442765595, 596.74, "combined_combinatorial"], [5711.236115245014, 605.39, "combined_combinatorial"], [5714.350183701897, 613.32, "combined_combinatorial"], [5715.91880150945, 621.65, "combined_combinatorial"], [5715.919500681016, 629.87, "combined_combinatorial"], [5717.285500681016, 645.97, "combined_combinatorial"], [5717.530976287824, 653.25, "combined_combinatorial"], [5719.645976287825, 667.28, "combined_combinatorial"], [5720.898183701896, 674.89, "combined_combinatorial"], [5721.607670103165, 682.99, "combined_combinatorial"], [5722.36673860992, 773.86, "combined_combinatorial"], [5722.40773860992, 796.77, "combined_combinatorial"], [5723.662010957527, 804.17, "combined_combinatorial"], [5723.908345504629, 812.53, "combined_combinatorial"], [5723.908364184648, 820.74, "combined_combinatorial"], [5723.912010957527, 828.07, "combined_combinatorial"], [5723.920572131263, 836.18, "combined_combinatorial"], [5723.925657665448, 851.15, "combined_combinatorial"], [5723.963732547538, 858.55, "combined_combinatorial"], [5725.867969316815, 873.03, "combined_combinatorial"], [5725.915969316815, 887.41, "combined_combinatorial"], [5727.281969316815, 937.1, "combined_combinatorial"], [5727.535403487313, 944.5, "combined_combinatorial"], [5727.543914802748, 951.79, "combined_combinatorial"], [5732.0825006810155, 959.66, "combined_combinatorial"], [5732.634183701896, 967.46, "combined_combinatorial"], [5733.021183701896, 982.23, "combined_combinatorial"], [5738.885500681016, 989.71, "combined_combinatorial"], [5739.779472111695, 999.27, "combined_combinatorial"], [5740.039791264247, 1008.74, "combined_combinatorial"], [5742.753969316815, 1015.16, "combined_combinatorial"], [5744.284594763271, 1023.83, "combined_combinatorial"], [5744.6992726756835, 1032.42, "combined_combinatorial"], [5745.908911543632, 1057.61, "combined_combinatorial"], [5745.992323420937, 1065.7, "combined_combinatorial"], [5746.4814927658335, 1074.6, "combined_combinatorial"], [5747.380475792442, 1083.66, "combined_combinatorial"], [5749.367969316815, 1167.34, "combined_combinatorial"], [5750.275500681016, 1174.75, "combined_combinatorial"], [5750.775500681016, 1189.53, "combined_combinatorial"], [5751.181, 1197.61, "combined_combinatorial"], [5752.618914802748, 1204.96, "combined_combinatorial"], [5753.303500681016, 1212.27, "combined_combinatorial"], [5755.2303003168145, 1219.58, "combined_combinatorial"], [5755.572500681016, 1226.74, "combined_combinatorial"], [5755.9664160578695, 1233.97, "combined_combinatorial"], [5756.01441605787, 1241.21, "combined_combinatorial"], [5756.701500681016, 1255.12, "combined_combinatorial"], [5757.38041605787, 1279.0, "combined_combinatorial"], [5761.002969316814, 1285.3, "combined_combinatorial"], [5763.2439771114605, 1298.64, "combined_combinatorial"], [5767.295987524234, 1306.84, "combined_combinatorial"], [5768.165056030989, 1322.54, "combined_combinatorial"], [5768.475056030989, 1345.68, "combined_combinatorial"], [5768.574387920469, 1354.38, "combined_combinatorial"], [5770.303328378595, 1361.97, "combined_combinatorial"], [5770.694328378595, 1369.43, "combined_combinatorial"], [5770.718640029963, 1376.89, "combined_combinatorial"], [5770.732286737884, 1391.58, "combined_combinatorial"], [5770.805286737885, 1398.9, "combined_combinatorial"], [5772.171286737885, 1406.11, "combined_combinatorial"], [5772.593375447602, 1414.4, "combined_combinatorial"], [5772.62552539009, 1422.53, "combined_combinatorial"], [5773.016187649382, 1430.62, "combined_combinatorial"], [5773.17041605787, 1437.08, "combined_combinatorial"], [5774.723976287824, 1443.23, "combined_combinatorial"], [5777.302183701896, 1449.78, "combined_combinatorial"], [5778.428187649382, 1457.54, "combined_combinatorial"], [5781.16741605787, 1463.72, "combined_combinatorial"], [5781.195009152096, 1472.09, "combined_combinatorial"], [5782.532083601706, 1480.26, "combined_combinatorial"], [5785.867803808161, 1488.45, "combined_combinatorial"], [5786.846840151699, 1522.55, "combined_combinatorial"], [5787.021255130249, 1529.49, "combined_combinatorial"], [5787.138255130249, 1536.37, "combined_combinatorial"], [5787.671442075186, 1543.02, "combined_combinatorial"], [5787.703005509029, 1549.65, "combined_combinatorial"], [5787.907715424941, 1563.44, "combined_combinatorial"], [5788.086286737885, 1591.87, "combined_combinatorial"], [5788.531005509029, 1598.45, "combined_combinatorial"], [5789.082005509028, 1617.76, "combined_combinatorial"], [5792.54551340741, 1626.22, "combined_combinatorial"], [5792.799045190028, 1634.18, "combined_combinatorial"], [5794.259708323662, 1658.77, "combined_combinatorial"], [5794.558324661581, 1664.98, "combined_combinatorial"], [5794.93341605787, 1671.0, "combined_combinatorial"], [5795.602118930518, 1679.36, "combined_combinatorial"], [5795.650118930518, 1695.72, "combined_combinatorial"], [5796.433286737884, 1701.95, "combined_combinatorial"], [5797.016118930518, 1710.02, "combined_combinatorial"], [5798.004879610632, 1718.26, "combined_combinatorial"], [5798.052879610633, 1726.48, "combined_combinatorial"], [5798.060051668708, 1734.59, "combined_combinatorial"], [5798.86541605787, 1740.5, "combined_combinatorial"], [5799.8780516687075, 1748.51, "combined_combinatorial"], [5800.09241605787, 1754.24, "combined_combinatorial"], [5800.191706419836, 1756.64, "combined_combinatorial"], [5800.329206957526, 1764.14, "combined_combinatorial"], [5800.47332466158, 1770.08, "combined_combinatorial"], [5802.95601335703, 