{"input parameters": ["6", "0", "700", "X", "700_700", "Lagrangian"], "instance": {"facilities": 700, "customers": 700}, "times": {"total_time in s": 3722.79, "initialisation_time in s": 1788.06, "node_selection_time in s": 0.02, "implied_demands_time in s": 904.43, "bounds_time in s": 644.8, "variable_selection in s": 264.85, "greedy_heuristics_time in s": 114.84, "other_time in s": 5.78}, "nodes": {"total": 12, "pruned": 0, "infeasible": 0, "finished": 0}, "solution": {"LB": 11594.666, "UB": 19551.8988, "gap in %": 40.7, "incumbent": [3, 14, 17, 25, 35, 40, 63, 66, 75, 115, 118, 132, 152, 165, 166, 169, 172, 177, 189, 193, 215, 247, 270, 276, 283, 290, 301, 304, 328, 354, 356, 371, 378, 383, 407, 418, 420, 439, 443, 461, 473, 484, 510, 515, 521, 541, 545, 546, 563, 565, 580, 589, 654, 668, 679, 687, 690, 698], "memory in MB": 798.45}, "bounds": {"lower_bounds": [[11572.357, 1788.06], [11574.874, 2185.61, "combined_combinatorial"], [11577.13, 2381.64, "combined_combinatorial"], [11580.5, 2968.97, "combined_combinatorial"], [11589.982, 3163.7, "combined_combinatorial"], [11590.147, 3356.15, "combined_combinatorial"], [11594.666044676242, 3546.55, "combined_combinatorial"]], "upper_bounds": [[20993.460060355555, 1788.06]]}}