{
    "input parameters": [
        "6",
        "0",
        "500",
        "X",
        "500_500",
        "preprocessing"
    ],
    "instance": {
        "facilities": 500,
        "customers": 500
    },
    "times": {
        "total_time in s": 3600.37,
        "model_building_time in s": 486.22,
        "model_solving_time in s": 3114.15
    },
    "nodes": {
        "total": 585.0
    },
    "solution": {
        "LB": 10137.1675,
        "UB": 13752.7409,
        "gap in %": 0.26,
        "incumbent": [
            2,
            25,
            39,
            41,
            51,
            67,
            101,
            112,
            114,
            116,
            117,
            125,
            136,
            163,
            165,
            188,
            200,
            208,
            226,
            228,
            230,
            232,
            243,
            245,
            251,
            253,
            283,
            312,
            327,
            340,
            341,
            357,
            359,
            394,
            439,
            451,
            454,
            455,
            478,
            481,
            489,
            494,
            498
        ],
        "memory in MB": 1899.57
    },
    "bounds": {
        "lower_bounds": [
            [
                0.0,
                21.04323387145996
            ],
            [
                9700.490471098366,
                84.63947081565857
            ],
            [
                9704.151133800055,
                149.86590790748596
            ],
            [
                9777.451745185874,
                249.58592295646667
            ],
            [
                9782.629338458617,
                254.85561084747314
            ],
            [
                9782.647460557018,
                255.28057599067688
            ],
            [
                9865.233776219018,
                291.31586599349976
            ],
            [
                9867.740181763631,
                298.55278992652893
            ],
            [
                9868.05643851107,
                299.4349899291992
            ],
            [
                9868.160809573495,
                299.88344287872314
            ],
            [
                9868.163154357717,
                300.14036989212036
            ],
            [
                9934.673663776324,
                317.50226497650146
            ],
            [
                9938.357764173434,
                321.31818199157715
            ],
            [
                9939.878206713624,
                322.62059903144836
            ],
            [
                9940.007970856985,
                323.1035339832306
            ],
            [
                9940.020354740958,
                323.41201400756836
            ],
            [
                9956.042396745019,
                337.18883299827576
            ],
            [
                9958.721414116808,
                348.0733380317688
            ],
            [
                9959.462145994157,
                349.02958703041077
            ],
            [
                9959.591093101082,
                349.5163588523865
            ],
            [
                9959.615783433117,
                349.89613699913025
            ],
            [
                9965.862132243034,
                355.6346700191498
            ],
            [
                9967.194906767834,
                359.20871090888977
            ],
            [
                9967.336595219394,
                359.88793897628784
            ],
            [
                9967.401185752857,
                360.66584396362305
            ],
            [
                9967.409221590913,
                360.91140699386597
            ],
            [
                9972.078377029233,
                365.63641691207886
            ],
            [
                9974.505564551324,
                369.6073670387268
            ],
            [
                9974.941134777235,
                370.6243588924408
            ],
            [
                9974.972221089565,
                371.1257469654083
            ],
            [
                9979.1628102891,
                375.5385859012604
            ],
            [
                9979.92586927276,
                378.0435929298401
            ],
            [
                9980.136174724195,
                378.8029718399048
            ],
            [
                9980.16918545121,
                379.3062598705292
            ],
            [
                9981.777129011605,
                382.5456030368805
            ],
            [
                9982.098715189046,
                383.8156158924103
            ],
            [
                9982.149025789638,
                384.2086260318756
            ],
            [
                9982.157719759147,
                384.54946303367615
            ],
            [
                9983.25662602687,
                387.2644519805908
            ],
            [
                9983.501858446714,
                389.16171288490295
            ],
            [
                9983.523484738062,
                389.5473418235779
            ],
            [
                9984.052487119048,
                393.89404296875
            ],
            [
                9984.183181685199,
                395.6658790111542
            ],
            [
                9984.29412384254,
                396.17887783050537
            ],
            [
                9984.319852690684,
                396.51642894744873
            ],
            [
                9984.780324914056,
                399.0216269493103
            ],
            [
                9984.86572734424,
                400.59033203125
            ],
            [
                9984.894838261458,
                401.4983298778534
            ],
            [
                9985.382089678946,
                403.97285294532776
            ],
            [
                9985.448404848295,
                406.7202949523926
            ],
            [
                9985.462595446943,
                406.98872089385986
            ],
            [
                9985.612462180221,
                409.44494795799255
            ],
            [
                9985.687168720135,
                411.29747581481934
            ],
            [
                9985.701415742702,
                411.5954020023346
            ],
            [
                9985.975469125291,
                413.33439588546753
            ],
            [
                9986.033261449975,
                414.0950229167938
            ],
            [
                9986.049258833973,
                414.4430959224701
            ],
            [
                9986.119156614885,
                416.14965891838074
            ],
            [
                9986.45558571831,
                416.2598099708557
            ],
            [
                9986.701263631694,
                473.0676848888397
            ],
            [
                10031.6576871587,
                487.0886960029602
            ],
            [
                10046.952251311524,
                501.6726429462433
            ],
            [
                10068.65288895522,
                823.4107458591461
            ],
            [
                10080.250086582717,
                1064.115173816681
            ],
            [
                10089.656689691761,
                1496.0108489990234
            ],
            [
                10121.440787327349,
                1685.2091779708862
            ],
            [
                10123.917887967104,
                2863.653750896454
            ],
            [
                10132.837457655163,
                2876.619027853012
