{"input parameters": ["6", "0", "1000", "X", "1000_1000", "no_Lagrangian"], "instance": {"facilities": 1000, "customers": 1000}, "times": {"total_time in s": 86402.68, "initialisation_time in s": 8229.23, "node_selection_time in s": 1.06, "implied_demands_time in s": 50586.71, "bounds_time in s": 1034.04, "variable_selection in s": 19090.0, "greedy_heuristics_time in s": 7184.69, "other_time in s": 276.95}, "nodes": {"total": 209, "pruned": 0, "infeasible": 0, "finished": 0}, "solution": {"LB": 16262.2409, "UB": 27410.2201, "gap in %": 40.67, "incumbent": [6, 11, 12, 25, 36, 41, 48, 65, 71, 72, 78, 96, 101, 123, 132, 156, 188, 206, 231, 305, 318, 331, 334, 341, 353, 365, 375, 381, 384, 400, 401, 412, 433, 447, 455, 469, 480, 499, 500, 504, 507, 514, 522, 526, 529, 531, 535, 542, 572, 576, 621, 624, 625, 635, 636, 646, 648, 667, 677, 678, 689, 699, 709, 714, 720, 722, 728, 738, 750, 774, 777, 786, 787, 811, 837, 852, 855, 859, 867, 878, 894, 898, 904, 929, 943, 949, 956, 966, 990], "memory in MB": 14170.65}, "bounds": {"lower_bounds": [[15973.147, 8229.23], [15979.297261, 8934.38, "combined_combinatorial"], [15979.386261, 9636.32, "combined_combinatorial"], [15979.746260999998, 9975.28, "combined_combinatorial"], [15979.749263489564, 10338.35, "combined_combinatorial"], [15981.222, 10695.14, "combined_combinatorial"], [15981.767263489564, 11439.85, "combined_combinatorial"], [15982.309263489564, 11815.83, "combined_combinatorial"], [16001.416300040197, 12227.18, "combined_combinatorial"], [16001.453876883985, 12653.52, "combined_combinatorial"], [16009.397876883984, 13454.07, "combined_combinatorial"], [16010.317876883984, 14240.82, "combined_combinatorial"], [16021.035, 14654.43, "combined_combinatorial"], [16021.183, 15092.04, "combined_combinatorial"], [16021.703, 16314.75, "combined_combinatorial"], [16028.263176737664, 16720.27, "combined_combinatorial"], [16033.032976996545, 17113.96, "combined_combinatorial"], [16033.197194387556, 17498.21, "combined_combinatorial"], [16033.198249682147, 17837.75, "combined_combinatorial"], [16034.514249682146, 18183.8, "combined_combinatorial"], [16048.686387790684, 18548.78, "combined_combinatorial"], [16048.692460669987, 18924.71, "combined_combinatorial"], [16075.623784119527, 19298.5, "combined_combinatorial"], [16078.609725204073, 19664.12, "combined_combinatorial"], [16083.968791846468, 20030.19, "combined_combinatorial"], [16087.9221926193, 20740.02, "combined_combinatorial"], [16095.594667178419, 21088.86, "combined_combinatorial"], [16095.598115508978, 22160.24, "combined_combinatorial"], [16095.602115508977, 22495.25, "combined_combinatorial"], [16110.381502285376, 22841.32, "combined_combinatorial"], [16118.8041283917, 23201.46, "combined_combinatorial"], [16128.69084495996, 23551.42, "combined_combinatorial"], [16129.093380548538, 23889.3, "combined_combinatorial"], [16130.00351169514, 24231.23, "combined_combinatorial"], [16130.05153859078, 24578.13, "combined_combinatorial"], [16130.06780878166, 24936.16, "combined_combinatorial"], [16130.112879646911, 25276.0, "combined_combinatorial"], [16130.11687479103, 25637.65, "combined_combinatorial"], [16130.125277828733, 25980.7, "combined_combinatorial"], [16130.62192960047, 26672.79, "combined_combinatorial"], [16132.70792960047, 27366.91, "combined_combinatorial"], [16133.159277828734, 27699.73, "combined_combinatorial"], [16133.484645838373, 28030.58, "combined_combinatorial"], [16134.69492960047, 29038.73, "combined_combinatorial"], [16135.236929600469, 29392.4, "combined_combinatorial"], [16142.756502285376, 29722.7, "combined_combinatorial"], [16142.75951811491, 30040.06, "combined_combinatorial"], [16142.76551811491, 30350.21, "combined_combinatorial"], [16144.66351811491, 30693.99, "combined_combinatorial"], [16144.730596195343, 31055.43, "combined_combinatorial"], [16145.004579195342, 31417.39, "combined_combinatorial"], [16145.624579195342, 31772.41, "combined_combinatorial"], [16154.317966151102, 33215.25, "combined_combinatorial"], [16154.355542994892, 33598.08, "combined_combinatorial"], [16159.571430043274, 34375.25, "combined_combinatorial"], [16162.299542994893, 34758.52, "combined_combinatorial"], [16162.51980990614, 35497.01, "combined_combinatorial"], [16162.885399485, 37330.09, "combined_combinatorial"], [16162.966349363516, 38859.31, "combined_combinatorial"], [16163.219542994893, 39230.16, "combined_combinatorial"], [16164.956399485, 39618.6, "combined_combinatorial"], [16165.504399484998, 40005.06, "combined_combinatorial"], [16166.347508263123, 40340.33, "combined_combinatorial"], [16167.290415684183, 40745.52, "combined_combinatorial"], [16167.404415684185, 41547.04, "combined_combinatorial"], [16171.034832832516, 41949.81, "combined_combinatorial"], [16180.653508263124, 42281.25, "combined_combinatorial"], [16180.99751811491, 42633.52, "combined_combinatorial"], [16181.16284284857, 43364.26, "combined_combinatorial"], [16182.759967738713, 43757.51, "combined_combinatorial"], [16184.71543603563, 44534.29, "combined_combinatorial"], [16184.75301287942, 44919.67, "combined_combinatorial"], [16185.932643107453, 45679.37, "combined_combinatorial"], [16186.096860498465, 46054.04, "combined_combinatorial"], [16186.097915793052, 46427.53, "combined_combinatorial"], [16187.413915793053, 46799.5, "combined_combinatorial"], [16187.601263489563, 47205.39, "combined_combinatorial"], [16187.652615290142, 47585.12, "combined_combinatorial"], [16187.697018327846, 47962.92, "combined_combinatorial"], [16188.239814489467, 49086.13, "combined_combinatorial"], [16188.302814489467, 49417.08, "combined_combinatorial"], [16188.547325659974, 50069.56, "combined_combinatorial"], [16188.577633700497, 50395.01, "combined_combinatorial"], [16188.601927331842, 50721.37, "combined_combinatorial"], [16188.746018327845, 51096.14, "combined_combinatorial"], [16190.156263489564, 51486.99, "combined_combinatorial"], [16191.159596195343, 51847.36, "combined_combinatorial"], [16191.664596195342, 52202.58, "combined_combinatorial"], [16191.669596195343, 52553.11, "combined_combinatorial"], [16191.744596195342, 52897.9, "combined_combinatorial"], [16192.468596195342, 53239.21, "combined_combinatorial"], [16192.719012879421, 53621.65, "combined_combinatorial"], [16193.65201287942, 54379.42, "combined_combinatorial"], [16201.583053901591, 54756.98, "combined_combinatorial"], [16201.589126780895, 55134.46, "combined_combinatorial"], [16210.665729688872, 55478.85, "combined_combinatorial"], [16210.895729688873, 56508.0, "combined_combinatorial"], [16210.979367255417, 56845.4, "combined_combinatorial"], [16211.673312733097, 57223.42, "combined_combinatorial"], [16216.46111299198, 57599.37, "combined_combinatorial"], [16216.625330382993, 57974.82, "combined_combinatorial"], [16216.62638567758, 58350.39, "combined_combinatorial"], [16217.942385677581, 58723.34, "combined_combinatorial"], [16222.40750501969, 59125.76, "combined_combinatorial"], [16228.520450230435, 59897.68, "combined_combinatorial"], [16231.41539131498, 60261.28, "combined_combinatorial"], [16231.87955813318, 60660.04, "combined_combinatorial"], [16232.16552378612, 63010.47, "combined_combinatorial"], [16232.171596665423, 63388.67, "combined_combinatorial"], [16233.119868653082, 63777.7, "combined_combinatorial"], [16233.597285681735, 64168.74, "combined_combinatorial"], [16233.96551811491, 64518.57, "combined_combinatorial"], [16234.139285681737, 64907.6, "combined_combinatorial"], [16234.29651811491, 65258.94, "combined_combinatorial"], [16234.49251811491, 65949.03, "combined_combinatorial"], [16238.685263489564, 66333.16, "combined_combinatorial"], [16239.509369336087, 66731.83, "combined_combinatorial"], [16239.619369336084, 68415.36, "combined_combinatorial"], [16239.655519687394, 68852.99, "combined_combinatorial"], [16239.656574981984, 69291.27, "combined_combinatorial"], [16239.664642021686, 69728.22, "combined_combinatorial"], [16239.666025569684, 70599.52, "combined_combinatorial"], 