{"input parameters": ["6", "0", "500", "X", "500_500", "Lagrangian"], "instance": {"facilities": 500, "customers": 500}, "times": {"total_time in s": 3628.27, "initialisation_time in s": 488.87, "node_selection_time in s": 0.05, "implied_demands_time in s": 1310.22, "bounds_time in s": 1207.76, "variable_selection in s": 443.29, "greedy_heuristics_time in s": 166.65, "other_time in s": 11.42}, "nodes": {"total": 41, "pruned": 0, "infeasible": 0, "finished": 0}, "solution": {"LB": 8652.1783, "UB": 15642.0101, "gap in %": 44.69, "incumbent": [20, 22, 25, 39, 48, 51, 67, 70, 73, 100, 106, 114, 125, 133, 136, 160, 163, 165, 188, 199, 209, 226, 228, 230, 243, 263, 268, 276, 283, 300, 341, 348, 350, 354, 357, 360, 376, 386, 394, 399, 454, 476, 478, 481, 482, 489, 494, 495], "memory in MB": 1180.67}, "bounds": {"lower_bounds": [[8573.267, 488.87], [8587.741578751462, 757.07, "combined_combinatorial"], [8590.019139123899, 933.93, "combined_combinatorial"], [8590.0661391239, 1021.36, "combined_combinatorial"], [8590.186139123898, 1195.78, "combined_combinatorial"], [8596.207139123899, 1448.92, "combined_combinatorial"], [8609.980130810385, 1530.14, "combined_combinatorial"], [8611.942130810385, 1607.37, "combined_combinatorial"], [8613.0861391239, 1684.93, "combined_combinatorial"], [8614.617139123899, 1760.62, "combined_combinatorial"], [8617.5231391239, 1835.93, "combined_combinatorial"], [8617.724, 1918.83, "combined_combinatorial"], [8617.866, 2001.4, "combined_combinatorial"], [8617.873, 2084.41, "combined_combinatorial"], [8618.036, 2166.72, "combined_combinatorial"], [8618.715150831653, 2404.43, "combined_combinatorial"], [8620.99769095904, 2477.98, "combined_combinatorial"], [8621.25499780321, 2551.13, "combined_combinatorial"], [8624.014, 2632.52, "combined_combinatorial"], [8637.850991686486, 2712.6, "combined_combinatorial"], [8639.812991686485, 2792.25, "combined_combinatorial"], [8641.133, 2872.93, "combined_combinatorial"], [8642.817, 2952.27, "combined_combinatorial"], [8645.723, 3031.28, "combined_combinatorial"], [8646.858011707753, 3108.91, "combined_combinatorial"], [8648.923551835142, 3186.0, "combined_combinatorial"], [8649.040130810386, 3262.04, "combined_combinatorial"], [8649.180858679309, 3338.98, "combined_combinatorial"], [8650.770801927603, 3412.05, "combined_combinatorial"], [8651.558349044895, 3485.0, "combined_combinatorial"], [8652.178349044896, 3556.76, "combined_combinatorial"]], "upper_bounds": [[15642.010141347113, 488.87]]}}