{
    "input parameters": [
        "6",
        "0",
        "500",
        "X",
        "500_500",
        "no_preprocessing"
    ],
    "instance": {
        "facilities": 500,
        "customers": 500
    },
    "times": {
        "total_time in s": 2800.39,
        "model_building_time in s": 78.36,
        "model_solving_time in s": 2722.03
    },
    "nodes": {
        "total": 1.0
    },
    "solution": {
        "LB": 9697.9086,
        "UB": 17399.4527,
        "gap in %": 0.44,
        "incumbent": [
            2,
            21,
            25,
            39,
            41,
            45,
            51,
            67,
            70,
            73,
            100,
            106,
            112,
            114,
            116,
            117,
            119,
            133,
            136,
            151,
            163,
            188,
            198,
            200,
            209,
            228,
            230,
            232,
            243,
            256,
            259,
            263,
            267,
            268,
            276,
            312,
            327,
            333,
            341,
            348,
            357,
            360,
            361,
            399,
            403,
            405,
            439,
            451,
            454,
            466,
            478,
            489,
            494
        ],
        "memory in MB": 10059.39
    },
    "bounds": {
        "lower_bounds": [
            [
                0.0,
                330.761883020401
            ],
            [
                9697.90861498128,
                2087.7549068927765
            ]
        ],
        "upper_bounds": [
            [
                82862.60343433128,
                353.2736179828644
            ],
            [
                19297.405035883992,
                2089.068073987961
            ],
            [
                17399.452681154802,
                2107.2418599128723
            ]
        ]
    }
}