{"input parameters": ["6", "0", "700", "X", "700_700", "no_Lagrangian"], "instance": {"facilities": 700, "customers": 700}, "times": {"total_time in s": 3707.66, "initialisation_time in s": 1525.7, "node_selection_time in s": 0.03, "implied_demands_time in s": 1489.35, "bounds_time in s": 38.43, "variable_selection in s": 446.26, "greedy_heuristics_time in s": 198.4, "other_time in s": 9.48}, "nodes": {"total": 19, "pruned": 0, "infeasible": 0, "finished": 0}, "solution": {"LB": 11632.9037, "UB": 19467.4493, "gap in %": 40.24, "incumbent": [3, 14, 17, 25, 34, 35, 40, 63, 66, 75, 115, 118, 132, 152, 165, 166, 169, 172, 177, 193, 214, 215, 247, 257, 276, 283, 290, 301, 304, 328, 354, 356, 371, 378, 383, 407, 418, 420, 439, 443, 461, 473, 510, 515, 521, 541, 545, 546, 563, 565, 580, 589, 668, 679, 687, 690, 698], "memory in MB": 1105.12}, "bounds": {"lower_bounds": [[11572.357, 1525.7], [11574.874, 1794.87, "combined_combinatorial"], [11577.13, 1928.64, "combined_combinatorial"], [11580.5, 2326.98, "combined_combinatorial"], [11589.982, 2457.34, "combined_combinatorial"], [11590.147, 2586.68, "combined_combinatorial"], [11594.666044676242, 2714.43, "combined_combinatorial"], [11610.285659344956, 2967.35, "combined_combinatorial"], [11610.335659344955, 3092.89, "combined_combinatorial"], [11624.005659344955, 3218.26, "combined_combinatorial"], [11631.475659344955, 3343.6, "combined_combinatorial"], [11632.903659344956, 3594.4, "combined_combinatorial"]], "upper_bounds": [[20995.97381508239, 1525.7]]}}