{"input parameters": ["6", "1", "300", "X", "300_300", "Lagrangian"], "instance": {"facilities": 300, "customers": 300}, "times": {"total_time in s": 3631.23, "initialisation_time in s": 101.7, "node_selection_time in s": 0.03, "implied_demands_time in s": 1197.11, "bounds_time in s": 1987.05, "variable_selection in s": 260.62, "greedy_heuristics_time in s": 80.35, "other_time in s": 4.37}, "nodes": {"total": 45, "pruned": 0, "infeasible": 0, "finished": 0}, "solution": {"LB": 5784.0338, "UB": 9201.3645, "gap in %": 37.14, "incumbent": [6, 7, 30, 34, 48, 53, 55, 60, 78, 84, 88, 119, 150, 153, 158, 162, 172, 175, 197, 201, 202, 212, 232, 235, 259, 295], "memory in MB": 347.91}, "bounds": {"lower_bounds": [[5622.801, 101.7], [5630.628, 337.5, "combined_combinatorial"], [5630.733, 1780.26, "combined_combinatorial"], [5632.595, 2284.5, "combined_combinatorial"], [5715.251846, 2433.17, "combined_combinatorial"], [5728.414263, 2551.54, "combined_combinatorial"], [5737.097263, 3160.97, "combined_combinatorial"], [5784.033846, 3444.34, "combined_combinatorial"]], "upper_bounds": [[9201.364533000002, 101.7]]}}