{
    "input parameters": [
        "6",
        "1",
        "300",
        "X",
        "300_300",
        "preprocessing"
    ],
    "instance": {
        "facilities": 300,
        "customers": 300
    },
    "times": {
        "total_time in s": 3600.05,
        "model_building_time in s": 58.35,
        "model_solving_time in s": 3541.7
    },
    "nodes": {
        "total": 531.0
    },
    "solution": {
        "LB": 6838.9602,
        "UB": 8649.1168,
        "gap in %": 0.21,
        "incumbent": [
            6,
            8,
            10,
            30,
            34,
            48,
            53,
            78,
            81,
            85,
            88,
            119,
            127,
            139,
            150,
            153,
            162,
            172,
            174,
            175,
            197,
            201,
            212,
            235,
            259,
            295
        ],
        "memory in MB": 2863.69
    },
    "bounds": {
        "lower_bounds": [
            [
                0.0,
                60.303114891052246
            ],
            [
                6756.506176131964,
                315.5023019313812
            ],
            [
                6760.455540852687,
                347.0167670249939
            ],
            [
                6760.458245449164,
                356.80676794052124
            ],
            [
                6763.036445313516,
                366.38617300987244
            ],
            [
                6763.042225413811,
                378.5541319847107
            ],
            [
                6763.08377281602,
                438.23805689811707
            ],
            [
                6792.193865133668,
                513.4552829265594
            ],
            [
                6792.228601473384,
                555.840744972229
            ],
            [
                6795.272286599878,
                596.0764789581299
            ],
            [
                6795.28416924071,
                635.7195889949799
            ],
            [
                6798.361963289276,
                684.9241170883179
            ],
            [
                6798.394393157551,
                1712.9753770828247
            ],
            [
                6838.936406741553,
                2361.432631969452
            ]
        ],
        "upper_bounds": [
            [
                98358.61756,
                60.66801595687866
            ],
            [
                79416.53819600001,
                316.1403999328613
            ],
            [
                76709.19205800002,
                316.3936650753021
            ],
            [
                12301.185624999998,
                348.39645504951477
            ],
            [
                12260.224878,
                439.0536160469055
            ],
            [
                11080.843306,
                960.384360074997
            ],
            [
                10991.855107,
                1037.0037488937378
            ],
            [
                10914.497871,
                1042.4022340774536
            ],
            [
                10768.972358,
                1179.7102179527283
            ],
            [
                8969.382144,
                1302.9653289318085
            ],
            [
                8728.013267999999,
                1666.7694609165192
            ],
            [
                8649.11676,
                2587.7450580596924
            ]
        ]
    }
}