{"input parameters": ["6", "1", "300", "X", "300_300", "no_Lagrangian"], "instance": {"facilities": 300, "customers": 300}, "times": {"total_time in s": 3602.58, "initialisation_time in s": 60.13, "node_selection_time in s": 0.08, "implied_demands_time in s": 2487.35, "bounds_time in s": 166.42, "variable_selection in s": 652.56, "greedy_heuristics_time in s": 222.13, "other_time in s": 13.91}, "nodes": {"total": 141, "pruned": 0, "infeasible": 0, "finished": 0}, "solution": {"LB": 5859.8992, "UB": 8825.441, "gap in %": 33.6, "incumbent": [6, 7, 30, 34, 48, 53, 55, 60, 84, 88, 93, 119, 150, 153, 158, 162, 172, 175, 197, 201, 212, 232, 235, 259, 295], "memory in MB": 729.39}, "bounds": {"lower_bounds": [[5622.801, 60.13], [5630.628, 162.16, "combined_combinatorial"], [5630.733, 797.81, "combined_combinatorial"], [5632.595, 1026.74, "combined_combinatorial"], [5715.251846, 1095.53, "combined_combinatorial"], [5728.414263, 1148.89, "combined_combinatorial"], [5737.097263, 1434.15, "combined_combinatorial"], [5784.033846, 1567.64, "combined_combinatorial"], [5787.2986470000005, 1654.84, "combined_combinatorial"], [5787.307202, 1754.73, "combined_combinatorial"], [5789.566846000001, 1777.67, "combined_combinatorial"], [5789.646846000001, 1979.37, "combined_combinatorial"], [5789.741846, 2001.23, "combined_combinatorial"], [5789.769846, 2171.48, "combined_combinatorial"], [5790.245846, 2192.06, "combined_combinatorial"], [5790.839846, 2233.06, "combined_combinatorial"], [5798.108, 2358.2, "combined_combinatorial"], [5803.107263, 2384.96, "combined_combinatorial"], [5803.447263, 2464.15, "combined_combinatorial"], [5804.008263, 2490.34, "combined_combinatorial"], [5812.619588, 2533.71, "combined_combinatorial"], [5813.23488, 2593.53, "combined_combinatorial"], [5817.58188, 2644.3, "combined_combinatorial"], [5817.97188, 2694.65, "combined_combinatorial"], [5819.0830639999995, 2763.95, "combined_combinatorial"], [5820.088064, 2916.15, "combined_combinatorial"], [5820.093064, 2971.64, "combined_combinatorial"], [5821.201064, 3007.79, "combined_combinatorial"], [5822.380064999999, 3020.74, "combined_combinatorial"], [5823.195751, 3044.81, "combined_combinatorial"], [5824.7780649999995, 3128.63, "combined_combinatorial"], [5825.204065, 3191.59, "combined_combinatorial"], [5827.992751, 3251.72, "combined_combinatorial"], [5828.083751, 3298.3, "combined_combinatorial"], [5836.576709000001, 3449.18, "combined_combinatorial"], [5839.256708999999, 3463.75, "combined_combinatorial"], [5854.671126, 3481.89, "combined_combinatorial"], [5854.751126, 3554.35, "combined_combinatorial"], [5859.899202, 3570.8, "combined_combinatorial"]], "upper_bounds": [[9201.364533000002, 60.13]]}}