{
    "input parameters": [
        "6",
        "1",
        "300",
        "X",
        "300_300",
        "no_preprocessing"
    ],
    "instance": {
        "facilities": 300,
        "customers": 300
    },
    "times": {
        "total_time in s": 3600.17,
        "model_building_time in s": 18.1,
        "model_solving_time in s": 3582.07
    },
    "nodes": {
        "total": 106.0
    },
    "solution": {
        "LB": 6906.9335,
        "UB": 8564.7156,
        "gap in %": 0.19,
        "incumbent": [
            6,
            8,
            10,
            30,
            48,
            53,
            81,
            88,
            119,
            123,
            127,
            132,
            139,
            150,
            153,
            162,
            172,
            174,
            175,
            197,
            201,
            212,
            232,
            259,
            295
        ],
        "memory in MB": 4671.13
    },
    "bounds": {
        "lower_bounds": [
            [
                0.0,
                131.4683690071106
            ],
            [
                6755.445282835541,
                419.72416496276855
            ],
            [
                6761.020191064052,
                799.0082900524139
            ],
            [
                6762.249896943395,
                1050.8078861236572
            ],
            [
                6764.0639920693475,
                1196.156023979187
            ],
            [
                6764.524985613553,
                1254.1845870018005
            ],
            [
                6765.344371809377,
                1292.0000030994415
            ],
            [
                6765.528903152902,
                1318.0382721424103
            ],
            [
                6765.581789406346,
                1322.2312309741974
            ],
            [
                6765.648498231893,
                1341.1823329925537
            ],
            [
                6765.98250121034,
                1361.9480860233307
            ],
            [
                6765.983991681075,
                1398.292839050293
            ],
            [
                6766.037941546501,
                1425.7107009887695
            ],
            [
                6766.161734362494,
                1698.610296010971
            ],
            [
                6777.987237316459,
                1775.6991019248962
            ],
            [
                6778.071932403542,
                1839.4502580165863
            ],
            [
                6846.932012061863,
                1874.1195859909058
            ],
            [
                6846.936192869473,
                1928.037204027176
            ],
            [
                6901.11029286737,
                1947.6256351470947
            ],
            [
                6901.281577646783,
                1997.8668229579926
            ],
            [
                6906.933497863451,
                2011.3147411346436
            ]
        ],
        "upper_bounds": [
            [
                60859.914304000005,
                135.050626039505
            ],
            [
                12715.777945,
                420.0804810523987
            ],
            [
                10780.462790000001,
                447.1004841327667
            ],
            [
                9093.52255,
                912.9226150512695
            ],
            [
                8783.532053,
                1257.6631529331207
            ],
            [
                8663.906989,
                2425.107586145401
            ],
            [
                8589.867133,
                2934.31192111969
            ],
            [
                8564.715629000002,
                3577.737071990967
            ]
        ]
    }
}