{
    "input parameters": [
        "6",
        "1",
        "500",
        "X",
        "500_500",
        "preprocessing"
    ],
    "instance": {
        "facilities": 500,
        "customers": 500
    },
    "times": {
        "total_time in s": 3601.67,
        "model_building_time in s": 512.96,
        "model_solving_time in s": 3088.71
    },
    "nodes": {
        "total": 1.0
    },
    "solution": {
        "LB": 10541.853,
        "UB": 14372.1495,
        "gap in %": 0.27,
        "incumbent": [
            5,
            25,
            39,
            41,
            46,
            51,
            67,
            70,
            93,
            98,
            100,
            106,
            114,
            116,
            117,
            119,
            133,
            136,
            156,
            163,
            165,
            203,
            228,
            230,
            232,
            243,
            248,
            251,
            253,
            276,
            300,
            312,
            322,
            327,
            340,
            341,
            357,
            366,
            399,
            425,
            454,
            466,
            494,
            495
        ],
        "memory in MB": 6766.54
    },
    "bounds": {
        "lower_bounds": [
            [
                0.0,
                220.57921886444092
            ],
            [
                10538.484354497343,
                940.2941038608551
            ],
            [
                10541.853030821128,
                1761.5401089191437
            ]
        ],
        "upper_bounds": [
            [
                102736.644496,
                232.0102939605713
            ],
            [
                19748.712245,
                941.1382257938385
            ],
            [
                18002.855118,
                1015.6747298240662
            ],
            [
                16732.53903,
                1042.4635758399963
            ],
            [
                14372.149521000001,
                2812.430993795395
            ]
        ]
    }
}