{"input parameters": ["7", "0", "1000", "X", "1000_1000", "Lagrangian"], "instance": {"facilities": 1000, "customers": 1000}, "times": {"total_time in s": 86878.12, "initialisation_time in s": 8356.65, "node_selection_time in s": 0.77, "implied_demands_time in s": 34661.09, "bounds_time in s": 24844.05, "variable_selection in s": 14130.8, "greedy_heuristics_time in s": 4689.89, "other_time in s": 194.86}, "nodes": {"total": 148, "pruned": 0, "infeasible": 0, "finished": 0}, "solution": {"LB": 16734.481, "UB": 29934.2849, "gap in %": 44.1, "incumbent": [0, 11, 13, 19, 22, 66, 85, 93, 97, 108, 116, 125, 129, 133, 135, 148, 151, 167, 186, 215, 219, 222, 225, 228, 232, 248, 281, 285, 305, 307, 308, 316, 321, 324, 328, 336, 375, 383, 397, 398, 422, 463, 465, 492, 513, 547, 568, 577, 606, 616, 618, 625, 633, 640, 660, 673, 679, 681, 689, 693, 696, 698, 709, 723, 755, 764, 767, 774, 792, 795, 796, 805, 820, 830, 836, 838, 847, 870, 883, 884, 908, 924, 964, 966, 976, 986, 987, 997], "memory in MB": 10191.51}, "bounds": {"lower_bounds": [[16213.292, 8356.65], [16214.198, 9381.64, "combined_combinatorial"], [16215.405, 10419.32, "combined_combinatorial"], [16215.714, 10979.76, "combined_combinatorial"], [16215.809, 11538.36, "combined_combinatorial"], [16215.981, 12086.45, "combined_combinatorial"], [16221.639, 13165.69, "combined_combinatorial"], [16256.580985380511, 13716.74, "combined_combinatorial"], [16256.584985380512, 14268.9, "combined_combinatorial"], [16256.690294415332, 15930.11, "combined_combinatorial"], [16256.743294415332, 17027.14, "combined_combinatorial"], [16256.910294415331, 18133.14, "combined_combinatorial"], [16259.614294415333, 18686.62, "combined_combinatorial"], [16260.357294415331, 19785.56, "combined_combinatorial"], [16266.014294415332, 20328.21, "combined_combinatorial"], [16266.265294415332, 20858.02, "combined_combinatorial"], [16277.169294415331, 21349.03, "combined_combinatorial"], [16302.910168914486, 21841.4, "combined_combinatorial"], [16319.601677363402, 22329.23, "combined_combinatorial"], [16347.384021048827, 22812.23, "combined_combinatorial"], [16381.321, 23343.07, "combined_combinatorial"], [16409.41029441533, 23878.53, "combined_combinatorial"], [16424.65729441533, 24409.75, "combined_combinatorial"], [16430.30848758327, 24945.76, "combined_combinatorial"], [16431.057772160886, 26001.47, "combined_combinatorial"], [16440.96229441533, 26517.86, "combined_combinatorial"], [16443.61929441533, 27471.82, "combined_combinatorial"], [16454.078772160883, 27993.85, "combined_combinatorial"], [16459.381785260808, 29066.51, "combined_combinatorial"], [16459.43648979384, 31815.73, "combined_combinatorial"], [16464.745487583266, 32352.98, "combined_combinatorial"], [16465.19751549373, 32903.42, "combined_combinatorial"], [16468.99829441533, 33416.76, "combined_combinatorial"], [16491.857319027684, 33953.35, "combined_combinatorial"], [16494.990319027685, 34483.02, "combined_combinatorial"], [16500.002988434513, 35479.38, "combined_combinatorial"], [16502.49, 35964.92, "combined_combinatorial"], [16502.73887274191, 36450.13, "combined_combinatorial"], [16504.136216427338, 36953.13, "combined_combinatorial"], [16507.76851549373, 37477.94, "combined_combinatorial"], [16514.349772160884, 37982.42, "combined_combinatorial"], [16514.35267929239, 38493.79, "combined_combinatorial"], [16535.374679292392, 39024.02, "combined_combinatorial"], [16545.61948979384, 39578.17, "combined_combinatorial"], [16563.036679292392, 41098.06, "combined_combinatorial"], [16579.17748979384, 42089.5, "combined_combinatorial"], [16586.553, 42597.8, "combined_combinatorial"], [16588.302967539392, 43108.39, "combined_combinatorial"], [16588.70181942932, 43651.26, "combined_combinatorial"], [16603.660514406194, 44163.85, "combined_combinatorial"], [16603.6634215377, 44708.76, "combined_combinatorial"], [16607.850834048808, 45860.11, "combined_combinatorial"], [16608.76048485197, 46447.14, "combined_combinatorial"], [16608.83648485197, 47042.58, "combined_combinatorial"], [16609.14225632609, 47633.67, "combined_combinatorial"], [16610.69448979384, 48121.63, "combined_combinatorial"], [16623.79125632609, 48705.94, "combined_combinatorial"], [16623.797959978605, 49289.7, "combined_combinatorial"], [16633.16867929239, 49827.83, "combined_combinatorial"], [16636.024959978604, 50372.7, "combined_combinatorial"], [16642.04567929239, 51465.04, "combined_combinatorial"], [16647.61528947982, 52585.53, "combined_combinatorial"], [16663.917257003075, 53699.51, "combined_combinatorial"], [16663.91790782907, 54235.17, "combined_combinatorial"], [16665.239361221684, 54762.69, "combined_combinatorial"], [16670.34842107813, 55276.2, "combined_combinatorial"], [16671.695336094246, 55859.29, "combined_combinatorial"], [16671.774613657577, 56443.54, "combined_combinatorial"], [16673.619577220543, 57034.89, "combined_combinatorial"], [16678.372613657575, 57607.32, "combined_combinatorial"], [16678.778613657578, 58167.36, "combined_combinatorial"], [16678.782916057196, 59202.52, "combined_combinatorial"], [16678.810955543162, 60246.93, "combined_combinatorial"], [16678.815242681456, 60763.13, "combined_combinatorial"], [16678.815574254437, 61279.05, "combined_combinatorial"], [16678.815586591067, 62311.82, "combined_combinatorial"], [16683.17396753939, 63324.01, "combined_combinatorial"], [16683.176874670902, 63838.85, "combined_combinatorial"], [16687.069084343806, 64383.51, "combined_combinatorial"], [16691.22938556984, 64887.13, "combined_combinatorial"], [16691.372907587785, 65412.45, "combined_combinatorial"], [16692.038561835343, 66427.84, "combined_combinatorial"], [16692.594734139573, 66912.72, "combined_combinatorial"], [16692.744734139575, 67858.75, "combined_combinatorial"], [16692.828561835344, 68353.29, "combined_combinatorial"], [16695.857586591068, 70329.33, "combined_combinatorial"], [16696.573561835343, 70815.55, "combined_combinatorial"], [16696.681561835343, 71295.2, "combined_combinatorial"], [16696.68558659107, 71798.8, "combined_combinatorial"], [16701.243734139574, 72281.02, "combined_combinatorial"], [16702.007734139574, 72754.51, "combined_combinatorial"], [16702.847084343804, 73302.35, "combined_combinatorial"], [16704.107531738162, 73774.38, "combined_combinatorial"], [16704.147531738163, 74248.04, "combined_combinatorial"], [16705.198561835343, 74719.12, "combined_combinatorial"], [16706.869272024927, 75373.71, "combined_combinatorial"], [16712.862140760044, 76438.51, "combined_combinatorial"], [16714.064561835345, 76922.31, "combined_combinatorial"], [16716.170900293222, 77455.52, "combined_combinatorial"], [16716.190548964114, 78000.6, "combined_combinatorial"], [16716.690548964114, 79668.86, "combined_combinatorial"], [16716.7278746709, 80247.0, "combined_combinatorial"], [16717.038548964112, 80874.32, "combined_combinatorial"], [16717.118812481258, 81546.83, "combined_combinatorial"], [16719.24253173816, 82162.86, "combined_combinatorial"], [16725.060140760044, 82889.76, "combined_combinatorial"], [16734.42293549825, 83566.31, "combined_combinatorial"], [16734.455010955582, 84236.61, "combined_combinatorial"], [16734.480985683073, 86284.9, "combined_combinatorial"]], "upper_bounds": [[30493.070949589855, 8356.65]]}}