{
    "input parameters": [
        "7",
        "0",
        "500",
        "X",
        "500_500",
        "preprocessing"
    ],
    "instance": {
        "facilities": 500,
        "customers": 500
    },
    "times": {
        "total_time in s": 3600.39,
        "model_building_time in s": 465.31,
        "model_solving_time in s": 3135.08
    },
    "nodes": {
        "total": 577.0
    },
    "solution": {
        "LB": 9749.1406,
        "UB": 12872.3787,
        "gap in %": 0.24,
        "incumbent": [
            25,
            29,
            31,
            33,
            48,
            59,
            62,
            86,
            91,
            104,
            107,
            109,
            110,
            123,
            126,
            129,
            131,
            161,
            171,
            190,
            212,
            215,
            216,
            227,
            242,
            273,
            277,
            282,
            306,
            322,
            362,
            367,
            369,
            374,
            378,
            379,
            416,
            422,
            445,
            458,
            460,
            466,
            470,
            473
        ],
        "memory in MB": 2089.76
    },
    "bounds": {
        "lower_bounds": [
            [
                0.0,
                19.808055877685547
            ],
            [
                9290.477094866335,
                84.5281708240509
            ],
            [
                9371.054899090153,
                163.4756259918213
            ],
            [
                9372.623102638123,
                165.46972799301147
            ],
            [
                9374.492874119758,
                166.21958780288696
            ],
            [
                9374.50104362485,
                166.484148979187
            ],
            [
                9417.387911387334,
                206.16836380958557
            ],
            [
                9419.969216498677,
                214.76634788513184
            ],
            [
                9420.54661152213,
                216.1832618713379
            ],
            [
                9420.639994566869,
                216.5842409133911
            ],
            [
                9420.648182906458,
                216.82689690589905
            ],
            [
                9456.22201606581,
                241.51401686668396
            ],
            [
                9459.961637752758,
                244.76040482521057
            ],
            [
                9465.489147331878,
                428.56976985931396
            ],
            [
                9467.985878897169,
                432.3750009536743
            ],
            [
                9468.342983362503,
                433.43448185920715
            ],
            [
                9468.41187801179,
                434.1669828891754
            ],
            [
                9468.41294308505,
                434.42305278778076
            ],
            [
                9513.475771341824,
                462.6742088794708
            ],
            [
                9518.099765111063,
                471.683522939682
            ],
            [
                9518.451136096624,
                472.8233208656311
            ],
            [
                9518.457429716911,
                473.13657093048096
            ],
            [
                9538.920076097023,
                494.55902791023254
            ],
            [
                9542.083655819593,
                499.8155210018158
            ],
            [
                9543.424890035563,
                502.28290581703186
            ],
            [
                9543.840850009688,
                503.2493669986725
            ],
            [
                9543.88645898053,
                504.0305349826813
            ],
            [
                9543.890356585538,
                504.30957794189453
            ],
            [
                9554.768756218584,
                517.1608748435974
            ],
            [
                9557.3014490545,
                522.0996239185333
            ],
            [
                9558.248784370187,
                523.672730922699
            ],
            [
                9558.465633267197,
                524.4807918071747
            ],
            [
                9558.52311479572,
                525.0108969211578
            ],
            [
                9558.554448728153,
                525.4631969928741
            ],
            [
                9562.073630228813,
                530.5282437801361
            ],
            [
                9562.898423975352,
                533.2513089179993
            ],
            [
                9563.145534544185,
                534.3943688869476
            ],
            [
                9563.236052921757,
                535.0012819766998
            ],
            [
                9563.262286387058,
                535.3544600009918
            ],
            [
                9564.389166341261,
                538.6110348701477
            ],
            [
                9564.726624896508,
                541.7995269298553
            ],
            [
                9564.767663882287,
                542.2668478488922
            ],
            [
                9564.772460591605,
                542.5092658996582
            ],
            [
                9565.451730018201,
                545.6550297737122
            ],
            [
                9565.520232664046,
                547.4105548858643
            ],
            [
                9565.523130656211,
                547.7958409786224
            ],
            [
                9565.83680624892,
                550.3014760017395
            ],
            [
                9565.883196810122,
                552.9277849197388
            ],
            [
                9565.898086175268,
                553.3217258453369
            ],
            [
                9566.211532858188,
                556.0034539699554
            ],
            [
                9566.238443658322,
                557.4618549346924
            ],
            [
                9566.280541436008,
                559.7582159042358
            ],
            [
                9566.301516326303,
                559.8646779060364
            ],
            [
                9566.315388533323,
                597.6814367771149
            ],
            [
                9595.518690641442,
                627.1542868614197
            ],
            [
                9595.650887160287,
                637.7435898780823
            ],
            [
                9643.063863667734,
                649.1870329380035
            ],
            [
                9670.208574379081,
                1199.7335238456726
            ],
            [
                9670.267164558165,
                1404.5997548103333
            ],
            [
                9688.465891547883,
                1731.119560956955
            ],
            [
                9725.746288629896,
                1890.1008729934692
            ],
            [
                9733.648697465029,
                2908.8737919330597
            ],
            [
                9743.983810208349,
                2925.1785979270935
            ],
            [
                9748.017951505506,
                2932.6077029705048
            ],
            [
                9748.882750028853,
                2935.171919822693
            ],
            [
                9748.962702342322,
                2936.071423768997
            ],
            [
                9749.055342389243,
                2936.9857869148254
            ],
            [
                9749.137911065372,
                2938.0389997959137
