{"input parameters": ["7", "0", "300", "X", "300_300", "no_Lagrangian"], "instance": {"facilities": 300, "customers": 300}, "times": {"total_time in s": 3603.61, "initialisation_time in s": 52.56, "node_selection_time in s": 0.24, "implied_demands_time in s": 1881.17, "bounds_time in s": 217.86, "variable_selection in s": 1094.42, "greedy_heuristics_time in s": 310.03, "other_time in s": 47.33}, "nodes": {"total": 413, "pruned": 0, "infeasible": 0, "finished": 0}, "solution": {"LB": 5837.4515, "UB": 8727.7548, "gap in %": 33.12, "incumbent": [13, 25, 36, 46, 58, 59, 61, 63, 89, 90, 99, 101, 139, 141, 147, 168, 170, 180, 207, 219, 220, 236, 238, 253, 276, 286], "memory in MB": 2222.94}, "bounds": {"lower_bounds": [[5367.127, 52.56], [5367.337, 121.18, "combined_combinatorial"], [5367.339, 132.23, "combined_combinatorial"], [5368.409, 164.35, "combined_combinatorial"], [5369.658, 174.84, "combined_combinatorial"], [5401.387003482553, 205.33, "combined_combinatorial"], [5403.542, 215.54, "combined_combinatorial"], [5403.756818175322, 255.39, "combined_combinatorial"], [5403.794818175323, 274.48, "combined_combinatorial"], [5404.339818175322, 283.71, "combined_combinatorial"], [5405.172286222149, 292.49, "combined_combinatorial"], [5406.6492862221485, 300.99, "combined_combinatorial"], [5445.287003482554, 310.66, "combined_combinatorial"], [5445.297239129481, 320.18, "combined_combinatorial"], [5445.311048978533, 338.99, "combined_combinatorial"], [5449.343191721267, 410.74, "combined_combinatorial"], [5450.249191721267, 413.07, "combined_combinatorial"], [5471.204048978533, 421.67, "combined_combinatorial"], [5477.950804149059, 429.44, "combined_combinatorial"], [5479.154050711533, 469.07, "combined_combinatorial"], [5488.392859356714, 479.65, "combined_combinatorial"], [5488.845859356714, 520.83, "combined_combinatorial"], [5488.8848593567145, 530.66, "combined_combinatorial"], [5490.001254196488, 540.05, "combined_combinatorial"], [5490.174677532035, 549.91, "combined_combinatorial"], [5490.253677532036, 569.27, "combined_combinatorial"], [5491.222726397931, 634.73, "combined_combinatorial"], [5491.516491071737, 652.64, "combined_combinatorial"], [5492.688899754959, 678.08, "combined_combinatorial"], [5495.960050711533, 687.84, "combined_combinatorial"], [5506.095657705399, 695.75, "combined_combinatorial"], [5506.432, 720.91, "combined_combinatorial"], [5507.716872817827, 728.68, "combined_combinatorial"], [5507.871872817826, 736.19, "combined_combinatorial"], [5507.9478728178265, 743.46, "combined_combinatorial"], [5510.212, 752.82, "combined_combinatorial"], [5515.497, 761.95, "combined_combinatorial"], [5516.66, 770.32, "combined_combinatorial"], [5525.28019768637, 777.59, "combined_combinatorial"], [5526.408445290215, 786.12, "combined_combinatorial"], [5526.761445290215, 794.65, "combined_combinatorial"], [5527.692860560585, 812.1, "combined_combinatorial"], [5532.777445290216, 820.43, "combined_combinatorial"], [5538.067149080442, 836.67, "combined_combinatorial"], [5538.359574124233, 852.59, "combined_combinatorial"], [5538.476860560585, 861.62, "combined_combinatorial"], [5538.480822314298, 870.74, "combined_combinatorial"], [5540.052574124233, 878.46, "combined_combinatorial"], [5545.818574124232, 885.93, "combined_combinatorial"], [5547.6765741242325, 893.41, "combined_combinatorial"], [5547.946392299555, 908.25, "combined_combinatorial"], [5549.234051077981, 923.51, "combined_combinatorial"], [5580.254904722477, 930.65, "combined_combinatorial"], [5582.136660039732, 939.37, "combined_combinatorial"], [5590.332517062114, 964.3, "combined_combinatorial"], [5592.308732174541, 972.0, "combined_combinatorial"], [5594.240859356714, 981.67, "combined_combinatorial"], [5599.944859356714, 990.98, "combined_combinatorial"], [5603.752859356713, 999.7, "combined_combinatorial"], [5611.547904722478, 1006.52, "combined_combinatorial"], [5617.96460597158, 1016.02, "combined_combinatorial"], [5623.434909620455, 1023.43, "combined_combinatorial"], [5623.581643622663, 1030.83, "combined_combinatorial"], [5623.617857787221, 1038.09, "combined_combinatorial"], [5624.7254697253065, 1049.65, "combined_combinatorial"], [5625.216701522743, 1056.88, "combined_combinatorial"], [5627.716051077981, 1059.2, "combined_combinatorial"], [5627.818057043085, 1066.58, "combined_combinatorial"], [5632.651304896263, 1073.36, "combined_combinatorial"], [5633.190568321095, 1080.46, "combined_combinatorial"], [5636.133924297592, 1088.79, "combined_combinatorial"], [5637.40302712313, 1096.49, "combined_combinatorial"], [5638.762701522743, 1111.06, "combined_combinatorial"], [5640.0334697253065, 1122.15, "combined_combinatorial"], [5642.156027123131, 1162.63, "combined_combinatorial"], [5645.254574286198, 1169.73, "combined_combinatorial"], [5657.846027123131, 1176.96, "combined_combinatorial"], [5660.149764079191, 1184.34, "combined_combinatorial"], [5670.308251069015, 1191.23, "combined_combinatorial"], [5670.3273255669355, 1204.95, "combined_combinatorial"], [5670.6650844688, 1213.16, "combined_combinatorial"], [5673.583560879456, 1220.67, "combined_combinatorial"], [5674.804368024326, 1228.7, "combined_combinatorial"], [5677.762368024327, 1236.57, "combined_combinatorial"], [5678.020469725307, 1247.51, "combined_combinatorial"], [5678.475368024327, 1255.23, "combined_combinatorial"], [5679.16539415251, 1257.29, "combined_combinatorial"], [5680.297764079191, 1264.62, "combined_combinatorial"], [5680.333368024327, 1272.25, "combined_combinatorial"], [5680.603186199648, 1287.19, "combined_combinatorial"], [5683.254710068236, 1295.36, "combined_combinatorial"], [5683.285361262082, 1303.55, "combined_combinatorial"], [5684.085203912793, 1314.0, "combined_combinatorial"], [5684.419203912793, 1324.56, "combined_combinatorial"], [5685.987361262082, 1342.8, "combined_combinatorial"], [5687.477635690649, 1349.63, "combined_combinatorial"], [5687.481458380461, 1356.69, "combined_combinatorial"], [5687.537635690649, 1363.44, "combined_combinatorial"], [5687.543592831676, 1369.86, "combined_combinatorial"], [5693.748997560586, 1379.54, "combined_combinatorial"], [5693.763536874687, 1389.34, "combined_combinatorial"], [5694.121764373911, 1395.74, "combined_combinatorial"], [5695.329381849081, 1402.11, "combined_combinatorial"], [5695.403536874687, 1412.0, "combined_combinatorial"], [5695.546536874687, 1421.62, "combined_combinatorial"], [5695.588536874687, 1440.88, "combined_combinatorial"], [5696.948467238981, 1514.63, "combined_combinatorial"], [5697.126467238981, 1523.43, "combined_combinatorial"], [5697.159355050009, 1532.18, "combined_combinatorial"], [5697.280355050008, 1548.88, "combined_combinatorial"], [5699.07783290699, 1556.11, "combined_combinatorial"], [5699.435355050009, 1564.17, "combined_combinatorial"], [5703.514197789903, 1574.59, "combined_combinatorial"], [5704.042355050009, 1582.47, "combined_combinatorial"], [5705.56302712313, 1584.64, "combined_combinatorial"], [5706.537560879457, 1591.69, "combined_combinatorial"], [5707.297355050008, 1599.57, "combined_combinatorial"], [5712.584574124232, 1614.58, "combined_combinatorial"], [5713.48260269664, 1624.37, "combined_combinatorial"], [5715.459787393567, 1644.51, "combined_combinatorial"], [5716.40425959501, 1654.63, "combined_combinatorial"], [5716.437147406039, 1664.71, "combined_combinatorial"], [5716.503912079844, 1674.7, "combined_combinatorial"], [5716.507912079844, 1694.65, "combined_combinatorial"], [5717.587912079844, 1723.58, "combined_combinatorial"], [5718.481004904661, 1731.41, "combined_combinatorial"], [5719.568912079843, 1740.9, "combined_combinatorial"], [5719.582221691125, 1759.43, "combined_combinatorial"], [5720.833775938529, 1766.34, "combined_combinatorial"], [5721.796564450353, 1782.71, "combined_combinatorial"], [5721.816564450352, 1792.27, "combined_combinatorial"], [5722.0355644503525, 1801.79, "combined_combinatorial"], [5722.394787638782, 1813.48, "combined_combinatorial"], [5726.86476897717, 