{"input parameters": ["7", "0", "500", "X", "500_500", "Lagrangian"], "instance": {"facilities": 500, "customers": 500}, "times": {"total_time in s": 3620.64, "initialisation_time in s": 510.18, "node_selection_time in s": 0.06, "implied_demands_time in s": 1273.09, "bounds_time in s": 1199.37, "variable_selection in s": 453.68, "greedy_heuristics_time in s": 170.93, "other_time in s": 13.33}, "nodes": {"total": 43, "pruned": 0, "infeasible": 0, "finished": 0}, "solution": {"LB": 8460.3646, "UB": 13734.9972, "gap in %": 38.4, "incumbent": [29, 38, 48, 59, 62, 88, 101, 107, 109, 110, 123, 131, 161, 171, 185, 187, 190, 199, 215, 216, 221, 233, 273, 277, 281, 282, 322, 342, 361, 362, 367, 370, 375, 400, 416, 422, 458, 460, 466, 470, 476], "memory in MB": 1239.66}, "bounds": {"lower_bounds": [[8247.622, 510.18], [8250.557, 1029.54, "combined_combinatorial"], [8255.94, 1198.48, "combined_combinatorial"], [8260.301, 1280.23, "combined_combinatorial"], [8262.529, 1440.11, "combined_combinatorial"], [8267.438, 1517.32, "combined_combinatorial"], [8368.409462343214, 1686.09, "combined_combinatorial"], [8382.313, 1754.95, "combined_combinatorial"], [8395.028942841138, 1826.98, "combined_combinatorial"], [8404.808241476834, 1896.67, "combined_combinatorial"], [8419.934119, 1974.62, "combined_combinatorial"], [8420.231942841137, 2045.97, "combined_combinatorial"], [8420.448942841138, 2116.04, "combined_combinatorial"], [8423.702119, 2193.01, "combined_combinatorial"], [8423.716456024318, 2346.87, "combined_combinatorial"], [8427.368487763926, 2423.37, "combined_combinatorial"], [8427.400190624197, 2499.43, "combined_combinatorial"], [8429.448764795421, 2569.54, "combined_combinatorial"], [8430.417764795422, 2709.19, "combined_combinatorial"], [8430.472569379192, 2779.28, "combined_combinatorial"], [8430.632399709832, 2846.1, "combined_combinatorial"], [8433.693399709831, 2910.39, "combined_combinatorial"], [8444.22800314912, 2986.28, "combined_combinatorial"], [8455.476057511327, 3061.18, "combined_combinatorial"], [8456.525057511328, 3209.17, "combined_combinatorial"], [8456.707057511327, 3282.29, "combined_combinatorial"], [8458.86329571936, 3496.95, "combined_combinatorial"], [8460.36461525549, 3560.8, "combined_combinatorial"]], "upper_bounds": [[13734.997180758515, 510.18]]}}