{"input parameters": ["7", "0", "700", "X", "700_700", "no_Lagrangian"], "instance": {"facilities": 700, "customers": 700}, "times": {"total_time in s": 3667.47, "initialisation_time in s": 1621.99, "node_selection_time in s": 0.04, "implied_demands_time in s": 1351.82, "bounds_time in s": 36.89, "variable_selection in s": 455.32, "greedy_heuristics_time in s": 190.73, "other_time in s": 10.68}, "nodes": {"total": 20, "pruned": 0, "infeasible": 0, "finished": 0}, "solution": {"LB": 11412.3123, "UB": 21640.8344, "gap in %": 47.26, "incumbent": [9, 17, 35, 61, 62, 73, 74, 76, 89, 108, 113, 121, 133, 139, 141, 149, 162, 206, 208, 243, 247, 254, 272, 292, 297, 307, 318, 347, 355, 376, 385, 417, 423, 434, 436, 459, 460, 462, 467, 468, 469, 470, 526, 540, 558, 565, 589, 616, 630, 633, 647, 649, 662, 668, 671, 673, 678, 689, 694, 696, 697], "memory in MB": 1149.89}, "bounds": {"lower_bounds": [[11087.618, 1621.99], [11092.389, 1862.32, "combined_combinatorial"], [11094.843, 1982.54, "combined_combinatorial"], [11099.852, 2102.44, "combined_combinatorial"], [11102.33, 2221.09, "combined_combinatorial"], [11107.217, 2339.82, "combined_combinatorial"], [11107.449, 2458.77, "combined_combinatorial"], [11108.604, 2577.69, "combined_combinatorial"], [11129.761, 2695.92, "combined_combinatorial"], [11139.824, 2812.25, "combined_combinatorial"], [11161.279, 2923.38, "combined_combinatorial"], [11196.007, 3026.98, "combined_combinatorial"], [11335.231, 3130.17, "combined_combinatorial"], [11351.651, 3231.59, "combined_combinatorial"], [11359.198312558048, 3346.63, "combined_combinatorial"], [11391.722586700716, 3446.72, "combined_combinatorial"], [11412.312312558048, 3563.32, "combined_combinatorial"]], "upper_bounds": [[21795.04838038987, 1621.99]]}}