{
    "input parameters": [
        "7",
        "0",
        "700",
        "X",
        "700_700",
        "preprocessing"
    ],
    "instance": {
        "facilities": 700,
        "customers": 700
    },
    "times": {
        "total_time in s": 3600.03,
        "model_building_time in s": 2231.34,
        "model_solving_time in s": 1368.68
    },
    "nodes": {
        "total": 6.0
    },
    "solution": {
        "LB": 13573.1631,
        "UB": 19744.3846,
        "gap in %": 0.31,
        "incumbent": [
            5,
            12,
            17,
            21,
            22,
            38,
            57,
            61,
            74,
            89,
            103,
            108,
            113,
            133,
            141,
            148,
            162,
            206,
            208,
            209,
            224,
            230,
            247,
            254,
            292,
            293,
            307,
            313,
            315,
            317,
            318,
            356,
            382,
            385,
            391,
            417,
            423,
            430,
            434,
            459,
            461,
            462,
            467,
            469,
            517,
            522,
            526,
            528,
            548,
            564,
            587,
            616,
            630,
            639,
            649,
            668,
            671,
            678,
            693,
            694,
            696,
            697
        ],
        "memory in MB": 2686.81
    },
    "bounds": {
        "lower_bounds": [
            [
                0.0,
                42.32302212715149
            ],
            [
                13118.092128173077,
                214.63295912742615
            ],
            [
                13151.556037300345,
                398.7175271511078
            ],
            [
                13267.818790064455,
                670.4992690086365
            ],
            [
                13271.132294301848,
                681.6197919845581
            ],
            [
                13271.586927412227,
                682.8871810436249
            ],
            [
                13373.52116873937,
                771.8055860996246
            ],
            [
                13382.711442004487,
                802.355870962143
            ],
            [
                13383.744242794397,
                807.1945669651031
            ],
            [
                13383.83588081237,
                809.7311360836029
            ],
            [
                13383.88199173446,
                810.3634901046753
            ],
            [
                13453.628572157562,
                880.5643301010132
            ],
            [
                13460.64445301545,
                896.1339881420135
            ],
            [
                13461.180066051684,
                899.8204960823059
            ],
            [
                13461.240463591233,
                900.6374270915985
            ],
            [
                13461.282367348438,
                901.6976029872894
            ],
            [
                13461.303189414326,
                902.4415121078491
            ],
            [
                13491.039734028147,
                935.1362590789795
            ],
            [
                13495.396418344102,
                993.4320080280304
            ],
            [
                13495.98152491957,
                997.2222571372986
            ],
            [
                13496.06984651725,
                998.8017690181732
            ],
            [
                13496.075005386198,
                999.3338251113892
            ],
            [
                13509.138772726876,
                1023.1022751331329
            ],
            [
                13511.236269560428,
                1034.4616069793701
            ],
            [
                13511.574323288018,
                1036.2813920974731
            ],
            [
                13511.682036025482,
                1037.9656209945679
            ],
            [
                13511.697350527638,
                1038.741809129715
            ],
            [
                13518.244318964411,
                1056.0836400985718
            ],
            [
                13519.654996854004,
                1062.2987580299377
            ],
            [
                13520.153871482378,
                1065.8607959747314
            ],
            [
                13520.577584815552,
                1067.8447499275208
            ],
            [
                13520.608062120049,
                1068.7458379268646
            ],
            [
                13527.619751516384,
                1085.3585290908813
            ],
            [
                13528.712708124232,
                1092.235554933548
            ],
            [
                13529.21284505037,
                1093.97318816185
            ],
            [
                13529.891823383445,
                1096.849270105362
            ],
            [
                13530.035827583346,
                1098.285567998886
            ],
            [
                13530.048142509288,
                1099.052521944046
            ],
            [
                13532.385968405959,
                1109.466166973114
            ],
            [
                13533.184326961116,
                1115.7668371200562
            ],
            [
                13533.301258933468,
                1116.958650112152
            ],
            [
                13533.320402291774,
                1117.5836400985718
            ],
            [
                13535.118056833513,
                1125.8136010169983
            ],
            [
                13535.322418600876,
                1131.5243980884552
            ],
            [
                13535.354549916061,
                1132.5423440933228
            ],
            [
                13536.15540478349,
                1141.2512910366058
            ],
            [
                13536.331993546879,
                1145.089702129364
            ],
            [
                13536.407810813242,
                1146.2200729846954
            ],
            [
                13536.409552332407,
                1146.7503509521484
            ],
            [
                13536.619641695566,
                1151.7352030277252
            ],
            [
                13536.740875255973,
                1156.7990291118622
            ],
            [
                13536.77923248166,
                1157.7854771614075
            ],
            [
                13537.100729339998,
                1163.4751510620117
            ],
            [
                13537.138826823662,
                1166.0255000591278
            ],
            [
                13537.493427621372,
                1170.4348311424255
            ],
            [
                13537.571423733663,
                1170.6748940944672
            ],
            [
                13541.593197795495,
                1272.5218930244446
            ],
            [
                13549.245485672674,
                1345.0210800170898
            ],
            [
                13573.163073461283,
                1357.673439025879
            ]
        ],