{"input parameters": ["7", "0", "1000", "X", "1000_1000", "no_Lagrangian"], "instance": {"facilities": 1000, "customers": 1000}, "times": {"total_time in s": 86608.77, "initialisation_time in s": 7904.14, "node_selection_time in s": 1.28, "implied_demands_time in s": 49786.04, "bounds_time in s": 1174.66, "variable_selection in s": 20445.54, "greedy_heuristics_time in s": 6996.67, "other_time in s": 300.44}, "nodes": {"total": 218, "pruned": 0, "infeasible": 0, "finished": 0}, "solution": {"LB": 16813.6925, "UB": 31148.9504, "gap in %": 46.02, "incumbent": [0, 1, 13, 19, 44, 49, 66, 85, 89, 93, 97, 108, 116, 132, 135, 151, 158, 161, 186, 212, 219, 225, 226, 228, 232, 239, 248, 256, 263, 281, 285, 305, 316, 322, 324, 333, 336, 340, 361, 382, 387, 398, 419, 420, 452, 455, 463, 492, 509, 513, 521, 534, 538, 546, 547, 568, 577, 596, 625, 628, 631, 633, 660, 663, 673, 679, 681, 686, 693, 707, 731, 742, 755, 764, 766, 792, 793, 794, 796, 805, 820, 830, 836, 838, 847, 870, 884, 901, 908, 961, 964, 966, 987, 992, 999], "memory in MB": 14723.8}, "bounds": {"lower_bounds": [[16213.292, 7904.14], [16214.198, 8614.25, "combined_combinatorial"], [16215.405, 9322.52, "combined_combinatorial"], [16215.714, 9677.4, "combined_combinatorial"], [16215.809, 10028.52, "combined_combinatorial"], [16215.981, 10380.75, "combined_combinatorial"], [16221.639, 11068.76, "combined_combinatorial"], [16256.580985380511, 11414.12, "combined_combinatorial"], [16256.584985380512, 11758.57, "combined_combinatorial"], [16256.690294415332, 12804.83, "combined_combinatorial"], [16256.743294415332, 13500.02, "combined_combinatorial"], [16256.910294415331, 14207.65, "combined_combinatorial"], [16259.614294415333, 14560.16, "combined_combinatorial"], [16260.357294415331, 15261.59, "combined_combinatorial"], [16266.014294415332, 15609.53, "combined_combinatorial"], [16266.265294415332, 15957.52, "combined_combinatorial"], [16277.169294415331, 16300.69, "combined_combinatorial"], [16302.910168914486, 16642.6, "combined_combinatorial"], [16319.601677363402, 16983.3, "combined_combinatorial"], [16347.384021048827, 17318.92, "combined_combinatorial"], [16381.321, 17664.0, "combined_combinatorial"], [16409.41029441533, 18007.56, "combined_combinatorial"], [16424.65729441533, 18347.3, "combined_combinatorial"], [16430.30848758327, 18696.41, "combined_combinatorial"], [16431.057772160886, 19379.69, "combined_combinatorial"], [16440.96229441533, 19720.07, "combined_combinatorial"], [16443.61929441533, 20396.57, "combined_combinatorial"], [16454.078772160883, 20732.87, "combined_combinatorial"], [16459.381785260808, 21417.27, "combined_combinatorial"], [16459.43648979384, 23167.1, "combined_combinatorial"], [16464.745487583266, 23516.56, "combined_combinatorial"], [16465.19751549373, 23863.95, "combined_combinatorial"], [16468.99829441533, 24182.64, "combined_combinatorial"], [16491.857319027684, 24523.73, "combined_combinatorial"], [16494.990319027685, 24864.91, "combined_combinatorial"], [16500.002988434513, 25526.44, "combined_combinatorial"], [16502.49, 25876.85, "combined_combinatorial"], [16502.73887274191, 26226.29, "combined_combinatorial"], [16504.136216427338, 26577.31, "combined_combinatorial"], [16507.76851549373, 26929.73, "combined_combinatorial"], [16514.349772160884, 27267.93, "combined_combinatorial"], [16514.35267929239, 27605.94, "combined_combinatorial"], [16535.374679292392, 27941.55, "combined_combinatorial"], [16545.61948979384, 28297.73, "combined_combinatorial"], [16563.036679292392, 29359.92, "combined_combinatorial"], [16579.17748979384, 30053.29, "combined_combinatorial"], [16586.553, 30411.34, "combined_combinatorial"], [16588.302967539392, 30768.07, "combined_combinatorial"], [16588.70181942932, 31153.98, "combined_combinatorial"], [16603.660514406194, 31513.43, "combined_combinatorial"], [16603.6634215377, 31873.91, "combined_combinatorial"], [16607.850834048808, 32619.07, "combined_combinatorial"], [16608.76048485197, 33006.32, "combined_combinatorial"], [16608.83648485197, 33393.64, "combined_combinatorial"], [16609.14225632609, 33780.31, "combined_combinatorial"], [16610.69448979384, 34125.39, "combined_combinatorial"], [16623.79125632609, 34513.94, "combined_combinatorial"], [16623.797959978605, 34900.52, "combined_combinatorial"], [16633.16867929239, 35247.15, "combined_combinatorial"], [16636.024959978604, 35630.71, "combined_combinatorial"], [16642.04567929239, 36351.41, "combined_combinatorial"], [16647.61528947982, 37064.07, "combined_combinatorial"], [16663.917257003075, 37779.71, "combined_combinatorial"], [16663.91790782907, 38117.23, "combined_combinatorial"], [16665.239361221684, 38449.85, "combined_combinatorial"], [16670.34842107813, 38781.44, "combined_combinatorial"], [16671.695336094246, 39149.63, "combined_combinatorial"], [16671.774613657577, 39519.79, "combined_combinatorial"], [16673.619577220543, 39899.05, "combined_combinatorial"], [16678.372613657575, 40271.57, "combined_combinatorial"], [16678.778613657578, 40644.28, "combined_combinatorial"], [16678.782916057196, 41382.68, "combined_combinatorial"], [16678.810955543162, 42118.7, "combined_combinatorial"], [16678.815242681456, 42484.79, "combined_combinatorial"], [16678.815574254437, 42849.85, "combined_combinatorial"], [16678.815586591067, 43583.05, "combined_combinatorial"], [16683.17396753939, 44303.65, "combined_combinatorial"], [16683.176874670902, 44668.86, "combined_combinatorial"], [16687.069084343806, 45065.76, "combined_combinatorial"], [16691.22938556984, 45424.1, "combined_combinatorial"], [16691.372907587785, 45802.0, "combined_combinatorial"], [16692.038561835343, 46524.97, "combined_combinatorial"], [16692.594734139573, 46865.41, "combined_combinatorial"], [16692.744734139575, 47543.0, "combined_combinatorial"], [16692.828561835344, 47892.5, "combined_combinatorial"], [16695.857586591068, 49296.58, "combined_combinatorial"], [16696.573561835343, 49641.42, "combined_combinatorial"], [16696.681561835343, 49987.28, "combined_combinatorial"], [16696.68558659107, 50345.47, "combined_combinatorial"], [16701.243734139574, 50684.48, "combined_combinatorial"], [16702.007734139574, 51018.75, "combined_combinatorial"], [16702.847084343804, 51410.44, "combined_combinatorial"], [16704.107531738162, 51744.73, "combined_combinatorial"], [16704.147531738163, 52079.17, "combined_combinatorial"], [16705.198561835343, 52420.12, "combined_combinatorial"], [16706.869272024927, 52847.59, "combined_combinatorial"], [16712.862140760044, 53606.69, "combined_combinatorial"], [16714.064561835345, 53938.78, "combined_combinatorial"], [16716.170900293222, 54307.83, "combined_combinatorial"], [16716.190548964114, 54683.22, "combined_combinatorial"], [16716.690548964114, 55803.92, "combined_combinatorial"], [16716.7278746709, 56168.56, "combined_combinatorial"], [16717.038548964112, 56541.49, "combined_combinatorial"], [16717.118812481258, 56907.13, "combined_combinatorial"], [16719.24253173816, 57242.52, "combined_combinatorial"], [16725.060140760044, 57633.44, "combined_combinatorial"], [16734.42293549825, 58020.07, "combined_combinatorial"], [16734.455010955582, 58405.74, "combined_combinatorial"], [16734.480985683073, 59561.47, "combined_combinatorial"], [16737.944140760043, 59959.2, "combined_combinatorial"], [16744.5788746709, 60331.33, "combined_combinatorial"], [16749.12955395049, 61060.95, "combined_combinatorial"], [16750.16886106763, 61415.26, "combined_combinatorial"], [16754.088443196535, 61766.95, "combined_combinatorial"], [16756.89653173816, 62108.82, "combined_combinatorial"], [16760.446857510622, 62479.3, "combined_combinatorial"], [16762.890461775176, 62864.86, "combined_combinatorial"], [16765.70058659107, 63226.39, "combined_combinatorial"], [16765.889586591067, 63585.92, "combined_combinatorial"], [16765.903893708208, 63944.3, "combined_combinatorial"], [16766.59776871263, 64354.91, "combined_combinatorial"], [16766.640768712627, 64764.25, "combined_combinatorial"], 