{
    "input parameters": [
        "7",
        "0",
        "300",
        "X",
        "300_300",
        "no_preprocessing"
    ],
    "instance": {
        "facilities": 300,
        "customers": 300
    },
    "times": {
        "total_time in s": 3600.08,
        "model_building_time in s": 18.27,
        "model_solving_time in s": 3581.8
    },
    "nodes": {
        "total": 495.0
    },
    "solution": {
        "LB": 5983.3225,
        "UB": 8068.4798,
        "gap in %": 0.26,
        "incumbent": [
            32,
            46,
            58,
            59,
            75,
            92,
            99,
            101,
            107,
            110,
            114,
            139,
            141,
            147,
            168,
            170,
            180,
            183,
            192,
            220,
            236,
            238,
            275,
            276,
            284,
            286
        ],
        "memory in MB": 3799.27
    },
    "bounds": {
        "lower_bounds": [
            [
                0.0,
                114.88196206092834
            ],
            [
                5844.625871295588,
                462.93131589889526
            ],
            [
                5848.768611885769,
                1145.6325378417969
            ],
            [
                5855.683111397383,
                1175.2006838321686
            ],
            [
                5855.713713127739,
                1192.6991698741913
            ],
            [
                5857.606864214977,
                1198.063278913498
            ],
            [
                5857.61688604127,
                1198.9192490577698
            ],
            [
                5858.255188271573,
                1205.6554369926453
            ],
            [
                5868.81362320964,
                1239.3984899520874
            ],
            [
                5868.8924750980605,
                1240.2150540351868
            ],
            [
                5869.189829947017,
                1241.6774718761444
            ],
            [
                5876.754677945152,
                1255.7517879009247
            ],
            [
                5876.7578356095355,
                1256.5432369709015
            ],
            [
                5877.020364091511,
                1258.0533120632172
            ],
            [
                5877.029809330451,
                1258.4475409984589
            ],
            [
                5878.156557258341,
                1264.1131558418274
            ],
            [
                5878.161367748544,
                1264.865967988968
            ],
            [
                5878.869058307273,
                1271.765804052353
            ],
            [
                5878.877796462807,
                1273.8447799682617
            ],
            [
                5879.725214247955,
                1277.0400710105896
            ],
            [
                5879.769006528095,
                1277.8658409118652
            ],
            [
                5879.9799353096205,
                1278.814710855484
            ],
            [
                5880.019409958112,
                1279.3195960521698
            ],
            [
                5880.538034613999,
                1283.2821290493011
            ],
            [
                5880.5487502167525,
                1286.2897000312805
            ],
            [
                5880.641017945822,
                1286.8532979488373
            ],
            [
                5880.6443773979945,
                1288.9844348430634
            ],
            [
                5882.759187874264,
                1293.6170060634613
            ],
            [
                5882.8364618749965,
                1295.548290014267
            ],
            [
                5884.204429768027,
                1298.2213349342346
            ],
            [
                5884.238320977272,
                1298.9829399585724
            ],
            [
                5887.591708945172,
                1306.201022863388
            ],
            [
                5887.59546392355,
                1306.8161840438843
            ],
            [
                5887.64404680706,
                1307.4025659561157
            ],
            [
                5889.09631370092,
                1312.6001470088959
            ],
            [
                5889.112151653573,
                1313.3607199192047
            ],
            [
                5889.582214306132,
                1316.4357478618622
            ],
            [
                5889.589191198252,
                1317.2004008293152
            ],
            [
                5889.783584258143,
                1319.67480301857
            ],
            [
                5889.905477310597,
                1320.4236178398132
            ],
            [
                5890.171475441022,
                1324.0086238384247
            ],
            [
                5890.171524834554,
                1326.085275888443
            ],
            [
                5890.457128171004,
                1327.5147788524628
            ],
            [
                5890.536938026845,
                1329.444993019104
            ],
            [
                5890.58598269454,
                1330.7775909900665
            ],
            [
                5890.756026109507,
                1333.456780910492
            ],
            [
                5890.759305959188,
                1334.182942867279
            ],
            [
                5890.760429567908,
                1334.4347438812256
            ],
            [
                5890.770336054435,
                1336.0246648788452
            ],
            [
                5890.787472529618,
                1336.721909046173
            ],
            [
                5890.857707156547,
                1338.8424308300018
            ],
            [
                5890.899129523025,
                1340.7409439086914
            ],
            [
                5891.738743766861,
                1342.9553909301758
            ],
            [
                5891.740994078566,
                1343.5616109371185
            ],
            [
                5891.86270497116,
                1344.8432550430298
            ],
            [
                5891.877223604071,
                1345.2351248264313
            ],
            [
                5892.06883162738,
                1347.3092799186707
            ],
            [
                5892.074714888566,
                1347.934581041336
            ],
            [
                5892.1228822923495,
                1348.1802229881287
            ],
            [
                5892.349253349941,
                1350.5136048793793
            ],
            [
                5892.376254840911,
                1351.1106009483337
            ],
            [
                5892.407142324504,
                1355.5181069374084
            ],
            [
                5892.414469797448,
                1399.489681005478
            ],
            [
                5892.438245867223,
                1435.059191942215
            ],
            [
                5893.191809589044,
                1453.8422429561615
            ],
            [
                5893.19209262339,
                1454.7830128669739
            ],
            [
                5893.696674075821,
                1462.8748519420624
            ],
            [
                5917.080713614227,
                1490.765892982483
            ],
            [
                5934.318832885812,
                1504.5789029598236
            ],
            [
                5941.3536417599535,
                1513.866082906723
            ],
            [
                5944.278732992729,
