{
    "input parameters": [
        "7",
        "0",
        "500",
        "X",
        "500_500",
        "no_preprocessing"
    ],
    "instance": {
        "facilities": 500,
        "customers": 500
    },
    "times": {
        "total_time in s": 2385.17,
        "model_building_time in s": 75.97,
        "model_solving_time in s": 2309.2
    },
    "nodes": {
        "total": 1.0
    },
    "solution": {
        "LB": 9163.8456,
        "UB": 15839.1533,
        "gap in %": 0.42,
        "incumbent": [
            29,
            48,
            59,
            62,
            86,
            88,
            94,
            104,
            109,
            110,
            111,
            126,
            129,
            131,
            147,
            161,
            187,
            199,
            212,
            215,
            216,
            246,
            257,
            273,
            275,
            277,
            281,
            282,
            300,
            322,
            340,
            342,
            346,
            361,
            362,
            367,
            369,
            370,
            378,
            415,
            417,
            422,
            424,
            445,
            459,
            460,
            466,
            470,
            473,
            476,
            496,
            498
        ],
        "memory in MB": 9899.27
    },
    "bounds": {
        "lower_bounds": [
            [
                0.0,
                300.96123719215393
            ],
            [
                9163.845614879105,
                1772.6024351119995
            ]
        ],
        "upper_bounds": [
            [
                76498.0645974543,
                319.547070980072
            ],
            [
                17397.464846060735,
                1773.7832469940186
            ],
            [
                15839.15332992953,
                1791.6726751327515
            ]
        ]
    }
}