{"input parameters": ["7", "0", "300", "X", "300_300", "Lagrangian"], "instance": {"facilities": 300, "customers": 300}, "times": {"total_time in s": 3603.69, "initialisation_time in s": 56.19, "node_selection_time in s": 0.18, "implied_demands_time in s": 1046.0, "bounds_time in s": 1708.39, "variable_selection in s": 594.1, "greedy_heuristics_time in s": 171.07, "other_time in s": 27.76}, "nodes": {"total": 207, "pruned": 0, "infeasible": 0, "finished": 0}, "solution": {"LB": 5732.7558, "UB": 8112.411, "gap in %": 29.33, "incumbent": [25, 32, 46, 58, 59, 99, 101, 104, 107, 110, 114, 141, 147, 168, 170, 180, 192, 219, 220, 236, 238, 261, 276, 286, 287], "memory in MB": 1214.79}, "bounds": {"lower_bounds": [[5367.127, 56.19], [5367.337, 186.01, "combined_combinatorial"], [5367.339, 205.45, "combined_combinatorial"], [5368.409, 267.06, "combined_combinatorial"], [5369.658, 287.14, "combined_combinatorial"], [5401.387003482553, 345.55, "combined_combinatorial"], [5403.542, 364.96, "combined_combinatorial"], [5403.756818175322, 441.51, "combined_combinatorial"], [5403.794818175323, 478.69, "combined_combinatorial"], [5404.339818175322, 496.67, "combined_combinatorial"], [5405.172286222149, 514.04, "combined_combinatorial"], [5406.6492862221485, 530.76, "combined_combinatorial"], [5445.287003482554, 549.42, "combined_combinatorial"], [5445.297239129481, 568.02, "combined_combinatorial"], [5445.311048978533, 604.79, "combined_combinatorial"], [5449.343191721267, 745.69, "combined_combinatorial"], [5450.249191721267, 751.7, "combined_combinatorial"], [5471.204048978533, 768.61, "combined_combinatorial"], [5477.950804149059, 783.62, "combined_combinatorial"], [5479.154050711533, 860.69, "combined_combinatorial"], [5488.392859356714, 880.65, "combined_combinatorial"], [5488.845859356714, 959.64, "combined_combinatorial"], [5488.8848593567145, 978.84, "combined_combinatorial"], [5490.001254196488, 997.07, "combined_combinatorial"], [5490.174677532035, 1016.25, "combined_combinatorial"], [5490.253677532036, 1054.07, "combined_combinatorial"], [5491.222726397931, 1180.97, "combined_combinatorial"], [5491.516491071737, 1216.01, "combined_combinatorial"], [5492.688899754959, 1265.74, "combined_combinatorial"], [5495.960050711533, 1284.77, "combined_combinatorial"], [5506.095657705399, 1300.33, "combined_combinatorial"], [5506.432, 1349.26, "combined_combinatorial"], [5507.716872817827, 1363.89, "combined_combinatorial"], [5507.871872817826, 1378.44, "combined_combinatorial"], [5507.9478728178265, 1392.72, "combined_combinatorial"], [5510.212, 1411.17, "combined_combinatorial"], [5515.497, 1428.9, "combined_combinatorial"], [5516.66, 1445.12, "combined_combinatorial"], [5525.28019768637, 1459.47, "combined_combinatorial"], [5526.408445290215, 1476.21, "combined_combinatorial"], [5526.761445290215, 1492.85, "combined_combinatorial"], [5527.692860560585, 1527.65, "combined_combinatorial"], [5532.777445290216, 1543.93, "combined_combinatorial"], [5538.067149080442, 1576.23, "combined_combinatorial"], [5538.359574124233, 1607.48, "combined_combinatorial"], [5538.476860560585, 1625.61, "combined_combinatorial"], [5538.480822314298, 1644.03, "combined_combinatorial"], [5540.052574124233, 1659.11, "combined_combinatorial"], [5545.818574124232, 1674.06, "combined_combinatorial"], [5547.6765741242325, 1688.91, "combined_combinatorial"], [5547.946392299555, 1718.28, "combined_combinatorial"], [5549.234051077981, 1748.64, "combined_combinatorial"], [5580.254904722477, 1762.71, "combined_combinatorial"], [5582.136660039732, 1779.96, "combined_combinatorial"], [5590.332517062114, 1828.19, "combined_combinatorial"], [5592.308732174541, 1843.05, "combined_combinatorial"], [5594.240859356714, 1861.72, "combined_combinatorial"], [5599.944859356714, 1879.99, "combined_combinatorial"], [5603.752859356713, 1896.61, "combined_combinatorial"], [5611.547904722478, 1910.27, "combined_combinatorial"], [5617.96460597158, 1928.7, "combined_combinatorial"], [5623.434909620455, 1943.18, "combined_combinatorial"], [5623.581643622663, 1957.64, "combined_combinatorial"], [5623.617857787221, 1971.88, "combined_combinatorial"], [5624.7254697253065, 1993.83, "combined_combinatorial"], [5625.216701522743, 2008.08, "combined_combinatorial"], [5627.716051077981, 2013.93, "combined_combinatorial"], [5627.818057043085, 2028.53, "combined_combinatorial"], [5632.651304896263, 2042.06, "combined_combinatorial"], [5633.190568321095, 2056.33, "combined_combinatorial"], [5636.133924297592, 2072.71, "combined_combinatorial"], [5637.40302712313, 2087.83, "combined_combinatorial"], [5638.762701522743, 2116.54, "combined_combinatorial"], [5640.0334697253065, 2137.77, "combined_combinatorial"], [5642.156027123131, 2215.92, "combined_combinatorial"], [5645.254574286198, 2230.05, "combined_combinatorial"], [5657.846027123131, 2244.48, "combined_combinatorial"], [5660.149764079191, 2259.27, "combined_combinatorial"], [5670.308251069015, 2272.78, "combined_combinatorial"], [5670.3273255669355, 2299.79, "combined_combinatorial"], [5670.6650844688, 2316.16, "combined_combinatorial"], [5673.583560879456, 2330.64, "combined_combinatorial"], [5674.804368024326, 2346.62, "combined_combinatorial"], [5677.762368024327, 2361.97, "combined_combinatorial"], [5678.020469725307, 2382.71, "combined_combinatorial"], [5678.475368024327, 2398.0, "combined_combinatorial"], [5679.16539415251, 2403.37, "combined_combinatorial"], [5680.297764079191, 2417.55, "combined_combinatorial"], [5680.333368024327, 2432.59, "combined_combinatorial"], [5680.603186199648, 2462.27, "combined_combinatorial"], [5683.254710068236, 2478.51, "combined_combinatorial"], [5683.285361262082, 2494.5, "combined_combinatorial"], [5684.085203912793, 2514.97, "combined_combinatorial"], [5684.419203912793, 2535.02, "combined_combinatorial"], [5685.987361262082, 2570.59, "combined_combinatorial"], [5687.477635690649, 2584.04, "combined_combinatorial"], [5687.481458380461, 2597.62, "combined_combinatorial"], [5687.537635690649, 2610.98, "combined_combinatorial"], [5687.543592831676, 2623.97, "combined_combinatorial"], [5693.748997560586, 2642.91, "combined_combinatorial"], [5693.763536874687, 2661.73, "combined_combinatorial"], [5694.121764373911, 2674.76, "combined_combinatorial"], [5695.329381849081, 2687.49, "combined_combinatorial"], [5695.403536874687, 2706.3, "combined_combinatorial"], [5695.546536874687, 2724.94, "combined_combinatorial"], [5695.588536874687, 2761.79, "combined_combinatorial"], [5696.948467238981, 2904.74, "combined_combinatorial"], [5697.126467238981, 2921.93, "combined_combinatorial"], [5697.159355050009, 2939.04, "combined_combinatorial"], [5697.280355050008, 2972.08, "combined_combinatorial"], [5699.07783290699, 2986.5, "combined_combinatorial"], [5699.435355050009, 3002.56, "combined_combinatorial"], [5703.514197789903, 3022.52, "combined_combinatorial"], [5704.042355050009, 3038.19, "combined_combinatorial"], [5705.56302712313, 3043.78, "combined_combinatorial"], [5706.537560879457, 3057.64, "combined_combinatorial"], [5707.297355050008, 3073.06, "combined_combinatorial"], [5712.584574124232, 3102.81, "combined_combinatorial"], [5713.48260269664, 3121.78, "combined_combinatorial"], [5715.459787393567, 3160.78, "combined_combinatorial"], [5716.40425959501, 3180.41, "combined_combinatorial"], [5716.437147406039, 3200.13, "combined_combinatorial"], [5716.503912079844, 3219.43, "combined_combinatorial"], [5716.507912079844, 3257.5, "combined_combinatorial"], [5717.587912079844, 3313.19, "combined_combinatorial"], [5718.481004904661, 3328.57, "combined_combinatorial"], [5719.568912079843, 3346.68, "combined_combinatorial"], [5719.582221691125, 3382.23, "combined_combinatorial"], [5720.833775938529, 3395.96, "combined_combinatorial"], [5721.796564450353, 3428.25, "combined_combinatorial"], [5721.816564450352, 3446.99, "combined_combinatorial"], [5722.0355644503525, 3465.77, "combined_combinatorial"], [5722.394787638782, 3487.86, 