{
    "input parameters": [
        "7",
        "0",
        "300",
        "X",
        "300_300",
        "preprocessing"
    ],
    "instance": {
        "facilities": 300,
        "customers": 300
    },
    "times": {
        "total_time in s": 3600.01,
        "model_building_time in s": 46.22,
        "model_solving_time in s": 3553.79
    },
    "nodes": {
        "total": 1383.0
    },
    "solution": {
        "LB": 6542.5072,
        "UB": 7757.8791,
        "gap in %": 0.16,
        "incumbent": [
            32,
            46,
            58,
            59,
            92,
            99,
            101,
            104,
            107,
            110,
            114,
            117,
            141,
            147,
            168,
            170,
            180,
            192,
            219,
            220,
            236,
            238,
            276,
            284,
            286
        ],
        "memory in MB": 1097.7
    },
    "bounds": {
        "lower_bounds": [
            [
                0.0,
                6.392636060714722
            ],
            [
                5862.460073529711,
                24.86441206932068
            ],
            [
                5911.308189543534,
                47.14966893196106
            ],
            [
                5913.624876854631,
                48.1515851020813
            ],
            [
                5913.935056756362,
                48.602736949920654
            ],
            [
                5913.9351799425995,
                48.76400899887085
            ],
            [
                5962.155891365333,
                58.71802306175232
            ],
            [
                5962.9667890344235,
                59.305258989334106
            ],
            [
                5978.463159311247,
                110.24369311332703
            ],
            [
                5980.854968524477,
                111.19102811813354
            ],
            [
                5981.579508807686,
                111.80450797080994
            ],
            [
                5981.585220551941,
                111.91133904457092
            ],
            [
                6018.649365123756,
                119.55832505226135
            ],
            [
                6022.895839777461,
                121.40257096290588
            ],
            [
                6023.893927140969,
                121.91797590255737
            ],
            [
                6023.904546023875,
                122.04225707054138
            ],
            [
                6045.072042662928,
                128.31423592567444
            ],
            [
                6049.178320275259,
                130.31302690505981
            ],
            [
                6049.788694265009,
                130.82635498046875
            ],
            [
                6049.896701750416,
                131.08648800849915
            ],
            [
                6049.904718615173,
                131.21730709075928
            ],
            [
                6060.278499301704,
                135.18167996406555
            ],
            [
                6061.654212063729,
                136.81476306915283
            ],
            [
                6062.183444650955,
                137.1925048828125
            ],
            [
                6062.335418046875,
                137.47574710845947
            ],
            [
                6062.343028394329,
                137.59858202934265
            ],
            [
                6066.620486600626,
                139.64868903160095
            ],
            [
                6066.993046463128,
                140.52038407325745
            ],
            [
                6067.2698959174995,
                140.78953909873962
            ],
            [
                6067.655086760762,
                141.08107495307922
            ],
            [
                6067.695393704752,
                141.2991659641266
            ],
            [
                6067.696824743834,
                141.3978180885315
            ],
            [
                6070.027722351295,
                143.2109100818634
            ],
            [
                6071.086654288529,
                144.1238579750061
            ],
            [
                6071.211780331409,
                144.43458795547485
            ],
            [
                6071.254238405016,
                144.57795596122742
            ],
            [
                6071.2737659054,
                144.77972793579102
            ],
            [
                6073.488690884064,
                146.47022604942322
            ],
            [
                6074.055772755544,
                147.33082008361816
            ],
            [
                6074.42516910157,
                147.64583706855774
            ],
            [
                6074.5113321879335,
                147.83810710906982
            ],
            [
                6074.518360049014,
                147.9541618824005
            ],
            [
                6075.36372752425,
                149.33487606048584
            ],
            [
                6075.488907561803,
                150.23748397827148
            ],
            [
                6075.491279759698,
                150.3522710800171
            ],
            [
                6076.348363150539,
                151.7918438911438
            ],
            [
                6076.5213199269865,
                152.69485807418823
            ],
            [
                6076.58337240009,
                152.87273788452148
            ],
            [
                6076.595656880233,
                153.01753997802734
            ],
            [
                6076.812301501436,
                154.34808707237244
            ],
            [
                6076.821427095747,
                154.9966380596161
            ],
            [
                6076.946888160557,
                156.07173490524292
            ],
            [
                6077.083404944907,
                157.0433599948883
            ],
            [
                6077.108396434747,
                157.1780140399933
            ],
            [
                6077.17381100117,
                158.099867105484
            ],
            [
                6077.206362164209,
                158.1457600593567
            ],
            [
                6077.248970010285,
                170.6976089477539
            ],
            [
                6077.501096598493,
                182.025230884552
            ],
            [
                6110.308017219383,
                185.3721480369568
            ],
            [
                6110.437549389448,
                189.3766849040985
            ],
            [
                6177.839399892413,
                191.60589003562927
            ],
            [
                6177.891504631778,
                196.1039218902588
            ],
            [
                6205.62954818844,
                196.44236993789673
            ],
            [
                6252.743311943065,
                329.6878879070282
            ],
            [
                6274.294614323231,
                381.5721290111542
            ],
            [
                6277.406684909028,
                416.6199469566345
            ],
            [
                6277.478099142195,
                445.59386706352234
            ],
            [
                6277.895726474153,
                503.79204392433167
            ],
            [
                6278.4485687382185,
                556.2073059082031
            ],
            [
                6278.456898850036,
                626.4014580249786
            ],
            [
                6284.086540279828,
                689.3690030574799
