{"input parameters": ["7", "0", "500", "X", "500_500", "no_Lagrangian"], "instance": {"facilities": 500, "customers": 500}, "times": {"total_time in s": 3635.78, "initialisation_time in s": 571.95, "node_selection_time in s": 0.09, "implied_demands_time in s": 1949.21, "bounds_time in s": 84.84, "variable_selection in s": 738.45, "greedy_heuristics_time in s": 270.11, "other_time in s": 21.13}, "nodes": {"total": 57, "pruned": 0, "infeasible": 0, "finished": 0}, "solution": {"LB": 8466.9735, "UB": 14129.4406, "gap in %": 40.08, "incumbent": [8, 29, 38, 48, 49, 59, 76, 88, 104, 107, 109, 110, 123, 131, 185, 190, 199, 212, 216, 228, 257, 273, 282, 291, 300, 322, 324, 340, 361, 362, 367, 374, 378, 416, 422, 424, 445, 458, 460, 470, 476, 498], "memory in MB": 1535.16}, "bounds": {"lower_bounds": [[8247.622, 571.95], [8250.557, 945.35, "combined_combinatorial"], [8255.94, 1065.24, "combined_combinatorial"], [8260.301, 1124.91, "combined_combinatorial"], [8262.529, 1241.67, "combined_combinatorial"], [8267.438, 1299.77, "combined_combinatorial"], [8368.409462343214, 1426.83, "combined_combinatorial"], [8382.313, 1482.32, "combined_combinatorial"], [8395.028942841138, 1541.06, "combined_combinatorial"], [8404.808241476834, 1595.1, "combined_combinatorial"], [8419.934119, 1656.93, "combined_combinatorial"], [8420.231942841137, 1712.79, "combined_combinatorial"], [8420.448942841138, 1767.96, "combined_combinatorial"], [8423.702119, 1827.94, "combined_combinatorial"], [8423.716456024318, 1949.72, "combined_combinatorial"], [8427.368487763926, 2009.26, "combined_combinatorial"], [8427.400190624197, 2069.09, "combined_combinatorial"], [8429.448764795421, 2124.47, "combined_combinatorial"], [8430.417764795422, 2227.7, "combined_combinatorial"], [8430.472569379192, 2281.28, "combined_combinatorial"], [8430.632399709832, 2332.9, "combined_combinatorial"], [8433.693399709831, 2382.39, "combined_combinatorial"], [8444.22800314912, 2442.72, "combined_combinatorial"], [8455.476057511327, 2501.79, "combined_combinatorial"], [8456.525057511328, 2617.67, "combined_combinatorial"], [8456.707057511327, 2675.91, "combined_combinatorial"], [8458.86329571936, 2843.73, "combined_combinatorial"], [8460.36461525549, 2893.25, "combined_combinatorial"], [8460.99061525549, 2990.48, "combined_combinatorial"], [8461.03329571936, 3045.23, "combined_combinatorial"], [8461.665727124855, 3095.63, "combined_combinatorial"], [8462.291727124855, 3146.17, "combined_combinatorial"], [8465.886571825025, 3440.0, "combined_combinatorial"], [8465.945755512674, 3489.34, "combined_combinatorial"], [8466.973462636159, 3591.65, "combined_combinatorial"]], "upper_bounds": [[14781.095989160385, 571.95]]}}