{
    "input parameters": [
        "7",
        "1",
        "500",
        "X",
        "500_500",
        "preprocessing"
    ],
    "instance": {
        "facilities": 500,
        "customers": 500
    },
    "times": {
        "total_time in s": 3600.26,
        "model_building_time in s": 574.73,
        "model_solving_time in s": 3025.52
    },
    "nodes": {
        "total": 1.0
    },
    "solution": {
        "LB": 10012.7444,
        "UB": 13232.6088,
        "gap in %": 0.24,
        "incumbent": [
            25,
            66,
            86,
            88,
            110,
            131,
            161,
            187,
            190,
            199,
            216,
            227,
            233,
            242,
            257,
            273,
            277,
            282,
            289,
            306,
            322,
            323,
            340,
            342,
            362,
            367,
            370,
            375,
            378,
            379,
            381,
            393,
            416,
            422,
            442,
            445,
            458,
            460,
            466,
            470,
            473,
            476,
            496
        ],
        "memory in MB": 7083.11
    },
    "bounds": {
        "lower_bounds": [
            [
                0.0,
                301.87022495269775
            ],
            [
                10007.602676194865,
                1193.8123288154602
            ],
            [
                10011.565071418203,
                2393.5564749240875
            ],
            [
                10012.744427439804,
                3024.739850997925
            ]
        ],
        "upper_bounds": [
            [
                92868.11916700001,
                313.48977184295654
            ],
            [
                16697.107973,
                1194.5388579368591
            ],
            [
                13476.361918999999,
                1333.3153150081635
            ],
            [
                13232.608804000001,
                2586.874176979065
            ]
        ]
    }
}