{"input parameters": ["7", "1", "300", "X", "300_300", "no_Lagrangian"], "instance": {"facilities": 300, "customers": 300}, "times": {"total_time in s": 3600.63, "initialisation_time in s": 60.03, "node_selection_time in s": 0.07, "implied_demands_time in s": 2628.77, "bounds_time in s": 148.48, "variable_selection in s": 569.08, "greedy_heuristics_time in s": 183.13, "other_time in s": 11.07}, "nodes": {"total": 106, "pruned": 0, "infeasible": 0, "finished": 0}, "solution": {"LB": 5580.1585, "UB": 8304.4143, "gap in %": 32.8, "incumbent": [11, 13, 46, 58, 59, 63, 68, 72, 89, 92, 101, 107, 136, 147, 168, 180, 183, 192, 201, 219, 275, 276, 286, 287], "memory in MB": 616.15}, "bounds": {"lower_bounds": [[5412.792, 60.03], [5415.411, 312.53, "combined_combinatorial"], [5415.616, 458.9, "combined_combinatorial"], [5416.651, 508.21, "combined_combinatorial"], [5417.107, 744.97, "combined_combinatorial"], [5424.453, 1150.75, "combined_combinatorial"], [5425.213, 1238.25, "combined_combinatorial"], [5426.248, 1366.66, "combined_combinatorial"], [5427.058, 1615.0, "combined_combinatorial"], [5427.372, 1695.52, "combined_combinatorial"], [5428.14, 1735.02, "combined_combinatorial"], [5435.076, 1853.39, "combined_combinatorial"], [5435.587, 1930.02, "combined_combinatorial"], [5436.049, 1968.0, "combined_combinatorial"], [5500.252281, 1991.32, "combined_combinatorial"], [5500.742281, 2105.51, "combined_combinatorial"], [5507.844, 2231.43, "combined_combinatorial"], [5508.084, 2378.68, "combined_combinatorial"], [5508.189, 2450.25, "combined_combinatorial"], [5523.491096, 2747.69, "combined_combinatorial"], [5564.742281, 2907.96, "combined_combinatorial"], [5567.822966000001, 2934.66, "combined_combinatorial"], [5571.631323, 3166.05, "combined_combinatorial"], [5571.666323, 3232.65, "combined_combinatorial"], [5579.11647, 3386.92, "combined_combinatorial"], [5580.15847, 3435.03, "combined_combinatorial"]], "upper_bounds": [[9142.017337000001, 60.03]]}}