{
    "input parameters": [
        "7",
        "1",
        "300",
        "X",
        "300_300",
        "preprocessing"
    ],
    "instance": {
        "facilities": 300,
        "customers": 300
    },
    "times": {
        "total_time in s": 3600.05,
        "model_building_time in s": 58.05,
        "model_solving_time in s": 3542.0
    },
    "nodes": {
        "total": 685.0
    },
    "solution": {
        "LB": 6520.5856,
        "UB": 8036.3411,
        "gap in %": 0.19,
        "incumbent": [
            11,
            46,
            58,
            72,
            89,
            99,
            101,
            107,
            112,
            114,
            136,
            143,
            147,
            168,
            170,
            180,
            192,
            201,
            219,
            238,
            276,
            280,
            286,
            287,
            291
        ],
        "memory in MB": 2855.16
    },
    "bounds": {
        "lower_bounds": [
            [
                0.0,
                69.54438209533691
            ],
            [
                6362.146837459672,
                167.26828503608704
            ],
            [
                6363.0376706580255,
                179.92668104171753
            ],
            [
                6363.044053285014,
                192.52033710479736
            ],
            [
                6363.152897768173,
                192.751158952713
            ],
            [
                6363.1673630729565,
                209.57857489585876
            ],
            [
                6363.266063796648,
                210.2600839138031
            ],
            [
                6363.269342708075,
                223.10525393486023
            ],
            [
                6363.278727039248,
                223.51884007453918
            ],
            [
                6363.281467421779,
                253.93228793144226
            ],
            [
                6372.144042750238,
                303.08856296539307
            ],
            [
                6372.217735083413,
                328.4039189815521
            ],
            [
                6411.128627771132,
                336.05874705314636
            ],
            [
                6423.432926797982,
                348.8826038837433
            ],
            [
                6423.4392351596625,
                356.9253659248352
            ],
            [
                6438.547788239703,
                369.9850420951843
            ],
            [
                6438.75546551696,
                870.3821539878845
            ],
            [
                6466.21171059008,
                1181.0856540203094
            ],
            [
                6475.016600589417,
                1674.577663898468
            ],
            [
                6517.849609740036,
                2556.2174968719482
            ],
            [
                6517.867092487886,
                2567.8902349472046
            ],
            [
                6520.585591851197,
                2572.9737689495087
            ]
        ],
        "upper_bounds": [
            [
                102464.13991099999,
                69.87108206748962
            ],
            [
                82790.21524,
                167.83308100700378
            ],
            [
                78336.592584,
                168.08431887626648
            ],
            [
                77931.159934,
                180.06805300712585
            ],
            [
                9422.469061,
                181.188157081604
            ],
            [
                9324.151158,
                253.89052605628967
            ],
            [
                8948.168118000001,
                495.2828381061554
            ],
            [
                8817.875853,
                621.3952760696411
            ],
            [
                8348.473031,
                768.830561876297
            ],
            [
                8074.806746,
                798.6545898914337
            ],
            [
                8036.341123,
                1654.47389793396
            ]
        ]
    }
}