{
    "input parameters": [
        "7",
        "1",
        "300",
        "X",
        "300_300",
        "no_preprocessing"
    ],
    "instance": {
        "facilities": 300,
        "customers": 300
    },
    "times": {
        "total_time in s": 3600.16,
        "model_building_time in s": 18.48,
        "model_solving_time in s": 3581.68
    },
    "nodes": {
        "total": 101.0
    },
    "solution": {
        "LB": 6459.1772,
        "UB": 8061.344,
        "gap in %": 0.2,
        "incumbent": [
            11,
            46,
            58,
            72,
            89,
            99,
            107,
            114,
            136,
            147,
            153,
            168,
            170,
            180,
            192,
            201,
            219,
            235,
            236,
            238,
            275,
            276,
            280,
            286,
            287
        ],
        "memory in MB": 4628.11
    },
    "bounds": {
        "lower_bounds": [
            [
                0.0,
                101.8019790649414
            ],
            [
                6361.313491848762,
                343.52288603782654
            ],
            [
                6364.061704821314,
                641.4849410057068
            ],
            [
                6364.339708242552,
                783.7776749134064
            ],
            [
                6365.723719154175,
                876.2471151351929
            ],
            [
                6366.871372646253,
                955.9952800273895
            ],
            [
                6367.205074038094,
                1009.1430571079254
            ],
            [
                6367.6634625216,
                1053.00981092453
            ],
            [
                6367.689403895328,
                1093.787936925888
            ],
            [
                6367.736540481068,
                1128.1741590499878
            ],
            [
                6367.757189210512,
                1157.4544069766998
            ],
            [
                6367.7936093089065,
                1188.1970689296722
            ],
            [
                6367.876358456103,
                1213.86239695549
            ],
            [
                6367.8763670290455,
                1228.842092037201
            ],
            [
                6367.962902727273,
                1249.0207030773163
            ],
            [
                6367.963911715509,
                1256.5379180908203
            ],
            [
                6367.974839743863,
                1280.3433110713959
            ],
            [
                6367.98481596054,
                1316.2723579406738
            ],
            [
                6368.27208478741,
                1347.2671740055084
            ],
            [
                6368.368744567898,
                1379.6899881362915
            ],
            [
                6368.590463976232,
                1411.5613570213318
            ],
            [
                6368.596604766087,
                1427.9998710155487
            ],
            [
                6368.605434652859,
                1450.7882750034332
            ],
            [
                6368.651672907633,
                1484.622859954834
            ],
            [
                6368.726753295382,
                1510.2789809703827
            ],
            [
                6368.726909422184,
                1532.5900099277496
            ],
            [
                6368.728536716028,
                1549.1928610801697
            ],
            [
                6375.322472977999,
                1660.4229810237885
            ],
            [
                6405.839924530566,
                1864.560287952423
            ],
            [
                6406.081658991741,
                1943.6599719524384
            ],
            [
                6427.197996449387,
                1957.541804075241
            ],
            [
                6441.437033508066,
                2002.886167049408
            ],
            [
                6441.439769314769,
                2015.1010699272156
            ],
            [
                6458.952588394019,
                2022.6537680625916
            ],
            [
                6459.177247725752,
                2037.4142451286316
            ]
        ],
        "upper_bounds": [
            [
                56562.866848000005,
                104.93811202049255
            ],
            [
                9422.469061,
                343.8228371143341
            ],
            [
                9263.733528,
                349.2818400859833
            ],
            [
                9062.021578,
                354.51361298561096
            ],
            [
                8451.826762,
                674.1885199546814
            ],
            [
                8445.366541,
                1193.3535060882568
            ],
            [
                8420.641387,
                1458.7950661182404
            ],
            [
                8061.344011,
                1531.6921300888062
            ]
        ]
    }
}