{"input parameters": ["8", "0", "500", "X", "500_500", "Lagrangian"], "instance": {"facilities": 500, "customers": 500}, "times": {"total_time in s": 3658.22, "initialisation_time in s": 504.2, "node_selection_time in s": 0.06, "implied_demands_time in s": 1332.46, "bounds_time in s": 1225.51, "variable_selection in s": 444.92, "greedy_heuristics_time in s": 138.75, "other_time in s": 12.34}, "nodes": {"total": 42, "pruned": 0, "infeasible": 0, "finished": 0}, "solution": {"LB": 8611.9611, "UB": 13858.0583, "gap in %": 37.86, "incumbent": [0, 22, 25, 29, 42, 62, 80, 92, 104, 157, 165, 172, 203, 205, 226, 232, 238, 239, 252, 254, 259, 271, 291, 293, 301, 308, 314, 339, 343, 345, 347, 348, 349, 367, 374, 425, 452, 472, 474, 475, 491], "memory in MB": 1205.73}, "bounds": {"lower_bounds": [[8568.012, 504.2], [8569.307, 859.1, "combined_combinatorial"], [8571.341, 949.05, "combined_combinatorial"], [8571.554, 1037.27, "combined_combinatorial"], [8573.71438, 1124.99, "combined_combinatorial"], [8573.99738, 1211.39, "combined_combinatorial"], [8574.03247054935, 1296.96, "combined_combinatorial"], [8574.238792818232, 1381.16, "combined_combinatorial"], [8574.839792818233, 1464.71, "combined_combinatorial"], [8575.020962203116, 1546.0, "combined_combinatorial"], [8575.653, 1627.18, "combined_combinatorial"], [8576.754, 1707.18, "combined_combinatorial"], [8576.873, 1786.65, "combined_combinatorial"], [8577.674, 1865.27, "combined_combinatorial"], [8577.764, 1943.71, "combined_combinatorial"], [8577.98413708705, 2020.07, "combined_combinatorial"], [8579.830831854977, 2095.79, "combined_combinatorial"], [8579.836188259964, 2171.91, "combined_combinatorial"], [8581.849188259963, 2320.48, "combined_combinatorial"], [8583.587188259964, 2394.2, "combined_combinatorial"], [8583.634188259963, 2541.08, "combined_combinatorial"], [8588.869962203116, 2690.96, "combined_combinatorial"], [8590.417188259964, 2761.22, "combined_combinatorial"], [8606.74513708705, 3047.53, "combined_combinatorial"], [8610.891514221414, 3123.68, "combined_combinatorial"], [8611.243792818232, 3276.03, "combined_combinatorial"], [8611.419, 3354.6, "combined_combinatorial"], [8611.422962203116, 3431.77, "combined_combinatorial"], [8611.509, 3510.28, "combined_combinatorial"], [8611.96113708705, 3587.0, "combined_combinatorial"]], "upper_bounds": [[13858.058285181574, 504.2]]}}