{"input parameters": ["8", "0", "700", "X", "700_700", "no_Lagrangian"], "instance": {"facilities": 700, "customers": 700}, "times": {"total_time in s": 3632.57, "initialisation_time in s": 1652.87, "node_selection_time in s": 0.03, "implied_demands_time in s": 1369.59, "bounds_time in s": 34.1, "variable_selection in s": 415.88, "greedy_heuristics_time in s": 151.55, "other_time in s": 8.55}, "nodes": {"total": 17, "pruned": 0, "infeasible": 0, "finished": 0}, "solution": {"LB": 11088.3947, "UB": 19953.5792, "gap in %": 44.43, "incumbent": [32, 34, 44, 65, 68, 78, 84, 93, 98, 114, 128, 129, 135, 143, 144, 163, 175, 177, 207, 208, 211, 227, 230, 247, 255, 262, 265, 269, 275, 280, 296, 322, 344, 349, 377, 392, 395, 419, 424, 429, 460, 482, 489, 516, 531, 534, 543, 549, 566, 568, 570, 588, 594, 595, 612, 615, 622, 627, 642, 657, 665, 694], "memory in MB": 1012.62}, "bounds": {"lower_bounds": [[11086.95, 1652.87], [11087.257, 1927.85, "combined_combinatorial"], [11087.303, 2475.61, "combined_combinatorial"], [11087.553248215518, 2606.16, "combined_combinatorial"], [11088.391809885805, 2736.46, "combined_combinatorial"], [11088.394680890493, 2866.78, "combined_combinatorial"]], "upper_bounds": [[21194.204668387985, 1652.87]]}}