{"input parameters": ["8", "0", "300", "X", "300_300", "no_Lagrangian"], "instance": {"facilities": 300, "customers": 300}, "times": {"total_time in s": 3600.26, "initialisation_time in s": 53.78, "node_selection_time in s": 0.22, "implied_demands_time in s": 1915.0, "bounds_time in s": 202.05, "variable_selection in s": 1085.8, "greedy_heuristics_time in s": 302.08, "other_time in s": 41.35}, "nodes": {"total": 372, "pruned": 0, "infeasible": 0, "finished": 0}, "solution": {"LB": 5207.9509, "UB": 7528.8605, "gap in %": 30.83, "incumbent": [3, 8, 21, 22, 31, 39, 51, 64, 72, 106, 117, 131, 134, 149, 151, 160, 171, 177, 185, 189, 190, 218, 233, 263, 288], "memory in MB": 2009.99}, "bounds": {"lower_bounds": [[4817.169, 53.78], [4818.055, 93.11, "combined_combinatorial"], [4818.148, 105.47, "combined_combinatorial"], [4820.489, 117.49, "combined_combinatorial"], [4820.7, 129.19, "combined_combinatorial"], [4842.68585684281, 140.84, "combined_combinatorial"], [4842.758979381216, 152.39, "combined_combinatorial"], [4852.506498778741, 174.95, "combined_combinatorial"], [4855.569498778741, 196.61, "combined_combinatorial"], [4856.240627826096, 217.08, "combined_combinatorial"], [4858.463312906901, 226.91, "combined_combinatorial"], [4934.319518206535, 246.44, "combined_combinatorial"], [4943.819555669998, 256.49, "combined_combinatorial"], [4943.832249441345, 266.46, "combined_combinatorial"], [4943.840842598228, 276.36, "combined_combinatorial"], [4956.563111363417, 285.93, "combined_combinatorial"], [4971.335129668427, 296.78, "combined_combinatorial"], [4981.248200618222, 306.67, "combined_combinatorial"], [4985.194382662235, 316.52, "combined_combinatorial"], [4985.206395285692, 335.67, "combined_combinatorial"], [4988.580876226529, 345.3, "combined_combinatorial"], [4989.330469383411, 354.83, "combined_combinatorial"], [4997.349512186906, 364.04, "combined_combinatorial"], [5002.189587634409, 386.16, "combined_combinatorial"], [5008.640815610201, 398.67, "combined_combinatorial"], [5010.694564255302, 408.09, "combined_combinatorial"], [5010.790600619524, 420.33, "combined_combinatorial"], [5010.793723157931, 467.43, "combined_combinatorial"], [5012.221723157931, 479.22, "combined_combinatorial"], [5012.22976736004, 490.97, "combined_combinatorial"], [5014.55176736004, 502.28, "combined_combinatorial"], [5014.795131124314, 512.93, "combined_combinatorial"], [5016.7964488200105, 532.53, "combined_combinatorial"], [5027.138293816837, 542.03, "combined_combinatorial"], [5033.895115974208, 569.26, "combined_combinatorial"], [5035.530448820011, 578.09, "combined_combinatorial"], [5036.0708425982275, 588.03, "combined_combinatorial"], [5039.499717032003, 600.16, "combined_combinatorial"], [5043.332722257606, 611.98, "combined_combinatorial"], [5043.335830837621, 646.29, "combined_combinatorial"], [5043.338953376027, 657.55, "combined_combinatorial"], [5045.187953376027, 679.75, "combined_combinatorial"], [5045.575953376027, 712.04, "combined_combinatorial"], [5046.606953376027, 722.76, "combined_combinatorial"], [5046.61554653291, 743.45, "combined_combinatorial"], [5046.902674773951, 752.68, "combined_combinatorial"], [5047.662674773951, 761.78, "combined_combinatorial"], [5049.977131124314, 772.1, "combined_combinatorial"], [5050.058674773951, 781.05, "combined_combinatorial"], [5050.602674773952, 790.05, "combined_combinatorial"], [5055.272842598228, 808.78, "combined_combinatorial"], [5057.114617962895, 818.85, "combined_combinatorial"], [5057.138663434123, 828.61, "combined_combinatorial"], [5058.3552694524415, 847.68, "combined_combinatorial"], [5058.495269452442, 856.54, "combined_combinatorial"], [5060.447663434124, 866.16, "combined_combinatorial"], [5060.458134784994, 885.35, "combined_combinatorial"], [5065.45776736004, 896.39, "combined_combinatorial"], [5065.469767360039, 918.3, "combined_combinatorial"], [5065.806600094197, 928.78, "combined_combinatorial"], [5065.9866000941975, 949.51, "combined_combinatorial"], [5066.546921616573, 969.76, "combined_combinatorial"], [5068.784921616572, 988.5, "combined_combinatorial"], [5069.801600094198, 1007.91, "combined_combinatorial"], [5070.340600094198, 1018.0, "combined_combinatorial"], [5071.662921616573, 1026.87, "combined_combinatorial"], [5071.731600094197, 1036.88, "combined_combinatorial"], [5072.707269452441, 1045.55, "combined_combinatorial"], [5073.112131124314, 1055.84, "combined_combinatorial"], [5075.6609216165725, 1064.56, "combined_combinatorial"], [5078.614921616572, 1073.09, "combined_combinatorial"], [5078.677921616572, 1081.78, "combined_combinatorial"], [5080.151960237548, 1090.26, "combined_combinatorial"], [5080.499131124315, 1100.4, "combined_combinatorial"], [5081.0021311243145, 1110.46, "combined_combinatorial"], [5085.496, 1131.89, "combined_combinatorial"], [5092.579, 1143.34, "combined_combinatorial"], [5093.451180124315, 1164.87, "combined_combinatorial"], [5094.736221001724, 1184.2, "combined_combinatorial"], [5096.411221001723, 1193.51, "combined_combinatorial"], [5100.606587275122, 1202.29, "combined_combinatorial"], [5100.6818518333275, 1213.21, "combined_combinatorial"], [5101.362851833327, 1223.78, "combined_combinatorial"], [5102.146516420194, 1265.48, "combined_combinatorial"], [5102.33, 1276.55, "combined_combinatorial"], [5102.4791357601225, 1285.66, "combined_combinatorial"], [5103.485954267448, 1295.21, "combined_combinatorial"], [5106.611516420194, 1322.45, "combined_combinatorial"], [5106.845516420194, 1332.55, "combined_combinatorial"], [5108.390516420194, 1342.28, "combined_combinatorial"], [5108.398560622301, 1352.38, "combined_combinatorial"], [5110.157272546894, 1371.53, "combined_combinatorial"], [5114.906180124315, 1390.3, "combined_combinatorial"], [5115.797180124315, 1400.27, "combined_combinatorial"], [5115.839071168661, 1419.6, "combined_combinatorial"], [5116.972560622302, 1438.45, "combined_combinatorial"], [5117.950962665923, 1448.7, "combined_combinatorial"], [5121.469962665923, 1488.87, "combined_combinatorial"], [5121.996962665923, 1508.33, "combined_combinatorial"], [5124.046445029167, 1520.05, "combined_combinatorial"], [5124.063484731751, 1553.41, "combined_combinatorial"], [5125.768600094198, 1574.02, "combined_combinatorial"], [5125.946924386578, 1593.2, "combined_combinatorial"], [5127.866742717518, 1602.57, "combined_combinatorial"], [5128.857742717518, 1611.72, "combined_combinatorial"], [5130.040837110913, 1620.87, "combined_combinatorial"], [5130.389295490112, 1648.61, "combined_combinatorial"], [5134.306960237549, 1656.71, "combined_combinatorial"], [5135.154962665923, 1666.21, "combined_combinatorial"], [5135.290007801765, 1675.31, "combined_combinatorial"], [5135.652476784051, 1702.02, "combined_combinatorial"], [5135.934627252791, 1711.37, "combined_combinatorial"], [5136.091672724019, 1720.63, "combined_combinatorial"], [5136.919383588767, 1738.53, "combined_combinatorial"], [5137.080701893076, 1747.37, "combined_combinatorial"], [5137.090317283775, 1765.08, "combined_combinatorial"], [5137.507839939131, 1775.35, "combined_combinatorial"], [5138.09214273633, 1784.02, "combined_combinatorial"], [5138.218614087201, 1801.11, "combined_combinatorial"], [5138.432614087201, 1817.83, "combined_combinatorial"], [5138.594383588767, 1834.82, "combined_combinatorial"], [5139.765960237549, 1842.92, "combined_combinatorial"], [5140.305791779157, 1859.12, "combined_combinatorial"], [5140.730660856583, 1876.85, "combined_combinatorial"], [5140.739254995734, 1886.29, "combined_combinatorial"], [5141.119605573738, 1905.06, "combined_combinatorial"], [5141.326208191581, 1913.79, "combined_combinatorial"], [5142.054651044966, 1922.97, "combined_combinatorial"], [5143.148050291968, 1958.87, "combined_combinatorial"], [5143.296295604723, 1967.54, "combined_combinatorial"], [5144.208050291968, 1976.24, "combined_combinatorial"], [5144.2381210572785, 1984.88, "combined_combinatorial"], [5144.662298347166, 2002.23, "combined_combinatorial"], 