{
    "input parameters": [
        "8",
        "0",
        "300",
        "X",
        "300_300",
        "preprocessing"
    ],
    "instance": {
        "facilities": 300,
        "customers": 300
    },
    "times": {
        "total_time in s": 3600.01,
        "model_building_time in s": 47.72,
        "model_solving_time in s": 3552.28
    },
    "nodes": {
        "total": 1869.0
    },
    "solution": {
        "LB": 6135.3519,
        "UB": 7116.6236,
        "gap in %": 0.14,
        "incumbent": [
            3,
            14,
            21,
            25,
            39,
            54,
            68,
            72,
            74,
            85,
            106,
            117,
            134,
            143,
            151,
            156,
            164,
            171,
            218,
            225,
            228,
            230,
            235,
            249,
            284
        ],
        "memory in MB": 1165.97
    },
    "bounds": {
        "lower_bounds": [
            [
                0.0,
                7.672287940979004
            ],
            [
                5362.799685733475,
                19.84683394432068
            ],
            [
                5440.058402218398,
                43.07771897315979
            ],
            [
                5443.704257292873,
                44.01458191871643
            ],
            [
                5443.822803838405,
                44.1361870765686
            ],
            [
                5443.879980132259,
                44.237054109573364
            ],
            [
                5444.087472111197,
                44.44372606277466
            ],
            [
                5449.457504792105,
                45.05953097343445
            ],
            [
                5449.472799518875,
                45.20663905143738
            ],
            [
                5485.568926243981,
                56.83545899391174
            ],
            [
                5489.220586778543,
                58.92745804786682
            ],
            [
                5490.057571291979,
                119.37327194213867
            ],
            [
                5499.26464835765,
                122.09593391418457
            ],
            [
                5501.0626222859855,
                122.61129307746887
            ],
            [
                5501.46429083465,
                122.94174408912659
            ],
            [
                5501.488806620346,
                123.04441404342651
            ],
            [
                5501.488817154394,
                123.13387894630432
            ],
            [
                5535.579900778286,
                129.9367139339447
            ],
            [
                5546.099688881282,
                132.43827509880066
            ],
            [
                5552.116854934278,
                133.5274040699005
            ],
            [
                5553.996488778174,
                134.148521900177
            ],
            [
                5554.354331056495,
                134.44726610183716
            ],
            [
                5554.385311126095,
                134.61102390289307
            ],
            [
                5554.390287165243,
                134.7080910205841
            ],
            [
                5574.7813483172795,
                140.9335639476776
            ],
            [
                5580.144111012242,
                143.20511603355408
            ],
            [
                5581.969510410378,
                144.3757951259613
            ],
            [
                5583.000582949929,
                145.01835799217224
            ],
            [
                5583.215081062861,
                145.3516960144043
            ],
            [
                5583.317044225088,
                145.57630109786987
            ],
            [
                5583.341336530935,
                145.83174109458923
            ],
            [
                5592.632357509435,
                150.20973300933838
            ],
            [
                5595.196629984841,
                153.97186303138733
            ],
            [
                5596.059612922673,
                154.9270040988922
            ],
            [
                5596.242131964696,
                155.18991804122925
            ],
            [
                5596.276700021274,
                155.4150230884552
            ],
            [
                5596.2903680257305,
                155.5739040374756
            ],
            [
                5601.318309132872,
                158.25525403022766
            ],
            [
                5602.364585006833,
                159.8781111240387
            ],
            [
                5602.851777879166,
                160.4755780696869
            ],
            [
                5602.962733055147,
                160.783047914505
            ],
            [
                5602.976594650532,
                160.98709797859192
            ],
            [
                5604.41793271115,
                163.51952290534973
            ],
            [
                5605.151930318477,
                164.9637050628662
            ],
            [
                5605.318145096043,
                165.33732199668884
            ],
            [
                5605.3543429303645,
                165.5052900314331
            ],
            [
                5605.365608305489,
                165.6504979133606
            ],
            [
                5606.334273675286,
                167.4424889087677
            ],
            [
                5606.457903176432,
                168.60248494148254
            ],
            [
                5606.492744562637,
                168.785551071167
            ],
            [
                5606.840122335516,
                170.35421705245972
            ],
            [
                5607.088116556737,
                171.76410794258118
            ],
            [
                5607.124222173679,
                171.95508098602295
            ],
            [
                5607.314458662668,
                173.390319108963
            ],
            [
                5607.346126803025,
                174.94612908363342
            ],
            [
                5607.44475253432,
                176.0545310974121
            ],
            [
                5607.460146661278,
                177.18380498886108
            ],
            [
                5607.609929510026,
                178.4939239025116
            ],
            [
                5607.639106106628,
                178.54535603523254
            ],
            [
                5610.190206627454,
                185.3706569671631
            ],
            [
                5628.276343846383,
                201.13293409347534
            ],
            [
                5628.320013820423,
                207.47192001342773
            ],
            [
                5643.68672212058,
                210.1738259792328
            ],
            [
                5682.872549404973,
                219.32470297813416
            ],
            [
                5682.962577668676,
                360.41123390197754
            ],
            [
                5688.903275291629,
                426.96049904823303
            ],
            [
                5688.908419622258,
                471.8144578933716
            ],
            [
                5757.043181004993,
                522.2930660247803
            ],
            [
                5760.405591126435,
                554.7505280971527
            ],
            [
                5761.940766992804,
                599.1795918941498
            ],
            [
                5765.135550159015,
                661.1242969036102
            ],
