{
    "input parameters": [
        "8",
        "0",
        "500",
        "X",
        "500_500",
        "preprocessing"
    ],
    "instance": {
        "facilities": 500,
        "customers": 500
    },
    "times": {
        "total_time in s": 3600.48,
        "model_building_time in s": 457.56,
        "model_solving_time in s": 3142.92
    },
    "nodes": {
        "total": 590.0
    },
    "solution": {
        "LB": 10221.9276,
        "UB": 13243.9792,
        "gap in %": 0.23,
        "incumbent": [
            0,
            22,
            25,
            29,
            42,
            59,
            75,
            80,
            92,
            104,
            109,
            110,
            172,
            183,
            205,
            208,
            216,
            220,
            226,
            232,
            238,
            239,
            252,
            254,
            259,
            271,
            291,
            301,
            310,
            343,
            345,
            347,
            348,
            349,
            367,
            368,
            374,
            436,
            451,
            474,
            475,
            477,
            482,
            487
        ],
        "memory in MB": 2024.99
    },
    "bounds": {
        "lower_bounds": [
            [
                0.0,
                20.702404022216797
            ],
            [
                9709.910091154488,
                104.98650288581848
            ],
            [
                9720.884803297924,
                175.78540682792664
            ],
            [
                9843.15021569242,
                300.28375792503357
            ],
            [
                9846.966442947933,
                308.5044939517975
            ],
            [
                9849.39416947563,
                311.42178082466125
            ],
            [
                9849.39664554632,
                311.72002601623535
            ],
            [
                9915.852889352373,
                350.9481818675995
            ],
            [
                9921.858750496272,
                359.95052194595337
            ],
            [
                9923.037581129369,
                361.60519099235535
            ],
            [
                9923.456874916534,
                362.4009380340576
            ],
            [
                9923.457618967132,
                362.6256790161133
            ],
            [
                9969.737559531653,
                389.05231499671936
            ],
            [
                9976.462355115784,
                395.34934401512146
            ],
            [
                9977.911983564685,
                397.8848578929901
            ],
            [
                9978.070480413942,
                398.79227089881897
            ],
            [
                9978.127072477739,
                399.15809392929077
            ],
            [
                10007.074072025569,
                416.32975482940674
            ],
            [
                10014.809872484184,
                426.08528995513916
            ],
            [
                10016.019059507022,
                428.78191900253296
            ],
            [
                10016.296140479044,
                430.21902799606323
            ],
            [
                10016.394286465567,
                430.8271019458771
            ],
            [
                10016.478366962947,
                431.2856750488281
            ],
            [
                10016.534879260194,
                431.6064200401306
            ],
            [
                10016.556959650079,
                431.92968487739563
            ],
            [
                10028.875620555944,
                444.7913589477539
            ],
            [
                10031.537168007404,
                452.00530982017517
            ],
            [
                10031.916968092732,
                453.26040601730347
            ],
            [
                10031.962134260317,
                453.80276584625244
            ],
            [
                10032.009183017131,
                454.4344308376312
            ],
            [
                10032.021410779647,
                454.811851978302
            ],
            [
                10041.189071840132,
                464.5410568714142
            ],
            [
                10043.721286247232,
                472.49694895744324
            ],
            [
                10044.209688005481,
                474.48240995407104
            ],
            [
                10044.431239558065,
                475.39305901527405
            ],
            [
                10044.513395749485,
                476.0715239048004
            ],
            [
                10044.52424116417,
                476.3861129283905
            ],
            [
                10049.699501114528,
                484.07513999938965
            ],
            [
                10050.518613328271,
                488.49115204811096
            ],
            [
                10050.823580175023,
                489.76885890960693
            ],
            [
                10050.926776610704,
                490.44865798950195
            ],
            [
                10050.940847943897,
                490.7889540195465
            ],
            [
                10052.983390130617,
                496.47345089912415
            ],
            [
                10053.229682861707,
                503.29671597480774
            ],
            [
                10053.330357811283,
                504.15299892425537
            ],
            [
                10053.347594712595,
                504.58295488357544
            ],
            [
                10054.643387320582,
                511.71424102783203
            ],
            [
                10055.203567377785,
                513.9665999412537
            ],
            [
                10055.29316088883,
                514.6668229103088
            ],
            [
                10055.30383705399,
                515.0123989582062
            ],
            [
                10055.840372215742,
                521.1861100196838
            ],
            [
                10055.8822784251,
                525.2400009632111
            ],
            [
                10056.333152490728,
                527.8443109989166
            ],
            [
                10056.596211283832,
                529.6089899539948
            ],
            [
                10056.636130615523,
                530.0228359699249
            ],
            [
                10057.252830321342,
                532.911290884018
            ],
            [
                10057.328620824064,
                533.9207558631897
            ],
            [
                10057.351012118253,
                534.2696859836578
            ],
            [
                10057.921871929044,
                536.892009973526
            ],
            [
                10058.077095452367,
                538.7156038284302
            ],
            [
                10058.087877211396,
                538.9995439052582
            ],
            [
                10058.367506689065,
                541.0888910293579
            ],
            [
                10058.425986362383,
                555.026841878891
            ],
            [
                10058.432966210627,
                555.3817219734192
            ],
            [
                10058.453524698236,
                557.4970278739929
            ],
            [
                10058.463234385228,
                557.6029939651489
            ],
            [
                10058.473214297881,
                558.0662548542023
            ],
            [
