{
    "input parameters": [
        "8",
        "0",
        "700",
        "X",
        "700_700",
        "preprocessing"
    ],
    "instance": {
        "facilities": 700,
        "customers": 700
    },
    "times": {
        "total_time in s": 3600.11,
        "model_building_time in s": 2133.47,
        "model_solving_time in s": 1466.64
    },
    "nodes": {
        "total": 1.0
    },
    "solution": {
        "LB": 13070.5429,
        "UB": 18942.3783,
        "gap in %": 0.31,
        "incumbent": [
            32,
            34,
            62,
            63,
            65,
            68,
            78,
            80,
            98,
            100,
            109,
            129,
            135,
            143,
            154,
            160,
            163,
            168,
            182,
            207,
            208,
            211,
            224,
            227,
            230,
            247,
            249,
            255,
            280,
            322,
            347,
            352,
            377,
            382,
            387,
            392,
            419,
            424,
            429,
            438,
            448,
            460,
            469,
            477,
            482,
            489,
            516,
            531,
            534,
            549,
            566,
            568,
            570,
            575,
            583,
            588,
            594,
            608,
            615,
            622,
            627,
            635,
            642,
            657,
            665,
            682,
            687
        ],
        "memory in MB": 3080.96
    },
    "bounds": {
        "lower_bounds": [
            [
                0.0,
                40.96577310562134
            ],
            [
                12754.930449388434,
                350.7355201244354
            ],
            [
                12789.34594977355,
                570.0608580112457
            ],
            [
                12847.711047512617,
                993.9429061412811
            ],
            [
                12855.634127720536,
                1014.9124870300293
            ],
            [
                12856.307891099734,
                1019.8884460926056
            ],
            [
                12857.472940659602,
                1025.9617841243744
            ],
            [
                12858.472059385831,
                1029.0539481639862
            ],
            [
                12858.76629451399,
                1030.5927472114563
            ],
            [
                12858.831976327958,
                1031.2194240093231
            ],
            [
                12941.01078225798,
                1140.5917692184448
            ],
            [
                12943.515143148059,
                1186.2299802303314
            ],
            [
                12943.879002054562,
                1187.693447113037
            ],
            [
                12943.88511891305,
                1188.3543500900269
            ],
            [
                13006.230285303716,
                1246.2378950119019
            ],
            [
                13012.314281504803,
                1259.596312046051
            ],
            [
                13013.531108514386,
                1264.5670230388641
            ],
            [
                13013.632412551277,
                1265.9161851406097
            ],
            [
                13013.670355363409,
                1266.7335031032562
            ],
            [
                13013.683978874764,
                1267.7174661159515
            ],
            [
                13040.255228633123,
                1306.9248661994934
            ],
            [
                13046.159093119273,
                1323.0436170101166
            ],
            [
                13047.242581910798,
                1327.6329460144043
            ],
            [
                13047.429355249087,
                1329.3969941139221
            ],
            [
                13047.474195791763,
                1330.5403990745544
            ],
            [
                13047.485408576165,
                1331.4422550201416
            ],
            [
                13056.638688688048,
                1353.6381661891937
            ],
            [
                13057.788466982569,
                1365.8518850803375
            ],
            [
                13058.117155619677,
                1368.7748420238495
            ],
            [
                13058.170790383596,
                1370.7540831565857
            ],
            [
                13058.192102162759,
                1372.1003561019897
            ],
            [
                13062.74549098245,
                1388.9902780056
            ],
            [
                13063.437524499524,
                1394.5756390094757
            ],
            [
                13063.902248309983,
                1397.5466811656952
            ],
            [
                13064.029271775731,
                1399.4340760707855
            ],
            [
                13064.033734935718,
                1400.407175064087
            ],
            [
                13065.90610198766,
                1411.806256055832
            ],
            [
                13066.247331339335,
                1418.9007110595703
            ],
            [
                13066.33598942268,
                1420.8717350959778
            ],
            [
                13066.355238420849,
                1423.0007021427155
            ],
            [
                13069.220699229352,
                1435.9589421749115
            ],
            [
                13069.392125597285,
                1439.4977102279663
            ],
            [
                13069.433115924565,
                1440.9349410533905
            ],
            [
                13069.443368861157,
                1441.6570520401
            ],
            [
                13070.250378095167,
                1450.1212952136993
            ],
            [
                13070.31591184771,
                1454.5620920658112
            ],
            [
                13070.341731185112,
                1455.5212771892548
            ],
            [
                13070.532152902968,
                1461.6061480045319
            ],
            [
                13070.542863624085,
                1463.358165025711
            ]
        ],
        "upper_bounds": [
            [
                130105.11215286676,
                47.958821058273315
            ],
            [
                26636.062158554647,
                350.95368123054504
            ],
            [
                21611.701755342165,
                363.2917561531067
            ],
            [
                21215.150205437956,
                582.7794580459595
            ],
            [
                20435.505161744513,
                997.0728161334991
            ],
            [
                20047.170533637443,
                1178.1199362277985
            ],
            [
                19738.558651220534,
                1250.1614382266998
            ],
            [
                18942.378250189457,
                1357.711646080017
            ]
        ]
    }
}