{"input parameters": ["8", "0", "500", "X", "500_500", "no_Lagrangian"], "instance": {"facilities": 500, "customers": 500}, "times": {"total_time in s": 3628.43, "initialisation_time in s": 521.39, "node_selection_time in s": 0.07, "implied_demands_time in s": 2080.42, "bounds_time in s": 78.99, "variable_selection in s": 704.9, "greedy_heuristics_time in s": 222.74, "other_time in s": 19.92}, "nodes": {"total": 58, "pruned": 0, "infeasible": 0, "finished": 0}, "solution": {"LB": 8620.9903, "UB": 15414.9157, "gap in %": 44.07, "incumbent": [0, 22, 25, 29, 39, 42, 62, 75, 77, 80, 92, 104, 109, 112, 154, 165, 183, 185, 205, 220, 238, 239, 252, 254, 259, 268, 317, 318, 339, 343, 347, 348, 358, 360, 368, 425, 443, 444, 445, 452, 474, 475, 477, 482, 487, 491], "memory in MB": 1548.76}, "bounds": {"lower_bounds": [[8568.012, 521.39], [8569.307, 760.62, "combined_combinatorial"], [8571.341, 819.99, "combined_combinatorial"], [8571.554, 878.92, "combined_combinatorial"], [8573.71438, 936.35, "combined_combinatorial"], [8573.99738, 993.93, "combined_combinatorial"], [8574.03247054935, 1051.35, "combined_combinatorial"], [8574.238792818232, 1108.15, "combined_combinatorial"], [8574.839792818233, 1164.66, "combined_combinatorial"], [8575.020962203116, 1220.55, "combined_combinatorial"], [8575.653, 1279.57, "combined_combinatorial"], [8576.754, 1338.03, "combined_combinatorial"], [8576.873, 1396.42, "combined_combinatorial"], [8577.674, 1454.41, "combined_combinatorial"], [8577.764, 1512.32, "combined_combinatorial"], [8577.98413708705, 1567.91, "combined_combinatorial"], [8579.830831854977, 1622.84, "combined_combinatorial"], [8579.836188259964, 1678.24, "combined_combinatorial"], [8581.849188259963, 1786.87, "combined_combinatorial"], [8583.587188259964, 1840.51, "combined_combinatorial"], [8583.634188259963, 1947.66, "combined_combinatorial"], [8588.869962203116, 2057.06, "combined_combinatorial"], [8590.417188259964, 2107.51, "combined_combinatorial"], [8606.74513708705, 2314.4, "combined_combinatorial"], [8610.891514221414, 2369.89, "combined_combinatorial"], [8611.243792818232, 2481.38, "combined_combinatorial"], [8611.419, 2539.09, "combined_combinatorial"], [8611.422962203116, 2595.15, "combined_combinatorial"], [8611.509, 2652.74, "combined_combinatorial"], [8611.96113708705, 2708.04, "combined_combinatorial"], [8612.928514221414, 2762.53, "combined_combinatorial"], [8613.788831854978, 2817.58, "combined_combinatorial"], [8613.794188259963, 2872.45, "combined_combinatorial"], [8614.666514221413, 2981.2, "combined_combinatorial"], [8614.713514221414, 3089.44, "combined_combinatorial"], [8615.889188259964, 3196.21, "combined_combinatorial"], [8617.627188259965, 3249.81, "combined_combinatorial"], [8617.674188259964, 3356.17, "combined_combinatorial"], [8620.9902034455, 3464.03, "combined_combinatorial"], [8620.990302426264, 3520.03, "combined_combinatorial"]], "upper_bounds": [[15915.166854934105, 521.39]]}}