{
    "input parameters": [
        "8",
        "0",
        "300",
        "X",
        "300_300",
        "no_preprocessing"
    ],
    "instance": {
        "facilities": 300,
        "customers": 300
    },
    "times": {
        "total_time in s": 3600.08,
        "model_building_time in s": 18.01,
        "model_solving_time in s": 3582.07
    },
    "nodes": {
        "total": 29.0
    },
    "solution": {
        "LB": 5387.5385,
        "UB": 7997.837,
        "gap in %": 0.33,
        "incumbent": [
            3,
            8,
            21,
            25,
            39,
            51,
            64,
            68,
            73,
            74,
            106,
            117,
            122,
            134,
            151,
            160,
            164,
            171,
            185,
            189,
            190,
            218,
            225,
            228,
            235,
            263,
            282,
            284,
            288
        ],
        "memory in MB": 3710.8
    },
    "bounds": {
        "lower_bounds": [
            [
                0.0,
                96.61966681480408
            ],
            [
                5328.699972710384,
                532.275340795517
            ],
            [
                5337.594141581892,
                1230.0359418392181
            ],
            [
                5361.539539877455,
                1274.251170873642
            ],
            [
                5361.5493772600275,
                1275.0848858356476
            ],
            [
                5362.337324443111,
                1277.3087840080261
            ],
            [
                5362.481607736305,
                1277.9764018058777
            ],
            [
                5367.395473230954,
                1307.9820568561554
            ],
            [
                5367.507134845255,
                1308.9280478954315
            ],
            [
                5367.886483577571,
                1309.5370109081268
            ],
            [
                5370.288104019905,
                1323.0113079547882
            ],
            [
                5370.3793496339185,
                1324.0363819599152
            ],
            [
                5374.189025706288,
                1341.0468108654022
            ],
            [
                5374.231384985772,
                1342.0830907821655
            ],
            [
                5376.22120348638,
                1353.9206099510193
            ],
            [
                5376.229927520612,
                1358.1873269081116
            ],
            [
                5377.046769276381,
                1362.600133895874
            ],
            [
                5377.112197371895,
                1363.6164379119873
            ],
            [
                5377.523337664905,
                1370.261041879654
            ],
            [
                5377.528052060897,
                1371.2547669410706
            ],
            [
                5377.600292600947,
                1372.4026989936829
            ],
            [
                5378.9302413637815,
                1379.4748938083649
            ],
            [
                5378.94566952736,
                1382.4537298679352
            ],
            [
                5379.3192492394,
                1384.8853478431702
            ],
            [
                5379.351045450461,
                1387.8893427848816
            ],
            [
                5379.747071001504,
                1389.6886398792267
            ],
            [
                5379.850753637148,
                1392.501132965088
            ],
            [
                5379.919571673861,
                1394.0745828151703
            ],
            [
                5379.92395878294,
                1394.9615228176117
            ],
            [
                5380.250568475797,
                1399.2523469924927
            ],
            [
                5380.268192572137,
                1400.1645169258118
            ],
            [
                5380.420139836684,
                1403.6233007907867
            ],
            [
                5380.427804829068,
                1406.2092847824097
            ],
            [
                5380.504232805998,
                1407.387447834015
            ],
            [
                5380.526557745693,
                1408.251285791397
            ],
            [
                5380.560671266714,
                1410.7887749671936
            ],
            [
                5380.695449265932,
                1416.3703219890594
            ],
            [
                5380.850969873849,
                1428.0599780082703
            ],
            [
                5384.453588908266,
                1485.155788898468
            ],
            [
                5387.538490475685,
                1491.0360398292542
            ]
        ],
        "upper_bounds": [
            [
                49618.54336654739,
                100.72640299797058
            ],
            [
                8155.046768575752,
                532.5647029876709
            ],
            [
                7997.837048114177,
                542.3122119903564
            ]
        ]
    }
}