{"input parameters": ["8", "0", "700", "X", "700_700", "Lagrangian"], "instance": {"facilities": 700, "customers": 700}, "times": {"total_time in s": 3609.73, "initialisation_time in s": 2082.39, "node_selection_time in s": 0.01, "implied_demands_time in s": 683.72, "bounds_time in s": 531.89, "variable_selection in s": 225.68, "greedy_heuristics_time in s": 81.82, "other_time in s": 4.22}, "nodes": {"total": 8, "pruned": 0, "infeasible": 0, "finished": 0}, "solution": {"LB": 11087.5532, "UB": 19620.5821, "gap in %": 43.49, "incumbent": [32, 34, 44, 65, 78, 80, 84, 93, 98, 114, 128, 129, 135, 142, 143, 144, 163, 168, 177, 207, 208, 211, 227, 255, 262, 265, 269, 275, 280, 293, 296, 322, 342, 344, 349, 362, 367, 377, 391, 392, 424, 429, 482, 489, 499, 516, 531, 534, 549, 566, 568, 594, 595, 622, 627, 635, 642, 657, 665, 676, 682, 694], "memory in MB": 683.93}, "bounds": {"lower_bounds": [[11086.95, 2082.39], [11087.257, 2524.22, "combined_combinatorial"], [11087.303, 3396.11, "combined_combinatorial"], [11087.553248215518, 3609.73, "combined_combinatorial"]], "upper_bounds": [[20352.134729212332, 2082.39]]}}