{"input parameters": ["8", "0", "1000", "X", "1000_1000", "no_Lagrangian"], "instance": {"facilities": 1000, "customers": 1000}, "times": {"total_time in s": 86420.54, "initialisation_time in s": 8216.06, "node_selection_time in s": 1.17, "implied_demands_time in s": 48038.62, "bounds_time in s": 1073.78, "variable_selection in s": 20951.73, "greedy_heuristics_time in s": 7831.61, "other_time in s": 307.57}, "nodes": {"total": 219, "pruned": 0, "infeasible": 0, "finished": 0}, "solution": {"LB": 15995.9202, "UB": 27871.8453, "gap in %": 42.61, "incumbent": [7, 15, 17, 41, 43, 48, 69, 76, 79, 80, 100, 101, 116, 118, 130, 134, 164, 215, 237, 240, 279, 306, 314, 331, 342, 345, 353, 371, 378, 382, 401, 403, 409, 412, 438, 442, 453, 484, 486, 491, 502, 503, 510, 515, 520, 527, 531, 534, 548, 559, 587, 591, 615, 625, 638, 657, 678, 680, 682, 699, 702, 703, 736, 740, 742, 751, 758, 770, 779, 790, 792, 793, 799, 810, 811, 866, 868, 877, 887, 892, 900, 907, 916, 939, 951, 963, 976, 977, 999], "memory in MB": 14861.41}, "bounds": {"lower_bounds": [[15343.608, 8216.06], [15397.044, 8922.8, "combined_combinatorial"], [15397.53, 9275.52, "combined_combinatorial"], [15401.218, 9630.38, "combined_combinatorial"], [15404.998, 9977.78, "combined_combinatorial"], [15430.36, 10321.49, "combined_combinatorial"], [15483.874, 10654.81, "combined_combinatorial"], [15537.151251557052, 10983.82, "combined_combinatorial"], [15576.585425434749, 11313.84, "combined_combinatorial"], [15579.14242543475, 11644.3, "combined_combinatorial"], [15595.435652821474, 11974.35, "combined_combinatorial"], [15611.38921301799, 12966.68, "combined_combinatorial"], [15624.92521301799, 13298.61, "combined_combinatorial"], [15647.846888895929, 13651.57, "combined_combinatorial"], [15649.369150072493, 14005.68, "combined_combinatorial"], [15658.979193175634, 14360.28, "combined_combinatorial"], [15662.410259995562, 15060.06, "combined_combinatorial"], [15663.524193175632, 15413.13, "combined_combinatorial"], [15664.459647356396, 15766.45, "combined_combinatorial"], [15665.193647356396, 16113.77, "combined_combinatorial"], [15666.1497140628, 16457.32, "combined_combinatorial"], [15685.560511552616, 17495.35, "combined_combinatorial"], [15707.5667140628, 17842.5, "combined_combinatorial"], [15710.706714062799, 18190.22, "combined_combinatorial"], [15710.8897140628, 18885.06, "combined_combinatorial"], [15711.02945259846, 19922.67, "combined_combinatorial"], [15711.45045259846, 20266.21, "combined_combinatorial"], [15728.401129574493, 20609.39, "combined_combinatorial"], [15728.593402147188, 20949.5, "combined_combinatorial"], [15731.077481062799, 21298.07, "combined_combinatorial"], [15738.397685430313, 21649.22, "combined_combinatorial"], [15739.8914810628, 21997.82, "combined_combinatorial"], [15740.057481062799, 22694.06, "combined_combinatorial"], [15742.210685430313, 23047.29, "combined_combinatorial"], [15753.084402147188, 24082.65, "combined_combinatorial"], [15753.087098414093, 24429.05, "combined_combinatorial"], [15753.131379878254, 24773.12, "combined_combinatorial"], [15753.97949471645, 25126.23, "combined_combinatorial"], [15758.093040982092, 25485.58, "combined_combinatorial"], [15758.126926249814, 25845.3, "combined_combinatorial"], [15773.25243670429, 26186.31, "combined_combinatorial"], [15796.230436704289, 26522.19, "combined_combinatorial"], [15798.888394711483, 26876.32, "combined_combinatorial"], [15799.084394711483, 27228.91, "combined_combinatorial"], [15799.574394711482, 27934.39, "combined_combinatorial"], [15800.505421365573, 28259.54, "combined_combinatorial"], [15804.9337140628, 28621.0, "combined_combinatorial"], [15810.700421365573, 29323.86, "combined_combinatorial"], [15813.409421365574, 29660.05, "combined_combinatorial"], [15814.931071687513, 30019.03, "combined_combinatorial"], [15817.590421365574, 30355.04, "combined_combinatorial"], [15817.809929739029, 30716.88, "combined_combinatorial"], [15821.536790645043, 31088.42, "combined_combinatorial"], [15823.886790645043, 31459.67, "combined_combinatorial"], [15831.815421365573, 31796.82, "combined_combinatorial"], [15836.82060721707, 32160.56, "combined_combinatorial"], [15836.851846929925, 32520.13, "combined_combinatorial"], [15838.116578493496, 33244.88, "combined_combinatorial"], [15838.312578493496, 33612.76, "combined_combinatorial"], [15839.285071687513, 33975.82, "combined_combinatorial"], [15839.287767954418, 34339.35, "combined_combinatorial"], [15839.332049418581, 34699.42, "combined_combinatorial"], [15840.429888179226, 35064.73, "combined_combinatorial"], [15840.440937862128, 35428.32, "combined_combinatorial"], [15844.500937862127, 35793.78, "combined_combinatorial"], [15845.575, 36176.85, "combined_combinatorial"], [15851.331421365574, 36509.52, "combined_combinatorial"], [15855.565937862128, 36869.63, "combined_combinatorial"], [15857.787312439528, 37251.34, "combined_combinatorial"], [15857.819159956196, 38041.73, "combined_combinatorial"], [15859.381159956196, 38829.48, "combined_combinatorial"], [15859.40719076447, 39581.9, "combined_combinatorial"], [15861.661159956197, 39971.28, "combined_combinatorial"], [15861.675206857328, 40360.26, "combined_combinatorial"], [15863.01819076447, 40714.05, "combined_combinatorial"], [15864.601600935432, 41091.8, "combined_combinatorial"], [15865.28025546953, 41833.35, "combined_combinatorial"], [15865.861081837116, 42171.38, "combined_combinatorial"], [15867.309629903206, 42523.83, "combined_combinatorial"], [15867.712600935432, 42903.87, "combined_combinatorial"], [15870.442602189127, 44801.04, "combined_combinatorial"], [15870.51387476182, 45169.7, "combined_combinatorial"], [15872.245081837116, 45502.03, "combined_combinatorial"], [15872.57032335196, 45838.3, "combined_combinatorial"], [15872.581373034864, 46511.83, "combined_combinatorial"], [15873.68025546953, 46893.09, "combined_combinatorial"], [15873.929948970483, 47261.92, "combined_combinatorial"], [15873.93264523739, 47987.23, "combined_combinatorial"], [15874.415536933691, 48353.7, "combined_combinatorial"], [15876.861361386575, 48754.73, "combined_combinatorial"], [15877.504629903206, 49110.71, "combined_combinatorial"], [15880.213629903206, 49459.16, "combined_combinatorial"], [15881.959822033316, 49847.95, "combined_combinatorial"], [15883.483822033317, 50240.15, "combined_combinatorial"], [15883.953822033316, 50629.98, "combined_combinatorial"], [15884.394629903205, 50983.41, "combined_combinatorial"], [15884.799373034864, 51318.35, "combined_combinatorial"], [15894.238702063423, 51675.7, "combined_combinatorial"], [15894.244433070757, 52046.59, "combined_combinatorial"], [15896.484486446327, 52437.81, "combined_combinatorial"], [15898.619629903205, 52795.18, "combined_combinatorial"], [15904.096159043449, 53182.67, "combined_combinatorial"], [15904.296431616143, 53565.86, "combined_combinatorial"], [15904.701431616142, 54332.81, "combined_combinatorial"], [15908.897108592177, 54716.92, "combined_combinatorial"], [15912.535373034865, 55056.87, "combined_combinatorial"], [15912.634373034864, 55394.28, "combined_combinatorial"], [15916.994346436775, 55729.72, "combined_combinatorial"], [15917.111702063423, 56422.44, "combined_combinatorial"], [15918.135629903205, 56766.01, "combined_combinatorial"], [15918.304370990489, 57141.61, "combined_combinatorial"], [15919.718914244464, 57475.04, "combined_combinatorial"], [15919.766914244465, 57795.53, "combined_combinatorial"], [15920.788686724707, 58141.8, "combined_combinatorial"], [15923.948153135012, 58514.18, "combined_combinatorial"], [15927.377433070757, 59252.52, "combined_combinatorial"], [15928.463373034865, 59583.66, "combined_combinatorial"], [15929.700937862128, 59959.5, "combined_combinatorial"], [15930.219704862127, 60335.37, "combined_combinatorial"], [15930.282704862128, 60712.8, "combined_combinatorial"], [15930.840142840247, 61110.29, "combined_combinatorial"], [15930.983686724709, 61454.96, "combined_combinatorial"], 