{
    "input parameters": [
        "8",
        "0",
        "500",
        "X",
        "500_500",
        "no_preprocessing"
    ],
    "instance": {
        "facilities": 500,
        "customers": 500
    },
    "times": {
        "total_time in s": 3173.11,
        "model_building_time in s": 73.78,
        "model_solving_time in s": 3099.33
    },
    "nodes": {
        "total": 1.0
    },
    "solution": {
        "LB": 9589.1781,
        "UB": 16990.6431,
        "gap in %": 0.44,
        "incumbent": [
            0,
            18,
            22,
            25,
            29,
            39,
            42,
            62,
            75,
            80,
            104,
            109,
            112,
            119,
            150,
            153,
            154,
            164,
            165,
            172,
            205,
            220,
            238,
            239,
            252,
            289,
            294,
            298,
            301,
            310,
            318,
            339,
            345,
            347,
            348,
            349,
            358,
            363,
            366,
            368,
            374,
            376,
            393,
            425,
            445,
            452,
            463,
            475,
            482,
            491
        ],
        "memory in MB": 8677.08
    },
    "bounds": {
        "lower_bounds": [
            [
                0.0,
                510.50079107284546
            ],
            [
                9589.178134776468,
                2910.6047971248627
            ]
        ],
        "upper_bounds": [
            [
                83494.61436865851,
                529.8919100761414
            ],
            [
                18977.486100973492,
                2911.7665841579437
            ],
            [
                16990.64310798761,
                3084.0013291835785
            ]
        ]
    }
}