{"input parameters": ["8", "0", "1000", "X", "1000_1000", "Lagrangian"], "instance": {"facilities": 1000, "customers": 1000}, "times": {"total_time in s": 86778.28, "initialisation_time in s": 6951.27, "node_selection_time in s": 0.81, "implied_demands_time in s": 35732.79, "bounds_time in s": 24234.5, "variable_selection in s": 14069.06, "greedy_heuristics_time in s": 5557.32, "other_time in s": 232.52}, "nodes": {"total": 164, "pruned": 0, "infeasible": 0, "finished": 0}, "solution": {"LB": 15938.8485, "UB": 27665.4362, "gap in %": 42.39, "incumbent": [7, 41, 43, 44, 48, 69, 70, 79, 80, 100, 101, 116, 130, 134, 153, 164, 203, 207, 220, 237, 240, 306, 334, 345, 353, 371, 378, 382, 401, 403, 412, 420, 430, 432, 438, 440, 442, 453, 481, 483, 484, 486, 491, 492, 502, 503, 505, 510, 520, 531, 534, 548, 559, 587, 591, 625, 638, 640, 657, 674, 677, 678, 680, 699, 702, 703, 740, 742, 746, 771, 779, 790, 793, 799, 810, 841, 866, 868, 877, 885, 887, 892, 900, 902, 907, 951, 974, 976, 977, 999], "memory in MB": 11319.98}, "bounds": {"lower_bounds": [[15343.608, 6951.27], [15397.044, 7922.99, "combined_combinatorial"], [15397.53, 8406.76, "combined_combinatorial"], [15401.218, 8891.45, "combined_combinatorial"], [15404.998, 9366.47, "combined_combinatorial"], [15430.36, 9844.35, "combined_combinatorial"], [15483.874, 10315.38, "combined_combinatorial"], [15537.151251557052, 10788.59, "combined_combinatorial"], [15576.585425434749, 11261.53, "combined_combinatorial"], [15579.14242543475, 11729.91, "combined_combinatorial"], [15595.435652821474, 12187.01, "combined_combinatorial"], [15611.38921301799, 13556.63, "combined_combinatorial"], [15624.92521301799, 14014.66, "combined_combinatorial"], [15647.846888895929, 14494.17, "combined_combinatorial"], [15649.369150072493, 14975.6, "combined_combinatorial"], [15658.979193175634, 15458.34, "combined_combinatorial"], [15662.410259995562, 16410.91, "combined_combinatorial"], [15663.524193175632, 16889.26, "combined_combinatorial"], [15664.459647356396, 17369.67, "combined_combinatorial"], [15665.193647356396, 17847.96, "combined_combinatorial"], [15666.1497140628, 18321.66, "combined_combinatorial"], [15685.560511552616, 19759.57, "combined_combinatorial"], [15707.5667140628, 20237.17, "combined_combinatorial"], [15710.706714062799, 20714.41, "combined_combinatorial"], [15710.8897140628, 21665.48, "combined_combinatorial"], [15711.02945259846, 23092.42, "combined_combinatorial"], [15711.45045259846, 23563.53, "combined_combinatorial"], [15728.401129574493, 24035.03, "combined_combinatorial"], [15728.593402147188, 24503.73, "combined_combinatorial"], [15731.077481062799, 24984.27, "combined_combinatorial"], [15738.397685430313, 25469.43, "combined_combinatorial"], [15739.8914810628, 25949.88, "combined_combinatorial"], [15740.057481062799, 26910.21, "combined_combinatorial"], [15742.210685430313, 27398.0, "combined_combinatorial"], [15753.084402147188, 28846.6, "combined_combinatorial"], [15753.087098414093, 29321.57, "combined_combinatorial"], [15753.131379878254, 29792.84, "combined_combinatorial"], [15753.97949471645, 30276.46, "combined_combinatorial"], [15758.093040982092, 30767.1, "combined_combinatorial"], [15758.126926249814, 31258.75, "combined_combinatorial"], [15773.25243670429, 31725.47, "combined_combinatorial"], [15796.230436704289, 32188.98, "combined_combinatorial"], [15798.888394711483, 32672.39, "combined_combinatorial"], [15799.084394711483, 33155.48, "combined_combinatorial"], [15799.574394711482, 34118.01, "combined_combinatorial"], [15800.505421365573, 34576.57, "combined_combinatorial"], [15804.9337140628, 35065.43, "combined_combinatorial"], [15810.700421365573, 36012.34, "combined_combinatorial"], [15813.409421365574, 36471.48, "combined_combinatorial"], [15814.931071687513, 36954.74, "combined_combinatorial"], [15817.590421365574, 37413.45, "combined_combinatorial"], [15817.809929739029, 37899.41, "combined_combinatorial"], [15821.536790645043, 38398.85, "combined_combinatorial"], [15823.886790645043, 38895.85, "combined_combinatorial"], [15831.815421365573, 39353.1, "combined_combinatorial"], [15836.82060721707, 39840.55, "combined_combinatorial"], [15836.851846929925, 40328.61, "combined_combinatorial"], [15838.116578493496, 41309.85, "combined_combinatorial"], [15838.312578493496, 41801.13, "combined_combinatorial"], [15839.285071687513, 42289.27, "combined_combinatorial"], [15839.287767954418, 42778.6, "combined_combinatorial"], [15839.332049418581, 43264.12, "combined_combinatorial"], [15840.429888179226, 43754.12, "combined_combinatorial"], [15840.440937862128, 44244.4, "combined_combinatorial"], [15844.500937862127, 44734.48, "combined_combinatorial"], [15845.575, 45241.56, "combined_combinatorial"], [15851.331421365574, 45693.96, "combined_combinatorial"], [15855.565937862128, 46180.44, "combined_combinatorial"], [15857.787312439528, 46706.72, "combined_combinatorial"], [15857.819159956196, 47759.58, "combined_combinatorial"], [15859.381159956196, 48813.08, "combined_combinatorial"], [15859.40719076447, 49826.27, "combined_combinatorial"], [15861.661159956197, 50350.81, "combined_combinatorial"], [15861.675206857328, 50872.32, "combined_combinatorial"], [15863.01819076447, 51353.23, "combined_combinatorial"], [15864.601600935432, 51865.05, "combined_combinatorial"], [15865.28025546953, 52875.5, "combined_combinatorial"], [15865.861081837116, 53336.18, "combined_combinatorial"], [15867.309629903206, 53813.11, "combined_combinatorial"], [15867.712600935432, 54322.49, "combined_combinatorial"], [15870.442602189127, 56842.56, "combined_combinatorial"], [15870.51387476182, 57335.75, "combined_combinatorial"], [15872.245081837116, 57786.2, "combined_combinatorial"], [15872.57032335196, 58240.71, "combined_combinatorial"], [15872.581373034864, 59147.22, "combined_combinatorial"], [15873.68025546953, 59650.84, "combined_combinatorial"], [15873.929948970483, 60141.62, "combined_combinatorial"], [15873.93264523739, 61117.29, "combined_combinatorial"], [15874.415536933691, 61611.48, "combined_combinatorial"], [15876.861361386575, 62148.1, "combined_combinatorial"], [15877.504629903206, 62625.93, "combined_combinatorial"], [15880.213629903206, 63103.32, "combined_combinatorial"], [15881.959822033316, 63627.78, "combined_combinatorial"], [15883.483822033317, 64155.55, "combined_combinatorial"], [15883.953822033316, 64680.28, "combined_combinatorial"], [15884.394629903205, 65159.36, "combined_combinatorial"], [15884.799373034864, 65616.1, "combined_combinatorial"], [15894.238702063423, 66104.13, "combined_combinatorial"], [15894.244433070757, 66601.43, "combined_combinatorial"], [15896.484486446327, 67118.5, "combined_combinatorial"], [15898.619629903205, 67596.66, "combined_combinatorial"], [15904.096159043449, 68110.35, "combined_combinatorial"], [15904.296431616143, 68622.57, "combined_combinatorial"], [15904.701431616142, 69646.95, "combined_combinatorial"], [15908.897108592177, 70156.57, "combined_combinatorial"], [15912.535373034865, 70613.56, "combined_combinatorial"], [15912.634373034864, 71066.69, "combined_combinatorial"], [15916.994346436775, 71522.65, "combined_combinatorial"], [15917.111702063423, 72459.25, "combined_combinatorial"], [15918.135629903205, 72926.11, "combined_combinatorial"], [15918.304370990489, 73435.56, "combined_combinatorial"], [15919.718914244464, 73888.49, "combined_combinatorial"], [15919.766914244465, 74341.37, "combined_combinatorial"], [15920.788686724707, 74812.62, "combined_combinatorial"], [15923.948153135012, 75313.18, "combined_combinatorial"], [15927.377433070757, 76307.61, "combined_combinatorial"], [15928.463373034865, 76758.87, "combined_combinatorial"], [15929.700937862128, 77262.52, "combined_combinatorial"], [15930.219704862127, 77768.84, "combined_combinatorial"], [15930.282704862128, 78271.9, "combined_combinatorial"], [15930.840142840247, 78796.41, "combined_combinatorial"], [15930.983686724709, 79259.0, "combined_combinatorial"], 