{"input parameters": ["8", "0", "300", "X", "300_300", "Lagrangian"], "instance": {"facilities": 300, "customers": 300}, "times": {"total_time in s": 3614.27, "initialisation_time in s": 66.66, "node_selection_time in s": 0.15, "implied_demands_time in s": 1090.69, "bounds_time in s": 1670.89, "variable_selection in s": 592.52, "greedy_heuristics_time in s": 168.79, "other_time in s": 24.58}, "nodes": {"total": 179, "pruned": 0, "infeasible": 0, "finished": 0}, "solution": {"LB": 5138.4326, "UB": 7528.8605, "gap in %": 31.75, "incumbent": [3, 8, 21, 22, 31, 39, 51, 64, 72, 106, 117, 131, 134, 149, 151, 160, 171, 177, 185, 189, 190, 218, 233, 263, 288], "memory in MB": 1069.28}, "bounds": {"lower_bounds": [[4817.169, 66.66], [4818.055, 145.06, "combined_combinatorial"], [4818.148, 169.65, "combined_combinatorial"], [4820.489, 193.03, "combined_combinatorial"], [4820.7, 215.71, "combined_combinatorial"], [4842.68585684281, 238.57, "combined_combinatorial"], [4842.758979381216, 261.53, "combined_combinatorial"], [4852.506498778741, 306.6, "combined_combinatorial"], [4855.569498778741, 349.96, "combined_combinatorial"], [4856.240627826096, 391.06, "combined_combinatorial"], [4858.463312906901, 410.88, "combined_combinatorial"], [4934.319518206535, 449.93, "combined_combinatorial"], [4943.819555669998, 470.06, "combined_combinatorial"], [4943.832249441345, 490.22, "combined_combinatorial"], [4943.840842598228, 510.16, "combined_combinatorial"], [4956.563111363417, 529.35, "combined_combinatorial"], [4971.335129668427, 551.05, "combined_combinatorial"], [4981.248200618222, 570.95, "combined_combinatorial"], [4985.194382662235, 590.74, "combined_combinatorial"], [4985.206395285692, 629.22, "combined_combinatorial"], [4988.580876226529, 648.52, "combined_combinatorial"], [4989.330469383411, 667.68, "combined_combinatorial"], [4997.349512186906, 686.35, "combined_combinatorial"], [5002.189587634409, 730.37, "combined_combinatorial"], [5008.640815610201, 755.31, "combined_combinatorial"], [5010.694564255302, 774.25, "combined_combinatorial"], [5010.790600619524, 798.58, "combined_combinatorial"], [5010.793723157931, 890.69, "combined_combinatorial"], [5012.221723157931, 913.11, "combined_combinatorial"], [5012.22976736004, 935.29, "combined_combinatorial"], [5014.55176736004, 957.15, "combined_combinatorial"], [5014.795131124314, 978.42, "combined_combinatorial"], [5016.7964488200105, 1017.57, "combined_combinatorial"], [5027.138293816837, 1036.39, "combined_combinatorial"], [5033.895115974208, 1090.08, "combined_combinatorial"], [5035.530448820011, 1108.02, "combined_combinatorial"], [5036.0708425982275, 1127.87, "combined_combinatorial"], [5039.499717032003, 1151.12, "combined_combinatorial"], [5043.332722257606, 1173.97, "combined_combinatorial"], [5043.335830837621, 1241.82, "combined_combinatorial"], [5043.338953376027, 1264.18, "combined_combinatorial"], [5045.187953376027, 1307.93, "combined_combinatorial"], [5045.575953376027, 1371.32, "combined_combinatorial"], [5046.606953376027, 1391.81, "combined_combinatorial"], [5046.61554653291, 1432.16, "combined_combinatorial"], [5046.902674773951, 1450.73, "combined_combinatorial"], [5047.662674773951, 1469.25, "combined_combinatorial"], [5049.977131124314, 1489.71, "combined_combinatorial"], [5050.058674773951, 1507.84, "combined_combinatorial"], [5050.602674773952, 1526.15, "combined_combinatorial"], [5055.272842598228, 1564.1, "combined_combinatorial"], [5057.114617962895, 1583.98, "combined_combinatorial"], [5057.138663434123, 1603.71, "combined_combinatorial"], [5058.3552694524415, 1641.31, "combined_combinatorial"], [5058.495269452442, 1659.01, "combined_combinatorial"], [5060.447663434124, 1678.41, "combined_combinatorial"], [5060.458134784994, 1717.16, "combined_combinatorial"], [5065.45776736004, 1738.98, "combined_combinatorial"], [5065.469767360039, 1782.25, "combined_combinatorial"], [5065.806600094197, 1803.35, "combined_combinatorial"], [5065.9866000941975, 1845.08, "combined_combinatorial"], [5066.546921616573, 1884.6, "combined_combinatorial"], [5068.784921616572, 1921.59, "combined_combinatorial"], [5069.801600094198, 1960.27, "combined_combinatorial"], [5070.340600094198, 1980.62, "combined_combinatorial"], [5071.662921616573, 1998.58, "combined_combinatorial"], [5071.731600094197, 2018.43, "combined_combinatorial"], [5072.707269452441, 2035.7, "combined_combinatorial"], [5073.112131124314, 2056.14, "combined_combinatorial"], [5075.6609216165725, 2073.76, "combined_combinatorial"], [5078.614921616572, 2091.31, "combined_combinatorial"], [5078.677921616572, 2108.81, "combined_combinatorial"], [5080.151960237548, 2125.68, "combined_combinatorial"], [5080.499131124315, 2145.87, "combined_combinatorial"], [5081.0021311243145, 2165.97, "combined_combinatorial"], [5085.496, 2209.06, "combined_combinatorial"], [5092.579, 2231.99, "combined_combinatorial"], [5093.451180124315, 2274.5, "combined_combinatorial"], [5094.736221001724, 2313.26, "combined_combinatorial"], [5096.411221001723, 2332.04, "combined_combinatorial"], [5100.606587275122, 2349.67, "combined_combinatorial"], [5100.6818518333275, 2371.18, "combined_combinatorial"], [5101.362851833327, 2392.56, "combined_combinatorial"], [5102.146516420194, 2476.57, "combined_combinatorial"], [5102.33, 2498.29, "combined_combinatorial"], [5102.4791357601225, 2516.69, "combined_combinatorial"], [5103.485954267448, 2536.21, "combined_combinatorial"], [5106.611516420194, 2591.51, "combined_combinatorial"], [5106.845516420194, 2611.62, "combined_combinatorial"], [5108.390516420194, 2631.44, "combined_combinatorial"], [5108.398560622301, 2651.25, "combined_combinatorial"], [5110.157272546894, 2689.09, "combined_combinatorial"], [5114.906180124315, 2726.82, "combined_combinatorial"], [5115.797180124315, 2746.58, "combined_combinatorial"], [5115.839071168661, 2784.94, "combined_combinatorial"], [5116.972560622302, 2822.91, "combined_combinatorial"], [5117.950962665923, 2843.52, "combined_combinatorial"], [5121.469962665923, 2923.89, "combined_combinatorial"], [5121.996962665923, 2962.92, "combined_combinatorial"], [5124.046445029167, 2985.18, "combined_combinatorial"], [5124.063484731751, 3051.16, "combined_combinatorial"], [5125.768600094198, 3091.91, "combined_combinatorial"], [5125.946924386578, 3130.4, "combined_combinatorial"], [5127.866742717518, 3148.83, "combined_combinatorial"], [5128.857742717518, 3167.09, "combined_combinatorial"], [5130.040837110913, 3184.98, "combined_combinatorial"], [5130.389295490112, 3240.25, "combined_combinatorial"], [5134.306960237549, 3256.38, "combined_combinatorial"], [5135.154962665923, 3275.61, "combined_combinatorial"], [5135.290007801765, 3293.97, "combined_combinatorial"], [5135.652476784051, 3347.5, "combined_combinatorial"], [5135.934627252791, 3366.18, "combined_combinatorial"], [5136.091672724019, 3384.8, "combined_combinatorial"], [5136.919383588767, 3421.09, "combined_combinatorial"], [5137.080701893076, 3438.86, "combined_combinatorial"], [5137.090317283775, 3474.53, "combined_combinatorial"], [5137.507839939131, 3495.28, "combined_combinatorial"], [5138.09214273633, 3512.79, "combined_combinatorial"], [5138.218614087201, 3547.53, "combined_combinatorial"], [5138.432614087201, 3580.68, "combined_combinatorial"]], "upper_bounds": [[7835.793105187007, 66.66]]}}