{
    "input parameters": [
        "8",
        "1",
        "300",
        "X",
        "300_300",
        "preprocessing"
    ],
    "instance": {
        "facilities": 300,
        "customers": 300
    },
    "times": {
        "total_time in s": 3600.05,
        "model_building_time in s": 57.83,
        "model_solving_time in s": 3542.21
    },
    "nodes": {
        "total": 551.0
    },
    "solution": {
        "LB": 6031.8991,
        "UB": 7449.3316,
        "gap in %": 0.19,
        "incumbent": [
            8,
            14,
            21,
            39,
            51,
            60,
            64,
            117,
            122,
            134,
            151,
            156,
            164,
            171,
            182,
            189,
            214,
            225,
            228,
            233,
            235,
            284,
            288
        ],
        "memory in MB": 2892.12
    },
    "bounds": {
        "lower_bounds": [
            [
                0.0,
                63.80739712715149
            ],
            [
                5903.205446836245,
                248.57082104682922
            ],
            [
                5917.420390229244,
                281.0562150478363
            ],
            [
                5917.426113742381,
                290.7464060783386
            ],
            [
                5918.255531338402,
                295.8999230861664
            ],
            [
                5918.2560199524005,
                296.6543200016022
            ],
            [
                5918.491942990022,
                298.5926570892334
            ],
            [
                5918.492583090503,
                298.7665309906006
            ],
            [
                5919.125866415487,
                314.5666079521179
            ],
            [
                5919.127031424539,
                315.19467091560364
            ],
            [
                5919.321997551989,
                317.0567491054535
            ],
            [
                5919.929980889786,
                335.17188000679016
            ],
            [
                5919.980739933766,
                335.9306709766388
            ],
            [
                5919.989601061111,
                343.7998809814453
            ],
            [
                5919.99801351767,
                344.27086305618286
            ],
            [
                5920.666160728816,
                399.76823806762695
            ],
            [
                5963.003915755258,
                511.83230805397034
            ],
            [
                5963.013702779488,
                527.7237079143524
            ],
            [
                5979.732277672048,
                534.2403230667114
            ],
            [
                5979.7451857005835,
                568.1099240779877
            ],
            [
                5988.122568241804,
                575.8446221351624
            ],
            [
                5988.203503617045,
                665.5641980171204
            ],
            [
                5991.160638668393,
                670.8752069473267
            ],
            [
                5991.238686250186,
                1752.054538011551
            ],
            [
                6031.8391243117285,
                2125.6888949871063
            ],
            [
                6031.899116146803,
                2133.4712150096893
            ]
        ],
        "upper_bounds": [
            [
                100247.435525,
                64.15827798843384
            ],
            [
                82379.910179,
                249.08691096305847
            ],
            [
                72813.52431000001,
                249.32928109169006
            ],
            [
                11786.804034,
                282.24232602119446
            ],
            [
                11507.184648,
                335.917671918869
            ],
            [
                11458.310849000001,
                400.55849599838257
            ],
            [
                11091.965487000001,
                1005.8921420574188
            ],
            [
                10012.226874,
                1010.4158849716187
            ],
            [
                9130.345830999999,
                1227.2065000534058
            ],
            [
                8908.286834999999,
                1292.2395040988922
            ],
            [
                8671.999623,
                1510.836058139801
            ],
            [
                8515.548477,
                1706.960133075714
            ],
            [
                7668.2364450000005,
                1751.993639945984
            ],
            [
                7449.3316429999995,
                1870.5162920951843
            ]
        ]
    }
}