{"input parameters": ["8", "1", "1000", "X", "1000_1000", "no_Lagrangian"], "instance": {"facilities": 1000, "customers": 1000}, "times": {"total_time in s": 86631.14, "initialisation_time in s": 9028.7, "node_selection_time in s": 0.09, "implied_demands_time in s": 71307.89, "bounds_time in s": 528.19, "variable_selection in s": 4492.51, "greedy_heuristics_time in s": 1253.61, "other_time in s": 20.15}, "nodes": {"total": 18, "pruned": 0, "infeasible": 0, "finished": 0}, "solution": {"LB": 15729.6892, "UB": 27209.5826, "gap in %": 42.19, "incumbent": [8, 15, 17, 41, 43, 63, 69, 70, 74, 80, 87, 91, 130, 134, 153, 168, 203, 215, 223, 263, 277, 305, 306, 314, 329, 333, 353, 357, 382, 403, 404, 409, 412, 420, 424, 432, 438, 447, 463, 484, 491, 502, 518, 534, 544, 548, 549, 587, 591, 605, 625, 638, 657, 658, 660, 699, 700, 702, 703, 736, 740, 742, 746, 753, 756, 770, 779, 785, 790, 793, 799, 822, 841, 844, 866, 868, 874, 875, 879, 885, 887, 900, 907, 916, 951, 963, 977, 999], "memory in MB": 1592.32}, "bounds": {"lower_bounds": [[15505.948, 9028.7], [15578.859, 24056.67, "combined_combinatorial"], [15614.404306, 28292.62, "combined_combinatorial"], [15711.954844, 45544.12, "combined_combinatorial"], [15715.901844, 49653.34, "combined_combinatorial"], [15728.942, 73564.05, "combined_combinatorial"], [15729.68915, 76079.3, "combined_combinatorial"]], "upper_bounds": [[27842.857987999992, 9028.7]]}}