{"input parameters": ["8", "1", "1000", "X", "1000_1000", "Lagrangian"], "instance": {"facilities": 1000, "customers": 1000}, "times": {"total_time in s": 94866.83, "initialisation_time in s": 13539.21, "node_selection_time in s": 0.04, "implied_demands_time in s": 39945.49, "bounds_time in s": 38343.68, "variable_selection in s": 2411.43, "greedy_heuristics_time in s": 616.23, "other_time in s": 10.74}, "nodes": {"total": 10, "pruned": 0, "infeasible": 0, "finished": 0}, "solution": {"LB": 15711.9548, "UB": 26196.1755, "gap in %": 40.02, "incumbent": [1, 15, 41, 43, 65, 69, 74, 79, 80, 87, 100, 101, 117, 130, 134, 153, 196, 203, 223, 271, 277, 305, 306, 314, 333, 353, 357, 371, 397, 402, 403, 404, 409, 412, 420, 424, 426, 432, 442, 447, 463, 483, 484, 491, 492, 505, 510, 518, 534, 548, 587, 591, 615, 625, 638, 655, 657, 658, 660, 680, 700, 702, 736, 740, 742, 770, 776, 779, 785, 790, 793, 799, 822, 866, 868, 875, 879, 881, 885, 887, 892, 900, 907, 951, 963, 977], "memory in MB": 1103.52}, "bounds": {"lower_bounds": [[15505.948, 13539.21], [15578.859, 43099.06, "combined_combinatorial"], [15614.404306, 51793.34, "combined_combinatorial"], [15711.954844, 85824.67, "combined_combinatorial"]], "upper_bounds": [[26196.175520000008, 13539.21]]}}