{
    "input parameters": [
        "8",
        "1",
        "300",
        "X",
        "300_300",
        "no_preprocessing"
    ],
    "instance": {
        "facilities": 300,
        "customers": 300
    },
    "times": {
        "total_time in s": 3600.07,
        "model_building_time in s": 18.47,
        "model_solving_time in s": 3581.61
    },
    "nodes": {
        "total": 91.0
    },
    "solution": {
        "LB": 5968.5399,
        "UB": 7587.9745,
        "gap in %": 0.21,
        "incumbent": [
            8,
            14,
            21,
            51,
            60,
            64,
            72,
            88,
            117,
            122,
            134,
            151,
            156,
            164,
            182,
            185,
            189,
            190,
            225,
            230,
            233,
            235,
            284,
            288
        ],
        "memory in MB": 4137.52
    },
    "bounds": {
        "lower_bounds": [
            [
                0.0,
                106.78108286857605
            ],
            [
                5900.435443262761,
                339.2266070842743
            ],
            [
                5915.694774290915,
                622.8648328781128
            ],
            [
                5916.442539811414,
                809.5696349143982
            ],
            [
                5916.445082548105,
                821.2481670379639
            ],
            [
                5916.636050633074,
                907.9553389549255
            ],
            [
                5916.93854386481,
                1001.8049459457397
            ],
            [
                5917.093653158569,
                1068.5241649150848
            ],
            [
                5917.8845058211455,
                1109.8113560676575
            ],
            [
                5917.981528101834,
                1162.4920809268951
            ],
            [
                5918.805289244555,
                1203.664939880371
            ],
            [
                5918.806780794489,
                1221.8190529346466
            ],
            [
                5918.865145042494,
                1243.6145758628845
            ],
            [
                5918.989830149945,
                1271.0218570232391
            ],
            [
                5919.069609164945,
                1292.9852390289307
            ],
            [
                5919.483833601596,
                1315.9739570617676
            ],
            [
                5919.6422243099605,
                1341.382847070694
            ],
            [
                5919.64918988757,
                1348.3399510383606
            ],
            [
                5919.784665468267,
                1363.6296498775482
            ],
            [
                5960.561411638077,
                1601.2379839420319
            ],
            [
                5960.771045293299,
                1686.4379460811615
            ],
            [
                5968.3980604170865,
                1693.894623041153
            ],
            [
                5968.539938668902,
                1703.9184350967407
            ]
        ],
        "upper_bounds": [
            [
                54919.566566,
                109.97614192962646
            ],
            [
                11555.910065,
                339.5038878917694
            ],
            [
                8560.283174999999,
                365.6188449859619
            ],
            [
                8556.479505,
                368.7905979156494
            ],
            [
                8086.593881000001,
                686.129105091095
            ],
            [
                7863.2877499999995,
                819.4720499515533
            ],
            [
                7587.974495,
                1008.6311900615692
            ]
        ]
    }
}