{
    "input parameters": [
        "8",
        "1",
        "500",
        "X",
        "500_500",
        "preprocessing"
    ],
    "instance": {
        "facilities": 500,
        "customers": 500
    },
    "times": {
        "total_time in s": 3603.18,
        "model_building_time in s": 507.05,
        "model_solving_time in s": 3096.13
    },
    "nodes": {
        "total": 1.0
    },
    "solution": {
        "LB": 10515.3628,
        "UB": 15336.4827,
        "gap in %": 0.31,
        "incumbent": [
            22,
            29,
            42,
            75,
            77,
            80,
            86,
            104,
            112,
            154,
            160,
            172,
            183,
            194,
            205,
            211,
            252,
            268,
            271,
            294,
            301,
            308,
            310,
            318,
            341,
            343,
            345,
            347,
            348,
            349,
            358,
            360,
            367,
            370,
            374,
            408,
            425,
            443,
            445,
            448,
            449,
            452,
            453,
            464,
            475,
            491
        ],
        "memory in MB": 7217.0
    },
    "bounds": {
        "lower_bounds": [
            [
                0.0,
                260.83766913414
            ],
            [
                10511.529922509182,
                1095.1782879829407
            ],
            [
                10515.248572722987,
                2109.950765132904
            ],
            [
                10515.344884248869,
                3042.1968491077423
            ],
            [
                10515.362762532828,
                3051.3375120162964
            ]
        ],
        "upper_bounds": [
            [
                96630.908579,
                270.47824907302856
            ],
            [
                20472.977790999998,
                1096.0797791481018
            ],
            [
                18034.60352,
                1245.6086461544037
            ],
            [
                17406.417871999998,
                1251.5440001487732
            ],
            [
                15336.482746,
                3019.0184330940247
            ]
        ]
    }
}