{"input parameters": ["8", "1", "300", "X", "300_300", "no_Lagrangian"], "instance": {"facilities": 300, "customers": 300}, "times": {"total_time in s": 3619.39, "initialisation_time in s": 59.64, "node_selection_time in s": 0.06, "implied_demands_time in s": 2634.97, "bounds_time in s": 146.0, "variable_selection in s": 582.65, "greedy_heuristics_time in s": 185.29, "other_time in s": 10.77}, "nodes": {"total": 106, "pruned": 0, "infeasible": 0, "finished": 0}, "solution": {"LB": 5086.731, "UB": 8113.7549, "gap in %": 37.31, "incumbent": [8, 14, 21, 39, 46, 60, 64, 103, 117, 122, 134, 151, 156, 171, 185, 189, 190, 214, 225, 228, 235, 284, 287, 288], "memory in MB": 640.32}, "bounds": {"lower_bounds": [[4845.413, 59.64], [4846.02, 213.52, "combined_combinatorial"], [4917.048, 263.99, "combined_combinatorial"], [4917.137, 412.97, "combined_combinatorial"], [4919.244, 561.19, "combined_combinatorial"], [4919.7, 986.83, "combined_combinatorial"], [4919.721, 1032.92, "combined_combinatorial"], [4920.099, 1078.23, "combined_combinatorial"], [4921.505, 1345.29, "combined_combinatorial"], [4925.358, 1389.67, "combined_combinatorial"], [4925.608, 1432.79, "combined_combinatorial"], [4928.708, 1602.01, "combined_combinatorial"], [4928.918, 1764.24, "combined_combinatorial"], [4963.064172, 1835.98, "combined_combinatorial"], [4963.190172, 1899.07, "combined_combinatorial"], [4964.028172, 2232.11, "combined_combinatorial"], [4966.476172, 2514.81, "combined_combinatorial"], [5025.713047, 2720.92, "combined_combinatorial"], [5025.783047, 2739.17, "combined_combinatorial"], [5029.144047, 2863.9, "combined_combinatorial"], [5031.831047, 2880.91, "combined_combinatorial"], [5034.351047, 2948.72, "combined_combinatorial"], [5043.009047, 2998.25, "combined_combinatorial"], [5058.223534, 3021.84, "combined_combinatorial"], [5086.09, 3131.88, "combined_combinatorial"], [5086.125, 3402.4, "combined_combinatorial"], [5086.731, 3586.08, "combined_combinatorial"]], "upper_bounds": [[8988.061462999998, 59.64]]}}