{"input parameters": ["9", "0", "300", "X", "300_300", "no_Lagrangian"], "instance": {"facilities": 300, "customers": 300}, "times": {"total_time in s": 3603.4, "initialisation_time in s": 51.93, "node_selection_time in s": 0.22, "implied_demands_time in s": 1892.73, "bounds_time in s": 216.77, "variable_selection in s": 1050.22, "greedy_heuristics_time in s": 346.91, "other_time in s": 44.62}, "nodes": {"total": 394, "pruned": 0, "infeasible": 0, "finished": 0}, "solution": {"LB": 5187.9878, "UB": 9144.9797, "gap in %": 43.27, "incumbent": [7, 8, 15, 23, 30, 47, 63, 73, 131, 138, 141, 144, 158, 165, 166, 187, 197, 204, 214, 220, 222, 266, 269, 270, 272, 275, 277, 290], "memory in MB": 2121.89}, "bounds": {"lower_bounds": [[4890.635, 51.93], [4890.705, 88.19, "combined_combinatorial"], [4890.886, 111.49, "combined_combinatorial"], [4891.091, 122.6, "combined_combinatorial"], [4892.002, 133.58, "combined_combinatorial"], [4894.776, 144.3, "combined_combinatorial"], [4898.761, 237.36, "combined_combinatorial"], [4899.459, 247.32, "combined_combinatorial"], [4899.545, 266.99, "combined_combinatorial"], [4901.05, 276.72, "combined_combinatorial"], [4909.156, 286.35, "combined_combinatorial"], [4926.014749148833, 296.07, "combined_combinatorial"], [4927.3327491488335, 325.06, "combined_combinatorial"], [4929.256, 334.63, "combined_combinatorial"], [4929.594418276735, 362.74, "combined_combinatorial"], [4940.366957847143, 381.35, "combined_combinatorial"], [4942.502528731989, 426.99, "combined_combinatorial"], [4945.962957847142, 436.26, "combined_combinatorial"], [4945.9710543597175, 445.38, "combined_combinatorial"], [4946.466054359717, 454.31, "combined_combinatorial"], [4946.554054359717, 481.28, "combined_combinatorial"], [4947.051663399908, 489.94, "combined_combinatorial"], [4947.057307964743, 498.42, "combined_combinatorial"], [4947.142621386628, 515.02, "combined_combinatorial"], [4956.843528731989, 531.57, "combined_combinatorial"], [4957.407781004932, 539.57, "combined_combinatorial"], [4957.990781004933, 547.59, "combined_combinatorial"], [4957.991799748029, 563.11, "combined_combinatorial"], [4967.47333940447, 584.97, "combined_combinatorial"], [4970.316621412188, 593.36, "combined_combinatorial"], [4976.781859496636, 618.7, "combined_combinatorial"], [4985.35453152429, 625.73, "combined_combinatorial"], [5003.170085999999, 635.36, "combined_combinatorial"], [5004.661085999999, 644.9, "combined_combinatorial"], [5005.801859496636, 652.95, "combined_combinatorial"], [5005.806731074162, 661.02, "combined_combinatorial"], [5006.198085999999, 686.73, "combined_combinatorial"], [5011.522731074161, 713.37, "combined_combinatorial"], [5011.53380087694, 721.4, "combined_combinatorial"], [5022.028960495245, 737.23, "combined_combinatorial"], [5025.210960495246, 744.74, "combined_combinatorial"], [5025.211979238342, 759.5, "combined_combinatorial"], [5025.466504276736, 768.88, "combined_combinatorial"], [5025.466529027188, 778.11, "combined_combinatorial"], [5041.528639482442, 786.81, "combined_combinatorial"], [5042.011873581421, 796.37, "combined_combinatorial"], [5043.391043847143, 805.85, "combined_combinatorial"], [5047.027458440421, 814.1, "combined_combinatorial"], [5048.923976635411, 823.89, "combined_combinatorial"], [5048.949976635411, 833.53, "combined_combinatorial"], [5049.857870814597, 843.33, "combined_combinatorial"], [5050.309870814597, 862.16, "combined_combinatorial"], [5056.277061793896, 871.54, "combined_combinatorial"], [5056.330620693254, 898.48, "combined_combinatorial"], [5057.246043847143, 907.95, "combined_combinatorial"], [5057.254140359718, 935.94, "combined_combinatorial"], [5057.25416511017, 945.17, "combined_combinatorial"], [5058.07916511017, 954.39, "combined_combinatorial"], [5058.167165110171, 981.74, "combined_combinatorial"], [5058.48277415036, 990.43, "combined_combinatorial"], [5058.488418715196, 998.9, "combined_combinatorial"], [5059.173418715196, 1023.74, "combined_combinatorial"], [5059.677418715195, 1031.94, "combined_combinatorial"], [5059.807228989447, 1038.7, "combined_combinatorial"], [5061.225418715196, 1046.82, "combined_combinatorial"], [5061.4564187151955, 1054.81, "combined_combinatorial"], [5061.47873213708, 1070.69, "combined_combinatorial"], [5062.408418276735, 1079.92, "combined_combinatorial"], [5066.446159236801, 1115.35, "combined_combinatorial"], [5067.667061793896, 1124.33, "combined_combinatorial"], [5069.407310716145, 1150.22, "combined_combinatorial"], [5069.986509660125, 1162.16, "combined_combinatorial"], [5070.249509660125, 1209.06, "combined_combinatorial"], [5070.302713373454, 1273.77, "combined_combinatorial"], [5071.27844277191, 1284.02, "combined_combinatorial"], [5072.442509660125, 1376.01, "combined_combinatorial"], [5072.493509660126, 1397.53, "combined_combinatorial"], [5076.556267754597, 1406.06, "combined_combinatorial"], [5076.707581176482, 1430.8, "combined_combinatorial"], [5076.974656825204, 1439.21, "combined_combinatorial"], [5076.996970247089, 1456.25, "combined_combinatorial"], [5077.224459752376, 1459.09, "combined_combinatorial"], [5077.957583349886, 1477.2, "combined_combinatorial"], [5078.726509660126, 1495.71, "combined_combinatorial"], [5079.027509660125, 1506.24, "combined_combinatorial"], [5079.902470334449, 1535.46, "combined_combinatorial"], [5079.903489077546, 1575.28, "combined_combinatorial"], [5079.986061793896, 1583.95, "combined_combinatorial"], [5080.751418276735, 1592.7, "combined_combinatorial"], [5083.115651470218, 1602.41, "combined_combinatorial"], [5083.237651470218, 1611.84, "combined_combinatorial"], [5084.106054359718, 1639.15, "combined_combinatorial"], [5084.111698924553, 1647.74, "combined_combinatorial"], [5084.197012346438, 1664.42, "combined_combinatorial"], [5087.451651470218, 1673.72, "combined_combinatorial"], [5088.45274296819, 1681.61, "combined_combinatorial"], [5088.9007183584345, 1691.8, "combined_combinatorial"], [5089.438873581422, 1701.3, "combined_combinatorial"], [5089.442528229324, 1710.64, "combined_combinatorial"], [5091.319946506059, 1719.93, "combined_combinatorial"], [5094.8509242569, 1727.8, "combined_combinatorial"], [5094.95404088586, 1735.96, "combined_combinatorial"], [5094.956651470218, 1745.32, "combined_combinatorial"], [5094.958740868397, 1753.53, "combined_combinatorial"], [5095.105645489879, 1762.82, "combined_combinatorial"], [5095.152374941312, 1770.86, "combined_combinatorial"], [5095.328374941311, 1778.83, "combined_combinatorial"], [5095.416374941312, 1802.1, "combined_combinatorial"], [5096.0099242568995, 1809.86, "combined_combinatorial"], [5096.0949839815, 1817.35, "combined_combinatorial"], [5096.405718358435, 1827.3, "combined_combinatorial"], [5096.598983981501, 1834.62, "combined_combinatorial"], [5096.961199613532, 1843.06, "combined_combinatorial"], [5098.586249415664, 1852.85, "combined_combinatorial"], [5098.619725784245, 1862.78, "combined_combinatorial"], [5099.346725784245, 1872.54, "combined_combinatorial"], [5099.354822296819, 1882.21, "combined_combinatorial"], [5099.357565975292, 1891.41, "combined_combinatorial"], [5099.72882229682, 1901.0, "combined_combinatorial"], [5100.171983981501, 1908.3, "combined_combinatorial"], [5100.7909279368605, 1918.14, "combined_combinatorial"], [5100.912241358746, 1947.18, "combined_combinatorial"], [5104.622264965042, 1953.63, "combined_combinatorial"], [5106.0169702470885, 1961.89, "combined_combinatorial"], [5106.021841824613, 1970.08, "combined_combinatorial"], [5109.141676430546, 1995.23, "combined_combinatorial"], [5109.80382229682, 2004.76, "combined_combinatorial"], [5111.658351814, 2023.09, "combined_combinatorial"], [5111.7378418246135, 2031.13, "combined_combinatorial"], [5111.748911627393, 2039.15, "combined_combinatorial"], [5113.298258808959, 2065.75, "combined_combinatorial"], [5114.607258808959, 2086.66, "combined_combinatorial"], [5114.932071245698, 2094.22, "combined_combinatorial"], [5114.933089988794, 2109.56, 