{"input parameters": ["9", "0", "500", "X", "500_500", "no_Lagrangian"], "instance": {"facilities": 500, "customers": 500}, "times": {"total_time in s": 3648.43, "initialisation_time in s": 488.66, "node_selection_time in s": 0.07, "implied_demands_time in s": 2102.59, "bounds_time in s": 82.65, "variable_selection in s": 689.89, "greedy_heuristics_time in s": 265.81, "other_time in s": 18.76}, "nodes": {"total": 53, "pruned": 0, "infeasible": 0, "finished": 0}, "solution": {"LB": 8158.2234, "UB": 12525.9035, "gap in %": 34.87, "incumbent": [9, 49, 70, 82, 86, 109, 113, 117, 125, 126, 137, 155, 180, 185, 196, 197, 198, 208, 214, 226, 228, 247, 257, 270, 274, 275, 313, 315, 338, 346, 350, 353, 368, 388, 400, 409, 429, 448, 451, 452, 471, 481, 484], "memory in MB": 1435.33}, "bounds": {"lower_bounds": [[7921.029, 488.66], [7921.484, 622.57, "combined_combinatorial"], [7923.9, 688.4, "combined_combinatorial"], [7954.680912547473, 752.73, "combined_combinatorial"], [7968.676912547473, 816.8, "combined_combinatorial"], [7982.950590085055, 880.59, "combined_combinatorial"], [7992.986649011375, 944.55, "combined_combinatorial"], [7994.454649011375, 1071.11, "combined_combinatorial"], [7995.146988668574, 1133.83, "combined_combinatorial"], [8001.818988668574, 1257.97, "combined_combinatorial"], [8003.001, 1323.75, "combined_combinatorial"], [8003.06717917191, 1384.55, "combined_combinatorial"], [8003.072449745287, 1445.29, "combined_combinatorial"], [8003.105449745287, 1625.92, "combined_combinatorial"], [8004.107, 1750.36, "combined_combinatorial"], [8008.001, 1814.19, "combined_combinatorial"], [8008.081, 1877.47, "combined_combinatorial"], [8014.487423829003, 1935.69, "combined_combinatorial"], [8021.825, 2112.74, "combined_combinatorial"], [8021.925, 2172.36, "combined_combinatorial"], [8036.262423829003, 2229.58, "combined_combinatorial"], [8038.007423829003, 2286.2, "combined_combinatorial"], [8054.396, 2401.89, "combined_combinatorial"], [8064.9657054005265, 2456.5, "combined_combinatorial"], [8123.882564280983, 2519.08, "combined_combinatorial"], [8126.831564280983, 2580.24, "combined_combinatorial"], [8139.449459301482, 2642.1, "combined_combinatorial"], [8140.76671646045, 2709.5, "combined_combinatorial"], [8146.045629007923, 2908.86, "combined_combinatorial"], [8147.957629007922, 2974.56, "combined_combinatorial"], [8147.998306545505, 3039.77, "combined_combinatorial"], [8149.623459301482, 3101.43, "combined_combinatorial"], [8151.51861297339, 3219.2, "combined_combinatorial"], [8154.333705400527, 3271.09, "combined_combinatorial"], [8154.475306545505, 3335.98, "combined_combinatorial"], [8155.910306545505, 3399.86, "combined_combinatorial"], [8156.814434106547, 3463.71, "combined_combinatorial"], [8158.223434106547, 3590.81, "combined_combinatorial"]], "upper_bounds": [[12525.903520112017, 488.66]]}}