{
    "input parameters": [
        "9",
        "0",
        "300",
        "X",
        "300_300",
        "no_preprocessing"
    ],
    "instance": {
        "facilities": 300,
        "customers": 300
    },
    "times": {
        "total_time in s": 3600.08,
        "model_building_time in s": 18.38,
        "model_solving_time in s": 3581.7
    },
    "nodes": {
        "total": 384.0
    },
    "solution": {
        "LB": 5767.802,
        "UB": 10165.8264,
        "gap in %": 0.43,
        "incumbent": [
            6,
            7,
            8,
            22,
            23,
            47,
            63,
            67,
            73,
            104,
            106,
            109,
            131,
            141,
            142,
            158,
            187,
            197,
            203,
            208,
            214,
            241,
            246,
            248,
            262,
            269,
            270,
            272,
            290
        ],
        "memory in MB": 3902.59
    },
    "bounds": {
        "lower_bounds": [
            [
                0.0,
                129.45490193367004
            ],
            [
                5613.975542197046,
                489.2290439605713
            ],
            [
                5618.785356991882,
                1149.1013939380646
            ],
            [
                5620.108730721242,
                1168.779541015625
            ],
            [
                5620.198720671372,
                1169.7844381332397
            ],
            [
                5620.2838804694575,
                1170.5370330810547
            ],
            [
                5620.9579104731765,
                1185.513682126999
            ],
            [
                5620.974924561267,
                1199.6754760742188
            ],
            [
                5622.087344913201,
                1201.7154989242554
            ],
            [
                5622.137038903048,
                1210.1874101161957
            ],
            [
                5623.062060620715,
                1214.109456062317
            ],
            [
                5623.078922890369,
                1224.2400810718536
            ],
            [
                5623.222434558218,
                1225.1569640636444
            ],
            [
                5623.232830895102,
                1226.068498134613
            ],
            [
                5623.444953367967,
                1227.350389957428
            ],
            [
                5624.045272508831,
                1238.6667160987854
            ],
            [
                5624.114692096595,
                1244.1044569015503
            ],
            [
                5624.569254524008,
                1245.470654964447
            ],
            [
                5624.604379557212,
                1257.1465780735016
            ],
            [
                5624.652199623176,
                1257.8574271202087
            ],
            [
                5624.804641035751,
                1315.1691980361938
            ],
            [
                5625.34571783837,
                1385.6320490837097
            ],
            [
                5628.288649556049,
                1431.97203207016
            ],
            [
                5628.335802459573,
                1451.024619102478
            ],
            [
                5632.67755831986,
                1751.3754229545593
            ],
            [
                5757.152321732166,
                2016.3746540546417
            ],
            [
                5757.458406121392,
                2464.5491631031036
            ],
            [
                5767.801981576847,
                2652.1297240257263
            ]
        ],
        "upper_bounds": [
            [
                49734.33395353973,
                133.55277109146118
            ],
            [
                12500.59840637686,
                489.49711203575134
            ],
            [
                10165.826372016221,
                491.7836480140686
            ]
        ]
    }
}