{"input parameters": ["9", "0", "300", "X", "300_300", "Lagrangian"], "instance": {"facilities": 300, "customers": 300}, "times": {"total_time in s": 3610.83, "initialisation_time in s": 65.4, "node_selection_time in s": 0.17, "implied_demands_time in s": 1120.3, "bounds_time in s": 1584.16, "variable_selection in s": 611.48, "greedy_heuristics_time in s": 202.84, "other_time in s": 26.48}, "nodes": {"total": 200, "pruned": 0, "infeasible": 0, "finished": 0}, "solution": {"LB": 5098.6197, "UB": 8796.1631, "gap in %": 42.04, "incumbent": [7, 8, 15, 23, 30, 43, 63, 73, 131, 138, 141, 144, 158, 165, 166, 187, 197, 204, 220, 222, 269, 270, 272, 275, 277, 290], "memory in MB": 1175.53}, "bounds": {"lower_bounds": [[4890.635, 65.4], [4890.705, 135.92, "combined_combinatorial"], [4890.886, 181.24, "combined_combinatorial"], [4891.091, 202.25, "combined_combinatorial"], [4892.002, 222.62, "combined_combinatorial"], [4894.776, 243.17, "combined_combinatorial"], [4898.761, 422.73, "combined_combinatorial"], [4899.459, 442.01, "combined_combinatorial"], [4899.545, 479.72, "combined_combinatorial"], [4901.05, 498.42, "combined_combinatorial"], [4909.156, 516.93, "combined_combinatorial"], [4926.014749148833, 535.71, "combined_combinatorial"], [4927.3327491488335, 591.73, "combined_combinatorial"], [4929.256, 610.11, "combined_combinatorial"], [4929.594418276735, 664.29, "combined_combinatorial"], [4940.366957847143, 700.24, "combined_combinatorial"], [4942.502528731989, 788.02, "combined_combinatorial"], [4945.962957847142, 805.48, "combined_combinatorial"], [4945.9710543597175, 822.83, "combined_combinatorial"], [4946.466054359717, 839.93, "combined_combinatorial"], [4946.554054359717, 890.25, "combined_combinatorial"], [4947.051663399908, 906.43, "combined_combinatorial"], [4947.057307964743, 922.58, "combined_combinatorial"], [4947.142621386628, 954.45, "combined_combinatorial"], [4956.843528731989, 986.49, "combined_combinatorial"], [4957.407781004932, 1001.92, "combined_combinatorial"], [4957.990781004933, 1017.31, "combined_combinatorial"], [4957.991799748029, 1047.28, "combined_combinatorial"], [4967.47333940447, 1089.98, "combined_combinatorial"], [4970.316621412188, 1106.02, "combined_combinatorial"], [4976.781859496636, 1154.24, "combined_combinatorial"], [4985.35453152429, 1167.93, "combined_combinatorial"], [5003.170085999999, 1186.34, "combined_combinatorial"], [5004.661085999999, 1204.54, "combined_combinatorial"], [5005.801859496636, 1220.24, "combined_combinatorial"], [5005.806731074162, 1236.06, "combined_combinatorial"], [5006.198085999999, 1285.62, "combined_combinatorial"], [5011.522731074161, 1336.95, "combined_combinatorial"], [5011.53380087694, 1352.7, "combined_combinatorial"], [5022.028960495245, 1383.79, "combined_combinatorial"], [5025.210960495246, 1399.04, "combined_combinatorial"], [5025.211979238342, 1428.94, "combined_combinatorial"], [5025.466504276736, 1447.51, "combined_combinatorial"], [5025.466529027188, 1465.52, "combined_combinatorial"], [5041.528639482442, 1482.77, "combined_combinatorial"], [5042.011873581421, 1501.52, "combined_combinatorial"], [5043.391043847143, 1520.53, "combined_combinatorial"], [5047.027458440421, 1536.92, "combined_combinatorial"], [5048.923976635411, 1556.44, "combined_combinatorial"], [5048.949976635411, 1575.64, "combined_combinatorial"], [5049.857870814597, 1595.02, "combined_combinatorial"], [5050.309870814597, 1632.93, "combined_combinatorial"], [5056.277061793896, 1651.62, "combined_combinatorial"], [5056.330620693254, 1705.54, "combined_combinatorial"], [5057.246043847143, 1724.39, "combined_combinatorial"], [5057.254140359718, 1780.3, "combined_combinatorial"], [5057.25416511017, 1798.62, "combined_combinatorial"], [5058.07916511017, 1816.81, "combined_combinatorial"], [5058.167165110171, 1870.24, "combined_combinatorial"], [5058.48277415036, 1887.39, "combined_combinatorial"], [5058.488418715196, 1904.14, "combined_combinatorial"], [5059.173418715196, 1954.14, "combined_combinatorial"], [5059.677418715195, 1970.55, "combined_combinatorial"], [5059.807228989447, 1984.69, "combined_combinatorial"], [5061.225418715196, 2000.89, "combined_combinatorial"], [5061.4564187151955, 2016.99, "combined_combinatorial"], [5061.47873213708, 2049.15, "combined_combinatorial"], [5062.408418276735, 2067.29, "combined_combinatorial"], [5066.446159236801, 2137.72, "combined_combinatorial"], [5067.667061793896, 2155.59, "combined_combinatorial"], [5069.407310716145, 2207.66, "combined_combinatorial"], [5069.986509660125, 2230.93, "combined_combinatorial"], [5070.249509660125, 2322.68, "combined_combinatorial"], [5070.302713373454, 2450.11, "combined_combinatorial"], [5071.27844277191, 2470.38, "combined_combinatorial"], [5072.442509660125, 2649.39, "combined_combinatorial"], [5072.493509660126, 2692.11, "combined_combinatorial"], [5076.556267754597, 2709.11, "combined_combinatorial"], [5076.707581176482, 2758.99, "combined_combinatorial"], [5076.974656825204, 2776.02, "combined_combinatorial"], [5076.996970247089, 2809.92, "combined_combinatorial"], [5077.224459752376, 2817.25, "combined_combinatorial"], [5077.957583349886, 2852.86, "combined_combinatorial"], [5078.726509660126, 2889.74, "combined_combinatorial"], [5079.027509660125, 2909.87, "combined_combinatorial"], [5079.902470334449, 2965.68, "combined_combinatorial"], [5079.903489077546, 3042.92, "combined_combinatorial"], [5079.986061793896, 3059.6, "combined_combinatorial"], [5080.751418276735, 3076.17, "combined_combinatorial"], [5083.115651470218, 3094.41, "combined_combinatorial"], [5083.237651470218, 3112.42, "combined_combinatorial"], [5084.106054359718, 3164.61, "combined_combinatorial"], [5084.111698924553, 3180.65, "combined_combinatorial"], [5084.197012346438, 3212.46, "combined_combinatorial"], [5087.451651470218, 3230.11, "combined_combinatorial"], [5088.45274296819, 3245.24, "combined_combinatorial"], [5088.9007183584345, 3264.76, "combined_combinatorial"], [5089.438873581422, 3282.71, "combined_combinatorial"], [5089.442528229324, 3300.27, "combined_combinatorial"], [5091.319946506059, 3317.82, "combined_combinatorial"], [5094.8509242569, 3333.06, "combined_combinatorial"], [5094.95404088586, 3349.18, "combined_combinatorial"], [5094.956651470218, 3366.87, "combined_combinatorial"], [5094.958740868397, 3382.6, "combined_combinatorial"], [5095.105645489879, 3400.31, "combined_combinatorial"], [5095.152374941312, 3415.92, "combined_combinatorial"], [5095.328374941311, 3431.32, "combined_combinatorial"], [5095.416374941312, 3476.66, "combined_combinatorial"], [5096.0099242568995, 3491.72, "combined_combinatorial"], [5096.0949839815, 3506.31, "combined_combinatorial"], [5096.405718358435, 3525.47, "combined_combinatorial"], [5096.598983981501, 3539.79, "combined_combinatorial"], [5096.961199613532, 3556.16, "combined_combinatorial"], [5098.586249415664, 3574.81, "combined_combinatorial"], [5098.619725784245, 3593.28, "combined_combinatorial"]], "upper_bounds": [[9099.820760122566, 65.4]]}}