{
    "input parameters": [
        "9",
        "0",
        "500",
        "X",
        "500_500",
        "no_preprocessing"
    ],
    "instance": {
        "facilities": 500,
        "customers": 500
    },
    "times": {
        "total_time in s": 3600.33,
        "model_building_time in s": 80.86,
        "model_solving_time in s": 3519.46
    },
    "nodes": {
        "total": 1.0
    },
    "solution": {
        "LB": 8877.2508,
        "UB": 12998.4347,
        "gap in %": 0.32,
        "incumbent": [
            9,
            10,
            40,
            43,
            49,
            69,
            70,
            82,
            86,
            101,
            109,
            113,
            117,
            125,
            179,
            180,
            185,
            187,
            196,
            197,
            198,
            208,
            226,
            247,
            257,
            270,
            274,
            281,
            338,
            346,
            350,
            353,
            357,
            384,
            388,
            400,
            418,
            432,
            448,
            451,
            471,
            484,
            490
        ],
        "memory in MB": 8691.26
    },
    "bounds": {
        "lower_bounds": [
            [
                0.0,
                508.2771530151367
            ],
            [
                8877.250756309206,
                2927.172528028488
            ]
        ],
        "upper_bounds": [
            [
                75369.11469917733,
                531.143462896347
            ],
            [
                15206.104533829077,
                2928.41184592247
            ],
            [
                13427.621421025457,
                2949.2143330574036
            ],
            [
                12998.434729569173,
                2962.187196969986
            ]
        ]
    }
}