{"input parameters": ["9", "0", "1000", "X", "1000_1000", "Lagrangian"], "instance": {"facilities": 1000, "customers": 1000}, "times": {"total_time in s": 86649.99, "initialisation_time in s": 7093.08, "node_selection_time in s": 0.8, "implied_demands_time in s": 36616.57, "bounds_time in s": 23877.66, "variable_selection in s": 13851.77, "greedy_heuristics_time in s": 4995.19, "other_time in s": 214.92}, "nodes": {"total": 157, "pruned": 0, "infeasible": 0, "finished": 0}, "solution": {"LB": 16662.1424, "UB": 28110.6741, "gap in %": 40.73, "incumbent": [21, 38, 43, 50, 58, 123, 128, 178, 179, 187, 198, 228, 230, 249, 250, 251, 257, 258, 280, 301, 308, 322, 325, 333, 341, 354, 362, 365, 376, 392, 393, 406, 417, 419, 424, 426, 436, 451, 455, 468, 472, 489, 528, 540, 542, 547, 568, 587, 623, 629, 641, 651, 653, 657, 675, 684, 692, 700, 701, 716, 722, 733, 746, 747, 753, 755, 761, 772, 797, 803, 806, 811, 819, 823, 847, 873, 881, 897, 907, 915, 929, 930, 937, 938, 943, 961, 969, 971, 998], "memory in MB": 10874.03}, "bounds": {"lower_bounds": [[16336.037, 7093.08], [16336.437, 8073.42, "combined_combinatorial"], [16341.581574334987, 8556.38, "combined_combinatorial"], [16357.018574334987, 9041.9, "combined_combinatorial"], [16380.970500308258, 9522.69, "combined_combinatorial"], [16382.325773, 10007.41, "combined_combinatorial"], [16393.783865011857, 10490.42, "combined_combinatorial"], [16405.5185620105, 10968.09, "combined_combinatorial"], [16418.658, 11467.62, "combined_combinatorial"], [16420.026, 12949.18, "combined_combinatorial"], [16422.115675449535, 13096.23, "combined_combinatorial"], [16442.04461262854, 13573.05, "combined_combinatorial"], [16442.46561262854, 15010.82, "combined_combinatorial"], [16442.83361262854, 15495.16, "combined_combinatorial"], [16443.81661262854, 16433.98, "combined_combinatorial"], [16452.284, 16903.52, "combined_combinatorial"], [16453.19061262854, 17368.05, "combined_combinatorial"], [16464.13734733499, 18321.82, "combined_combinatorial"], [16478.245270734064, 19295.8, "combined_combinatorial"], [16479.845270734066, 20266.86, "combined_combinatorial"], [16485.009368406594, 21245.01, "combined_combinatorial"], [16487.420270734066, 21732.08, "combined_combinatorial"], [16487.512733110194, 22223.1, "combined_combinatorial"], [16488.36243010884, 22711.15, "combined_combinatorial"], [16489.252430108838, 23199.67, "combined_combinatorial"], [16495.955154926385, 23687.39, "combined_combinatorial"], [16504.579134468273, 24656.88, "combined_combinatorial"], [16508.170985830962, 25144.86, "combined_combinatorial"], [16509.073507670695, 27087.28, "combined_combinatorial"], [16509.076507670696, 28042.6, "combined_combinatorial"], [16509.121507670698, 30906.23, "combined_combinatorial"], [16510.344204442245, 34244.64, "combined_combinatorial"], [16510.35932055975, 35222.78, "combined_combinatorial"], [16510.362320559747, 36199.28, "combined_combinatorial"], [16510.40732055975, 39138.18, "combined_combinatorial"], [16525.39120791307, 42519.32, "combined_combinatorial"], [16559.152367287843, 45069.71, "combined_combinatorial"], [16566.930616361085, 46089.66, "combined_combinatorial"], [16575.701511354993, 46602.31, "combined_combinatorial"], [16578.56471733499, 47127.15, "combined_combinatorial"], [16583.770511354993, 47636.97, "combined_combinatorial"], [16583.81551135499, 51686.91, "combined_combinatorial"], [16588.962813930608, 55210.19, "combined_combinatorial"], [16590.61443010884, 55722.02, "combined_combinatorial"], [16595.110480726875, 56245.7, "combined_combinatorial"], [16595.531480726877, 57288.03, "combined_combinatorial"], [16595.899480726875, 57806.99, "combined_combinatorial"], [16596.882480726876, 58844.3, "combined_combinatorial"], [16597.91571733499, 59374.66, "combined_combinatorial"], [16606.256480726875, 59896.65, "combined_combinatorial"], [16607.51544469591, 60928.07, "combined_combinatorial"], [16608.42344469591, 61438.42, "combined_combinatorial"], [16613.67061262854, 61952.86, "combined_combinatorial"], [16617.711728746042, 62463.96, "combined_combinatorial"], [16620.491113668937, 63492.78, "combined_combinatorial"], [16622.37064330826, 64542.89, "combined_combinatorial"], [16622.989798720013, 65052.42, "combined_combinatorial"], [16623.017830642755, 65560.0, "combined_combinatorial"], [16623.669138832403, 66091.09, "combined_combinatorial"], [16630.51911366894, 66613.02, "combined_combinatorial"], [16631.311138832403, 67152.06, "combined_combinatorial"], [16632.9111388324, 67701.44, "combined_combinatorial"], [16635.055048040842, 68759.04, "combined_combinatorial"], [16635.249008011855, 69814.58, "combined_combinatorial"], [16636.338860929896, 70318.06, "combined_combinatorial"], [16640.012697670696, 71341.94, "combined_combinatorial"], [16640.486138832403, 71893.7, "combined_combinatorial"], [16641.25376862854, 72442.3, "combined_combinatorial"], [16641.261510559747, 72964.99, "combined_combinatorial"], [16643.829881063226, 73523.15, "combined_combinatorial"], [16647.024705010503, 74069.21, "combined_combinatorial"], [16649.02102302472, 74614.49, "combined_combinatorial"], [16650.9356976707, 75685.37, "combined_combinatorial"], [16652.188510559747, 76205.94, "combined_combinatorial"], [16655.492143, 76775.57, "combined_combinatorial"], [16657.64500256661, 77319.47, "combined_combinatorial"], [16659.171143, 77892.35, "combined_combinatorial"], [16659.569048040845, 79521.42, "combined_combinatorial"], [16660.539143, 80208.34, "combined_combinatorial"], [16660.853860929896, 81012.66, "combined_combinatorial"], [16661.2368539293, 81877.93, "combined_combinatorial"], [16662.139375769035, 84649.94, "combined_combinatorial"], [16662.142375769035, 85674.61, "combined_combinatorial"]], "upper_bounds": [[28551.356498267018, 7093.08]]}}