{"input parameters": ["9", "0", "500", "X", "500_500", "Lagrangian"], "instance": {"facilities": 500, "customers": 500}, "times": {"total_time in s": 3603.22, "initialisation_time in s": 518.31, "node_selection_time in s": 0.06, "implied_demands_time in s": 1299.52, "bounds_time in s": 1189.31, "variable_selection in s": 422.79, "greedy_heuristics_time in s": 161.14, "other_time in s": 12.09}, "nodes": {"total": 34, "pruned": 0, "infeasible": 0, "finished": 0}, "solution": {"LB": 8054.396, "UB": 12133.0605, "gap in %": 33.62, "incumbent": [9, 10, 49, 59, 70, 86, 109, 113, 117, 125, 137, 180, 185, 196, 197, 198, 208, 214, 226, 247, 257, 270, 274, 275, 281, 294, 313, 338, 346, 350, 353, 357, 370, 400, 409, 448, 451, 452, 471, 481, 484], "memory in MB": 1019.33}, "bounds": {"lower_bounds": [[7921.029, 518.31], [7921.484, 726.07, "combined_combinatorial"], [7923.9, 828.49, "combined_combinatorial"], [7954.680912547473, 929.53, "combined_combinatorial"], [7968.676912547473, 1030.08, "combined_combinatorial"], [7982.950590085055, 1130.58, "combined_combinatorial"], [7992.986649011375, 1231.04, "combined_combinatorial"], [7994.454649011375, 1428.89, "combined_combinatorial"], [7995.146988668574, 1525.91, "combined_combinatorial"], [8001.818988668574, 1718.38, "combined_combinatorial"], [8003.001, 1820.71, "combined_combinatorial"], [8003.06717917191, 1916.65, "combined_combinatorial"], [8003.072449745287, 2015.94, "combined_combinatorial"], [8003.105449745287, 2310.95, "combined_combinatorial"], [8004.107, 2503.84, "combined_combinatorial"], [8008.001, 2602.63, "combined_combinatorial"], [8008.081, 2700.45, "combined_combinatorial"], [8014.487423829003, 2791.37, "combined_combinatorial"], [8021.825, 3068.04, "combined_combinatorial"], [8021.925, 3161.06, "combined_combinatorial"], [8036.262423829003, 3250.25, "combined_combinatorial"], [8038.007423829003, 3339.64, "combined_combinatorial"], [8054.396, 3522.17, "combined_combinatorial"]], "upper_bounds": [[12133.060488762078, 518.31]]}}