{
    "input parameters": [
        "9",
        "0",
        "300",
        "X",
        "300_300",
        "preprocessing"
    ],
    "instance": {
        "facilities": 300,
        "customers": 300
    },
    "times": {
        "total_time in s": 3600.01,
        "model_building_time in s": 45.65,
        "model_solving_time in s": 3554.36
    },
    "nodes": {
        "total": 1974.0
    },
    "solution": {
        "LB": 6480.9552,
        "UB": 8130.2034,
        "gap in %": 0.2,
        "incumbent": [
            8,
            13,
            23,
            28,
            47,
            50,
            63,
            73,
            97,
            109,
            113,
            131,
            138,
            142,
            144,
            158,
            165,
            171,
            197,
            222,
            233,
            247,
            269,
            270,
            272,
            290,
            296
        ],
        "memory in MB": 1045.3
    },
    "bounds": {
        "lower_bounds": [
            [
                0.0,
                6.547703981399536
            ],
            [
                5630.5433097731375,
                21.668648958206177
            ],
            [
                5639.601612780674,
                45.196167945861816
            ],
            [
                5707.305385434651,
                72.48165798187256
            ],
            [
                5709.260369954263,
                73.68376016616821
            ],
            [
                5760.731651152111,
                83.86770915985107
            ],
            [
                5765.895830191553,
                85.9445161819458
            ],
            [
                5767.001826725617,
                86.32021903991699
            ],
            [
                5767.067208361487,
                86.45947694778442
            ],
            [
                5767.068278696553,
                86.54610204696655
            ],
            [
                5784.716015951011,
                90.73112797737122
            ],
            [
                5789.681854344144,
                92.49140810966492
            ],
            [
                5790.614311163773,
                92.99419498443604
            ],
            [
                5790.73511622193,
                93.17728805541992
            ],
            [
                5790.75975398034,
                93.35082507133484
            ],
            [
                5790.766085983404,
                93.4568841457367
            ],
            [
                5799.2912115713625,
                96.44724702835083
            ],
            [
                5799.876754422165,
                97.7786750793457
            ],
            [
                5800.168604461813,
                98.18410205841064
            ],
            [
                5800.2139461440975,
                98.3553991317749
            ],
            [
                5800.220164359464,
                98.48707604408264
            ],
            [
                5802.374957590593,
                100.0091860294342
            ],
            [
                5802.567299712176,
                100.6207230091095
            ],
            [
                5802.636311377311,
                100.81690001487732
            ],
            [
                5802.66019975702,
                101.00322604179382
            ],
            [
                5804.035147691104,
                102.48688507080078
            ],
            [
                5804.2306101254035,
                103.45191097259521
            ],
            [
                5804.304575355066,
                103.64289808273315
            ],
            [
                5804.353820247663,
                103.8211100101471
            ],
            [
                5806.01314297774,
                105.01767706871033
            ],
            [
                5806.159954228182,
                105.61389708518982
            ],
            [
                5806.169138939997,
                105.73797011375427
            ],
            [
                5807.304997930485,
                106.81296014785767
            ],
            [
                5807.365188126599,
                107.62396502494812
            ],
            [
                5807.378178377529,
                107.78574109077454
            ],
            [
                5808.066190711127,
                108.89259314537048
            ],
            [
                5808.255021420682,
                109.46307396888733
            ],
            [
                5808.270609066135,
                109.58861303329468
            ],
            [
                5809.204031365205,
                110.53386211395264
            ],
            [
                5809.243217179306,
                111.87903904914856
            ],
            [
                5809.2467053579885,
                111.99056911468506
            ],
            [
                5809.457531057476,
                112.89781403541565
            ],
            [
                5809.643716030113,
                113.44670796394348
            ],
            [
                5809.647921962038,
                113.6317629814148
            ],
            [
                5809.795669043028,
                114.49945902824402
            ],
            [
                5809.913457871222,
                115.37069201469421
            ],
            [
                5809.91479997025,
                115.46710801124573
            ],
            [
                5809.927433334203,
                116.30620217323303
            ],
            [
                5809.932397058712,
                116.84618902206421
            ],
            [
                5810.355112538012,
                118.0198609828949
            ],
            [
                5810.365795734228,
                118.24746012687683
            ],
            [
                5810.595514104046,
                119.12241816520691
            ],
            [
                5810.613316853225,
                119.64219403266907
            ],
            [
                5811.021131349924,
                120.46352195739746
            ],
            [
                5811.021794434098,
                120.6785659790039
            ],
            [
                5811.333833827837,
                121.44179511070251
            ],
            [
                5811.476114387349,
                122.06722903251648
            ],
            [
                5811.4805176433465,
                122.16516900062561
            ],
            [
                5811.5037627386,
                122.99450206756592
            ],
            [
                5811.504528423732,
                123.21278095245361
            ],
            [
                5811.695826742161,
                123.98038697242737
            ],
            [
                5820.907447067079,
                143.71629095077515
            ],
            [
                5820.956800966928,
                147.221431016922
            ],
            [
                5862.988336759672,
                147.61400318145752
            ],
            [
                5883.35589692556,
                280.2434320449829
            ],
            [
                5891.071152330952,
                283.14189100265503
            ],
            [
                5893.4920471577725,
                312.11813712120056
            ],
            [
                5899.483846369373,
                342.9459240436554
            ],
            [
                5926.843424627125,
                408.08853816986084
            ],
            [
                5926.946689416356,
                411.49989795684814
            ],
            [
                5936.5417904331625,
