{"input parameters": ["9", "0", "700", "X", "700_700", "no_Lagrangian"], "instance": {"facilities": 700, "customers": 700}, "times": {"total_time in s": 3710.63, "initialisation_time in s": 1653.1, "node_selection_time in s": 0.03, "implied_demands_time in s": 1385.59, "bounds_time in s": 35.56, "variable_selection in s": 462.63, "greedy_heuristics_time in s": 164.09, "other_time in s": 9.63}, "nodes": {"total": 19, "pruned": 0, "infeasible": 0, "finished": 0}, "solution": {"LB": 12723.0454, "UB": 21759.7288, "gap in %": 41.53, "incumbent": [5, 27, 31, 37, 56, 89, 98, 104, 120, 136, 139, 141, 144, 146, 158, 167, 173, 196, 206, 237, 239, 249, 268, 277, 292, 299, 303, 307, 324, 326, 341, 363, 368, 369, 371, 381, 398, 402, 416, 421, 457, 468, 491, 505, 510, 538, 539, 540, 563, 574, 575, 583, 601, 602, 617, 628, 643, 647, 659, 669, 675, 698], "memory in MB": 1089.84}, "bounds": {"lower_bounds": [[12586.647, 1653.1], [12586.967, 1906.27, "combined_combinatorial"], [12587.087, 2033.53, "combined_combinatorial"], [12587.523, 2159.8, "combined_combinatorial"], [12591.176, 2283.68, "combined_combinatorial"], [12611.529, 2405.51, "combined_combinatorial"], [12612.785827044854, 2523.6, "combined_combinatorial"], [12629.650382002532, 2641.34, "combined_combinatorial"], [12658.657382002531, 2758.23, "combined_combinatorial"], [12675.62923000117, 2875.46, "combined_combinatorial"], [12694.559201002532, 2993.71, "combined_combinatorial"], [12695.110851601019, 3111.96, "combined_combinatorial"], [12695.21185160102, 3229.98, "combined_combinatorial"], [12710.275, 3349.08, "combined_combinatorial"], [12717.200436174951, 3473.89, "combined_combinatorial"], [12723.04543617495, 3597.57, "combined_combinatorial"]], "upper_bounds": [[22805.42072386523, 1653.1]]}}