{
    "input parameters": [
        "9",
        "0",
        "700",
        "X",
        "700_700",
        "preprocessing"
    ],
    "instance": {
        "facilities": 700,
        "customers": 700
    },
    "times": {
        "total_time in s": 3600.02,
        "model_building_time in s": 1478.19,
        "model_solving_time in s": 2121.84
    },
    "nodes": {
        "total": 277.0
    },
    "solution": {
        "LB": 14939.6887,
        "UB": 20319.4423,
        "gap in %": 0.26,
        "incumbent": [
            5,
            10,
            27,
            31,
            36,
            70,
            89,
            98,
            104,
            120,
            129,
            135,
            136,
            139,
            141,
            144,
            146,
            148,
            158,
            195,
            196,
            239,
            249,
            258,
            268,
            277,
            292,
            293,
            299,
            326,
            331,
            336,
            341,
            363,
            369,
            381,
            395,
            398,
            402,
            409,
            416,
            435,
            470,
            477,
            500,
            505,
            518,
            533,
            539,
            540,
            563,
            564,
            574,
            575,
            582,
            583,
            601,
            617,
            628,
            640,
            643,
            647,
            650,
            659,
            669,
            675,
            698
        ],
        "memory in MB": 2838.94
    },
    "bounds": {
        "lower_bounds": [
            [
                0.0,
                33.29166889190674
            ],
            [
                14489.574309047188,
                167.89068698883057
            ],
            [
                14507.89225786319,
                308.92105293273926
            ],
            [
                14579.200146465164,
                535.2420489788055
            ],
            [
                14582.210466382452,
                546.2310349941254
            ],
            [
                14582.800498328173,
                548.1993210315704
            ],
            [
                14582.975808407065,
                549.1185200214386
            ],
            [
                14696.998561785495,
                624.3398549556732
            ],
            [
                14700.778790284532,
                638.8257069587708
            ],
            [
                14701.438533475093,
                640.2310569286346
            ],
            [
                14701.739817949292,
                641.1484138965607
            ],
            [
                14701.745435627357,
                641.520555973053
            ],
            [
                14749.605921325987,
                681.7742309570312
            ],
            [
                14756.313768900487,
                692.9837958812714
            ],
            [
                14757.722705963944,
                700.7599589824677
            ],
            [
                14757.976536842765,
                701.705815076828
            ],
            [
                14758.026875640122,
                702.3041129112244
            ],
            [
                14758.0294781022,
                702.7430629730225
            ],
            [
                14785.494278823688,
                729.470654964447
            ],
            [
                14790.441611537226,
                772.5180280208588
            ],
            [
                14791.075829528887,
                775.3568460941315
            ],
            [
                14791.30266461523,
                776.8921699523926
            ],
            [
                14791.351391354025,
                777.91357588768
            ],
            [
                14791.356999039832,
                778.3713510036469
            ],
            [
                14803.191971087756,
                795.8027060031891
            ],
            [
                14805.546825794048,
                804.0925080776215
            ],
            [
                14806.197179575212,
                806.3822379112244
            ],
            [
                14806.246685289409,
                807.2226340770721
            ],
            [
                14806.25893850078,
                807.8132410049438
            ],
            [
                14811.999377995146,
                818.6699249744415
            ],
            [
                14813.668920709179,
                824.820319890976
            ],
            [
                14813.93538528703,
                827.0017280578613
            ],
            [
                14814.048855202002,
                828.4635560512543
            ],
            [
                14814.143348925798,
                830.3341159820557
            ],
            [
                14814.153723688692,
                830.9821848869324
            ],
            [
                14819.660322387248,
                838.6471700668335
            ],
            [
                14820.54749417692,
                843.8834180831909
            ],
            [
                14820.850925400253,
                845.8708920478821
            ],
            [
                14821.021757314977,
                847.1557009220123
            ],
            [
                14821.034799406147,
                847.7558109760284
            ],
            [
                14822.501780264653,
                854.3558180332184
            ],
            [
                14822.861221654164,
                857.7312779426575
            ],
            [
                14822.908825678931,
                858.738646030426
            ],
            [
                14822.9160501924,
                859.2524509429932
            ],
            [
                14823.41173935434,
                863.6133539676666
            ],
            [
                14823.505464652348,
                867.5544810295105
            ],
            [
                14823.518053537558,
                868.2941799163818
            ],
            [
                14823.66561407135,
                871.7077460289001
            ],
            [
                14823.691849236464,
                872.8725950717926
            ],
            [
                14824.162149676537,
                876.868264913559
            ],
            [
                14824.185065130578,
                880.2446210384369
            ],
            [
                14824.622097944251,
                884.2992379665375
            ],
            [
                14824.6675875676,
                886.5582759380341
            ],
            [
                14825.306755977714,
                890.8849918842316
            ],
            [
                14825.340818473445,
                894.1605179309845
            ],
            [
                14826.361137757973,
                899.0006260871887
            ],
            [
                14826.456348490785,
                900.9001469612122
            ],
            [
                14826.457981455316,
                901.3327240943909
            ],
            [
                14826.652373633535,
                904.5059320926666
            ],
            [
                14826.659489374419,
                907.8940019607544
            ],
            [
                14826.835840322554,
                911.3805620670319
            ],
            [
                14826.906725662504,
                911.5688230991364
            ],
            [
                14929.060532823349,
                1040.6481349468231
            ],
            [
                14932.10402529033,
