{"input parameters": ["9", "0", "1000", "X", "1000_1000", "no_Lagrangian"], "instance": {"facilities": 1000, "customers": 1000}, "times": {"total_time in s": 86569.66, "initialisation_time in s": 7845.92, "node_selection_time in s": 1.11, "implied_demands_time in s": 49860.25, "bounds_time in s": 1075.09, "variable_selection in s": 20682.21, "greedy_heuristics_time in s": 6813.35, "other_time in s": 291.74}, "nodes": {"total": 218, "pruned": 0, "infeasible": 0, "finished": 0}, "solution": {"LB": 16684.5664, "UB": 28344.9465, "gap in %": 41.14, "incumbent": [1, 21, 43, 47, 50, 58, 60, 128, 177, 178, 179, 187, 198, 228, 230, 249, 250, 251, 257, 258, 301, 308, 322, 325, 326, 333, 354, 362, 365, 376, 387, 392, 393, 406, 419, 424, 426, 436, 451, 472, 484, 540, 542, 547, 568, 578, 581, 587, 620, 623, 629, 641, 651, 653, 675, 684, 692, 700, 716, 722, 733, 746, 747, 753, 755, 761, 766, 772, 797, 803, 806, 811, 823, 824, 825, 873, 874, 881, 907, 915, 929, 930, 937, 938, 943, 961, 966, 969], "memory in MB": 14763.26}, "bounds": {"lower_bounds": [[16336.037, 7845.92], [16336.437, 8691.87, "combined_combinatorial"], [16341.581574334987, 9110.26, "combined_combinatorial"], [16357.018574334987, 9524.72, "combined_combinatorial"], [16380.970500308258, 9934.05, "combined_combinatorial"], [16382.325773, 10357.95, "combined_combinatorial"], [16393.783865011857, 10764.39, "combined_combinatorial"], [16405.5185620105, 11168.57, "combined_combinatorial"], [16418.658, 11600.4, "combined_combinatorial"], [16420.026, 12870.25, "combined_combinatorial"], [16422.115675449535, 12956.85, "combined_combinatorial"], [16442.04461262854, 13363.1, "combined_combinatorial"], [16442.46561262854, 14620.64, "combined_combinatorial"], [16442.83361262854, 15032.24, "combined_combinatorial"], [16443.81661262854, 15880.87, "combined_combinatorial"], [16452.284, 16304.55, "combined_combinatorial"], [16453.19061262854, 16727.58, "combined_combinatorial"], [16464.13734733499, 17563.34, "combined_combinatorial"], [16478.245270734064, 18150.49, "combined_combinatorial"], [16479.845270734066, 18738.81, "combined_combinatorial"], [16485.009368406594, 19406.11, "combined_combinatorial"], [16487.420270734066, 19759.47, "combined_combinatorial"], [16487.512733110194, 20193.52, "combined_combinatorial"], [16488.36243010884, 20620.31, "combined_combinatorial"], [16489.252430108838, 21042.12, "combined_combinatorial"], [16495.955154926385, 21413.56, "combined_combinatorial"], [16504.579134468273, 22201.27, "combined_combinatorial"], [16508.170985830962, 22566.68, "combined_combinatorial"], [16509.073507670695, 23687.64, "combined_combinatorial"], [16509.076507670696, 24241.23, "combined_combinatorial"], [16509.121507670698, 25906.18, "combined_combinatorial"], [16510.344204442245, 28122.67, "combined_combinatorial"], [16510.35932055975, 28824.34, "combined_combinatorial"], [16510.362320559747, 29420.07, "combined_combinatorial"], [16510.40732055975, 31179.53, "combined_combinatorial"], [16525.39120791307, 33222.09, "combined_combinatorial"], [16559.152367287843, 35114.39, "combined_combinatorial"], [16566.930616361085, 35927.13, "combined_combinatorial"], [16575.701511354993, 36335.07, "combined_combinatorial"], [16578.56471733499, 36758.26, "combined_combinatorial"], [16583.770511354993, 37170.61, "combined_combinatorial"], [16583.81551135499, 40584.51, "combined_combinatorial"], [16588.962813930608, 43587.19, "combined_combinatorial"], [16590.61443010884, 44007.33, "combined_combinatorial"], [16595.110480726875, 44468.81, "combined_combinatorial"], [16595.531480726877, 45382.64, "combined_combinatorial"], [16595.899480726875, 45828.67, "combined_combinatorial"], [16596.882480726876, 46740.45, "combined_combinatorial"], [16597.91571733499, 47213.01, "combined_combinatorial"], [16606.256480726875, 47663.77, "combined_combinatorial"], [16607.51544469591, 48580.83, "combined_combinatorial"], [16608.42344469591, 49035.21, "combined_combinatorial"], [16613.67061262854, 49477.68, "combined_combinatorial"], [16617.711728746042, 49911.31, "combined_combinatorial"], [16620.491113668937, 50786.66, "combined_combinatorial"], [16622.37064330826, 51680.79, "combined_combinatorial"], [16622.989798720013, 52112.0, "combined_combinatorial"], [16623.017830642755, 52542.15, "combined_combinatorial"], [16623.669138832403, 52996.79, "combined_combinatorial"], [16630.51911366894, 53437.24, "combined_combinatorial"], [16631.311138832403, 53891.15, "combined_combinatorial"], [16632.9111388324, 54348.75, "combined_combinatorial"], [16635.055048040842, 55209.77, "combined_combinatorial"], [16635.249008011855, 56071.96, "combined_combinatorial"], [16636.338860929896, 56472.9, "combined_combinatorial"], [16640.012697670696, 57331.65, "combined_combinatorial"], [16640.486138832403, 57816.22, "combined_combinatorial"], [16641.25376862854, 58293.87, "combined_combinatorial"], [16641.261510559747, 58737.18, "combined_combinatorial"], [16643.829881063226, 59234.53, "combined_combinatorial"], [16647.024705010503, 59710.92, "combined_combinatorial"], [16649.02102302472, 60187.5, "combined_combinatorial"], [16650.9356976707, 60833.79, "combined_combinatorial"], [16652.188510559747, 61143.99, "combined_combinatorial"], [16655.492143, 61486.37, "combined_combinatorial"], [16657.64500256661, 61810.59, "combined_combinatorial"], [16659.171143, 62149.84, "combined_combinatorial"], [16659.569048040845, 63124.14, "combined_combinatorial"], [16660.539143, 63456.29, "combined_combinatorial"], [16660.853860929896, 63745.02, "combined_combinatorial"], [16661.2368539293, 64062.36, "combined_combinatorial"], [16662.139375769035, 65313.45, "combined_combinatorial"], [16662.142375769035, 65930.08, "combined_combinatorial"], [16662.187375769034, 67935.52, "combined_combinatorial"], [16663.41007254058, 70208.11, "combined_combinatorial"], [16663.425188658086, 70881.93, "combined_combinatorial"], [16663.428188658083, 71550.16, "combined_combinatorial"], [16663.473188658085, 73534.07, "combined_combinatorial"], [16663.695818449534, 75562.46, "combined_combinatorial"], [16665.022507670696, 75887.58, "combined_combinatorial"], [16666.312320559748, 76206.08, "combined_combinatorial"], [16669.83741877034, 76540.08, "combined_combinatorial"], [16673.369048040844, 76838.9, "combined_combinatorial"], [16673.372400032666, 77143.43, "combined_combinatorial"], [16674.654860929895, 77446.41, "combined_combinatorial"], [16674.658212921717, 77739.19, "combined_combinatorial"], [16676.355400032666, 78037.51, "combined_combinatorial"], [16677.641212921713, 78932.69, "combined_combinatorial"], [16678.457076011407, 79878.58, "combined_combinatorial"], [16679.203238040845, 81546.74, "combined_combinatorial"], [16680.456050929894, 81870.5, "combined_combinatorial"], [16682.030635508672, 82207.69, "combined_combinatorial"], [16682.045751626174, 82527.0, "combined_combinatorial"], [16682.048751626175, 83205.17, "combined_combinatorial"], [16683.656755628537, 83552.86, "combined_combinatorial"], [16684.07775562854, 84589.39, "combined_combinatorial"], [16684.43675562854, 84926.6, "combined_combinatorial"], [16684.566400032665, 85578.87, "combined_combinatorial"]], "upper_bounds": [[28551.356498267018, 7845.92]]}}