{
    "input parameters": [
        "9",
        "0",
        "500",
        "X",
        "500_500",
        "preprocessing"
    ],
    "instance": {
        "facilities": 500,
        "customers": 500
    },
    "times": {
        "total_time in s": 3600.58,
        "model_building_time in s": 478.22,
        "model_solving_time in s": 3122.36
    },
    "nodes": {
        "total": 587.0
    },
    "solution": {
        "LB": 9288.0783,
        "UB": 12029.4642,
        "gap in %": 0.23,
        "incumbent": [
            9,
            10,
            40,
            43,
            49,
            69,
            70,
            82,
            86,
            109,
            113,
            117,
            125,
            179,
            180,
            196,
            197,
            198,
            213,
            226,
            228,
            247,
            257,
            270,
            274,
            281,
            338,
            346,
            350,
            353,
            357,
            388,
            400,
            409,
            418,
            432,
            448,
            451,
            452,
            471,
            481,
            484
        ],
        "memory in MB": 2351.4
    },
    "bounds": {
        "lower_bounds": [
            [
                0.0,
                20.680555820465088
            ],
            [
                8927.611658478436,
                96.88256883621216
            ],
            [
                9031.720600736655,
                200.44638180732727
            ],
            [
                9033.652351115334,
                203.08229994773865
            ],
            [
                9060.655638960312,
                486.6986289024353
            ],
            [
                9064.655805634608,
                494.55083990097046
            ],
            [
                9065.36633021622,
                496.29166293144226
            ],
            [
                9065.394428742986,
                496.8841760158539
            ],
            [
                9065.398425379257,
                497.1658148765564
            ],
            [
                9123.403399193536,
                535.9892017841339
            ],
            [
                9129.432522116174,
                550.0872428417206
            ],
            [
                9130.284007468637,
                551.9794659614563
            ],
            [
                9130.967115430312,
                553.1247580051422
            ],
            [
                9130.969040275279,
                553.5712859630585
            ],
            [
                9160.157825065617,
                571.9914169311523
            ],
            [
                9165.98626291504,
                579.0129289627075
            ],
            [
                9167.153752893317,
                581.2779138088226
            ],
            [
                9167.392809320438,
                582.5160768032074
            ],
            [
                9167.545416667397,
                583.2644619941711
            ],
            [
                9167.77128888058,
                584.0280418395996
            ],
            [
                9167.88800430991,
                584.6754648685455
            ],
            [
                9167.898103359903,
                584.9649169445038
            ],
            [
                9183.315964053723,
                596.6741077899933
            ],
            [
                9186.13435316055,
                609.2664079666138
            ],
            [
                9186.645510362565,
                610.2865459918976
            ],
            [
                9186.869368635436,
                611.0848038196564
            ],
            [
                9187.004096431869,
                611.5918998718262
            ],
            [
                9187.017610990106,
                611.9552159309387
            ],
            [
                9193.448744430307,
                619.2222599983215
            ],
            [
                9195.195491374821,
                626.1997809410095
            ],
            [
                9195.551614845066,
                627.1412868499756
            ],
            [
                9195.71186990679,
                627.8033039569855
            ],
            [
                9195.800884335511,
                628.3127419948578
            ],
            [
                9195.837781989165,
                628.686066865921
            ],
            [
                9195.839202881069,
                628.9984638690948
            ],
            [
                9198.138801475676,
                634.9519219398499
            ],
            [
                9198.671193170758,
                637.2249310016632
            ],
            [
                9198.742627197318,
                637.9111588001251
            ],
            [
                9198.787590176278,
                638.5179200172424
            ],
            [
                9198.80057921814,
                639.0891668796539
            ],
            [
                9200.888587428868,
                643.3113498687744
            ],
            [
                9201.33342906875,
                647.8459827899933
            ],
            [
                9201.341294812653,
                648.1610379219055
            ],
            [
                9202.700247911154,
                653.2489998340607
            ],
            [
                9203.00982657625,
                658.5550608634949
            ],
            [
                9203.052081333142,
                659.3217878341675
            ],
            [
                9203.101475909676,
                659.948933839798
            ],
            [
                9203.106476076005,
                660.37890791893
            ],
            [
                9203.957235633527,
                664.084764957428
            ],
            [
                9204.526820043618,
                666.9276168346405
            ],
            [
                9204.597081226804,
                667.8165888786316
            ],
            [
                9204.67864552563,
                668.4173150062561
            ],
            [
                9204.70302774457,
                668.8845829963684
            ],
            [
                9205.354770331243,
                671.9758338928223
            ],
            [
                9205.424141801393,
                676.7121748924255
            ],
            [
                9205.433423855644,
                677.0549068450928
            ],
            [
                9205.555156629425,
                679.7186689376831
            ],
            [
                9205.589767816295,
                682.6659579277039
            ],
            [
                9205.771682707455,
                685.2260718345642
            ],
            [
                9205.77501771767,
                686.4208929538727
            ],
            [
                9206.752339469118,
                689.3414418697357
            ],
            [
                9206.779954927812,
                691.8472828865051
            ],
            [
                9206.84459528224,
                701.3811368942261
            ],
            [
                9206.87198288789,
                702.750983953476
            ],
            [
                9207.283621767718,
                705.418135881424
            ],
            [
                9207.330246409196,
                708.094605922699
            ],
            [
                9207.33392452274,
                708.5260438919067
            ],
            [
                9207.381037527248,
                710.9927289485931
            ],
            [
                9207.400137878656,
