{
    "input parameters": [
        "9",
        "1",
        "500",
        "X",
        "500_500",
        "preprocessing"
    ],
    "instance": {
        "facilities": 500,
        "customers": 500
    },
    "times": {
        "total_time in s": 3600.19,
        "model_building_time in s": 569.68,
        "model_solving_time in s": 3030.51
    },
    "nodes": {
        "total": 1.0
    },
    "solution": {
        "LB": 9769.8828,
        "UB": 14033.2859,
        "gap in %": 0.3,
        "incumbent": [
            9,
            10,
            25,
            43,
            49,
            67,
            109,
            117,
            125,
            168,
            171,
            180,
            185,
            197,
            198,
            200,
            226,
            230,
            252,
            256,
            257,
            270,
            274,
            275,
            281,
            284,
            346,
            348,
            350,
            357,
            378,
            379,
            412,
            420,
            443,
            448,
            451,
            452,
            484,
            490
        ],
        "memory in MB": 6747.97
    },
    "bounds": {
        "lower_bounds": [
            [
                0.0,
                285.2714240550995
            ],
            [
                9765.745695618494,
                1224.1588740348816
            ],
            [
                9769.88281565836,
                2150.645616054535
            ]
        ],
        "upper_bounds": [
            [
                101191.30524000002,
                295.808100938797
            ],
            [
                16439.844455000002,
                1224.967483997345
            ],
            [
                14361.960179000002,
                1344.5622329711914
            ],
            [
                14033.285871,
                1387.6343009471893
            ]
        ]
    }
}