{"input parameters": ["9", "1", "300", "X", "300_300", "no_Lagrangian"], "instance": {"facilities": 300, "customers": 300}, "times": {"total_time in s": 3618.54, "initialisation_time in s": 59.15, "node_selection_time in s": 0.06, "implied_demands_time in s": 2632.97, "bounds_time in s": 149.19, "variable_selection in s": 566.47, "greedy_heuristics_time in s": 200.14, "other_time in s": 10.55}, "nodes": {"total": 102, "pruned": 0, "infeasible": 0, "finished": 0}, "solution": {"LB": 5030.1217, "UB": 8274.7452, "gap in %": 39.21, "incumbent": [7, 8, 13, 23, 27, 28, 32, 43, 64, 97, 109, 122, 158, 165, 171, 180, 187, 214, 222, 262, 269, 270, 272, 277, 290], "memory in MB": 614.42}, "bounds": {"lower_bounds": [[4899.892, 59.15], [4900.109, 159.67, "combined_combinatorial"], [4900.786, 258.95, "combined_combinatorial"], [4900.809, 356.99, "combined_combinatorial"], [4906.191, 405.51, "combined_combinatorial"], [4906.749, 453.82, "combined_combinatorial"], [4937.802, 502.96, "combined_combinatorial"], [4938.822, 597.75, "combined_combinatorial"], [4940.754, 692.48, "combined_combinatorial"], [4940.817, 739.18, "combined_combinatorial"], [4940.822, 1013.03, "combined_combinatorial"], [4941.399, 1100.6, "combined_combinatorial"], [4941.458, 1231.12, "combined_combinatorial"], [4941.486, 1316.68, "combined_combinatorial"], [4944.225, 1442.37, "combined_combinatorial"], [4944.422, 1803.14, "combined_combinatorial"], [4944.999, 1841.07, "combined_combinatorial"], [4945.631, 1878.58, "combined_combinatorial"], [4945.635, 1952.92, "combined_combinatorial"], [4975.999, 1989.92, "combined_combinatorial"], [4976.891, 2025.75, "combined_combinatorial"], [4977.051, 2097.34, "combined_combinatorial"], [4979.188, 2238.02, "combined_combinatorial"], [4979.277, 2306.0, "combined_combinatorial"], [4979.416, 2406.87, "combined_combinatorial"], [4979.417, 2440.02, "combined_combinatorial"], [4979.915, 2601.89, "combined_combinatorial"], [5011.924, 2633.66, "combined_combinatorial"], [5013.423263000001, 2661.45, "combined_combinatorial"], [5013.493263, 2742.77, "combined_combinatorial"], [5023.449263, 2875.67, "combined_combinatorial"], [5025.899742, 3058.35, "combined_combinatorial"], [5027.231742, 3308.05, "combined_combinatorial"], [5027.2967419999995, 3440.67, "combined_combinatorial"], [5030.0467419999995, 3466.21, "combined_combinatorial"], [5030.121742, 3492.31, "combined_combinatorial"]], "upper_bounds": [[8607.563871999999, 59.15]]}}