{
    "input parameters": [
        "9",
        "1",
        "300",
        "X",
        "300_300",
        "preprocessing"
    ],
    "instance": {
        "facilities": 300,
        "customers": 300
    },
    "times": {
        "total_time in s": 3600.05,
        "model_building_time in s": 57.42,
        "model_solving_time in s": 3542.62
    },
    "nodes": {
        "total": 559.0
    },
    "solution": {
        "LB": 6308.1151,
        "UB": 8239.7886,
        "gap in %": 0.23,
        "incumbent": [
            6,
            7,
            8,
            13,
            23,
            27,
            28,
            32,
            43,
            47,
            97,
            109,
            131,
            158,
            165,
            171,
            187,
            203,
            214,
            225,
            262,
            269,
            270,
            272,
            277
        ],
        "memory in MB": 2569.33
    },
    "bounds": {
        "lower_bounds": [
            [
                0.0,
                52.906750202178955
            ],
            [
                6092.019273662701,
                156.87127900123596
            ],
            [
                6092.370996664658,
                166.97724509239197
            ],
            [
                6092.396555428688,
                174.80508303642273
            ],
            [
                6092.851117320523,
                175.84647703170776
            ],
            [
                6092.943139500087,
                183.63714218139648
            ],
            [
                6093.068672908209,
                184.08430814743042
            ],
            [
                6093.084922866672,
                185.3968150615692
            ],
            [
                6093.248030936563,
                186.2234241962433
            ],
            [
                6093.423358474464,
                193.73201704025269
            ],
            [
                6093.428927635374,
                194.52002120018005
            ],
            [
                6093.508858234235,
                195.06499218940735
            ],
            [
                6093.557950352734,
                199.42830204963684
            ],
            [
                6093.565718216951,
                230.37192702293396
            ],
            [
                6160.382906507308,
                289.07739996910095
            ],
            [
                6160.39465191192,
                311.3730971813202
            ],
            [
                6189.5159306820315,
                317.98404812812805
            ],
            [
                6189.639583829736,
                335.1688780784607
            ],
            [
                6202.532670651899,
                350.3949542045593
            ],
            [
                6203.39831534104,
                366.9816200733185
            ],
            [
                6255.2482485099845,
                378.25691318511963
            ],
            [
                6277.619967203961,
                419.1793999671936
            ],
            [
                6277.651676297863,
                1380.2714581489563
            ],
            [
                6294.580885684242,
                1870.9369859695435
            ],
            [
                6294.827072025986,
                2515.509364128113
            ],
            [
                6308.115071679798,
                3467.0077290534973
            ]
        ],
        "upper_bounds": [
            [
                108870.65639,
                53.280861139297485
            ],
            [
                90224.49600099999,
                157.43658304214478
            ],
            [
                88713.562302,
                157.68848609924316
            ],
            [
                75305.667946,
                168.0063500404358
            ],
            [
                73684.533777,
                175.9245481491089
            ],
            [
                70490.228976,
                176.69282007217407
            ],
            [
                13646.242498,
                185.3750171661377
            ],
            [
                13342.527676999998,
                230.07947707176208
            ],
            [
                13146.931278,
                230.3592791557312
            ],
            [
                12943.647064,
                231.14484119415283
            ],
            [
                12623.754151999998,
                625.8020529747009
            ],
            [
                11839.110411999998,
                630.753457069397
            ],
            [
                11326.587073,
                872.874382019043
            ],
            [
                10910.728287,
                978.480278968811
            ],
            [
                10747.431347,
                1144.2240300178528
            ],
            [
                8681.962139,
                1250.3563511371613
            ],
            [
                8623.413557,
                1368.7260611057281
            ],
            [
                8375.880917,
                1503.4680571556091
            ],
            [
                8257.330805999998,
                1797.1955561637878
            ],
            [
                8239.788583000001,
                2004.7438371181488
            ]
        ]
    }
}