{
    "input parameters": [
        "9",
        "1",
        "300",
        "X",
        "300_300",
        "no_preprocessing"
    ],
    "instance": {
        "facilities": 300,
        "customers": 300
    },
    "times": {
        "total_time in s": 3600.15,
        "model_building_time in s": 18.03,
        "model_solving_time in s": 3582.12
    },
    "nodes": {
        "total": 156.0
    },
    "solution": {
        "LB": 6299.9237,
        "UB": 8030.5517,
        "gap in %": 0.22,
        "incumbent": [
            7,
            8,
            13,
            23,
            27,
            28,
            32,
            43,
            47,
            64,
            97,
            109,
            131,
            158,
            171,
            187,
            203,
            214,
            222,
            262,
            269,
            272,
            277
        ],
        "memory in MB": 3751.45
    },
    "bounds": {
        "lower_bounds": [
            [
                0.0,
                91.77479100227356
            ],
            [
                6090.115948805158,
                300.01203894615173
            ],
            [
                6090.967724850738,
                543.060436964035
            ],
            [
                6091.481214572595,
                788.2635819911957
            ],
            [
                6091.952882967396,
                960.1278388500214
            ],
            [
                6092.001575402385,
                1016.7647368907928
            ],
            [
                6092.039017773534,
                1017.778294801712
            ],
            [
                6092.0474953577095,
                1268.9144217967987
            ],
            [
                6131.706494280433,
                1330.0005757808685
            ],
            [
                6194.413447137696,
                1442.1395478248596
            ],
            [
                6194.43165286209,
                1463.567349910736
            ],
            [
                6230.932660166204,
                1500.7264218330383
            ],
            [
                6230.988486747501,
                1548.723133802414
            ],
            [
                6293.019190535664,
                1555.2832629680634
            ],
            [
                6293.601585921504,
                1604.6675097942352
            ],
            [
                6299.884524116223,
                1623.684949874878
            ],
            [
                6299.923684566194,
                1720.6652100086212
            ]
        ],
        "upper_bounds": [
            [
                62289.437325,
                95.1890377998352
            ],
            [
                10916.277924999999,
                300.3848958015442
            ],
            [
                10377.953025,
                313.23545384407043
            ],
            [
                9128.874866,
                313.7751679420471
            ],
            [
                9088.696711,
                320.9182548522949
            ],
            [
                8914.61168,
                700.6066110134125
            ],
            [
                8481.595454,
                806.2080409526825
            ],
            [
                8465.745411,
                1092.0719788074493
            ],
            [
                8259.763187,
                2396.979271888733
            ],
            [
                8030.551699,
                2711.7921919822693
            ]
        ]
    }
}